2025-09-27 23:41:41,555 - httpx - INFO - HTTP Request: POST https://api.telegram.org/bot7481731907:AAGA8Rmu3eC5QUyhUcl4DuaVaH08qA9O4sE/getMe "HTTP/1.1 200 OK"
2025-09-27 23:41:42,191 - httpx - INFO - HTTP Request: POST https://api.telegram.org/bot7481731907:AAGA8Rmu3eC5QUyhUcl4DuaVaH08qA9O4sE/sendMessage "HTTP/1.1 200 OK"
2025-09-27 23:41:42,576 - httpx - INFO - HTTP Request: POST https://api.telegram.org/bot7481731907:AAGA8Rmu3eC5QUyhUcl4DuaVaH08qA9O4sE/deleteWebhook "HTTP/1.1 200 OK"
2025-09-27 23:41:42,578 - telegram.ext.Application - INFO - Application started
2025-09-27 23:41:48,471 - httpx - INFO - HTTP Request: POST https://api.telegram.org/bot7481731907:AAGA8Rmu3eC5QUyhUcl4DuaVaH08qA9O4sE/getUpdates "HTTP/1.1 409 Conflict"
2025-09-27 23:41:48,477 - telegram.ext.Updater - ERROR - Error while getting Updates: Conflict: terminated by other getUpdates request; make sure that only one bot instance is running
2025-09-27 23:41:48,478 - __main__ - ERROR - Exception while handling an update:
Traceback (most recent call last):
  File "C:\Users\Lenovo\AppData\Local\Packages\PythonSoftwareFoundation.Python.3.13_qbz5n2kfra8p0\LocalCache\local-packages\Python313\site-packages\telegram\ext\_updater.py", line 607, in _network_loop_retry
    if not await action_cb():
           ^^^^^^^^^^^^^^^^^
  File "C:\Users\Lenovo\AppData\Local\Packages\PythonSoftwareFoundation.Python.3.13_qbz5n2kfra8p0\LocalCache\local-packages\Python313\site-packages\telegram\ext\_updater.py", line 335, in polling_action_cb
    raise exc
  File "C:\Users\Lenovo\AppData\Local\Packages\PythonSoftwareFoundation.Python.3.13_qbz5n2kfra8p0\LocalCache\local-packages\Python313\site-packages\telegram\ext\_updater.py", line 320, in polling_action_cb
    updates = await self.bot.get_updates(
              ^^^^^^^^^^^^^^^^^^^^^^^^^^^
    ...<7 lines>...
    )
    ^
  File "C:\Users\Lenovo\AppData\Local\Packages\PythonSoftwareFoundation.Python.3.13_qbz5n2kfra8p0\LocalCache\local-packages\Python313\site-packages\telegram\ext\_extbot.py", line 543, in get_updates
    updates = await super().get_updates(
              ^^^^^^^^^^^^^^^^^^^^^^^^^^
    ...<9 lines>...
    )
    ^
  File "C:\Users\Lenovo\AppData\Local\Packages\PythonSoftwareFoundation.Python.3.13_qbz5n2kfra8p0\LocalCache\local-packages\Python313\site-packages\telegram\_bot.py", line 381, in decorator
    result = await func(self, *args, **kwargs)  # skipcq: PYL-E1102
             ^^^^^^^^^^^^^^^^^^^^^^^^^^^^^^^^^
  File "C:\Users\Lenovo\AppData\Local\Packages\PythonSoftwareFoundation.Python.3.13_qbz5n2kfra8p0\LocalCache\local-packages\Python313\site-packages\telegram\_bot.py", line 3661, in get_updates
    await self._post(
    ^^^^^^^^^^^^^^^^^
    ...<7 lines>...
    ),
    ^
  File "C:\Users\Lenovo\AppData\Local\Packages\PythonSoftwareFoundation.Python.3.13_qbz5n2kfra8p0\LocalCache\local-packages\Python313\site-packages\telegram\_bot.py", line 469, in _post
    return await self._do_post(
           ^^^^^^^^^^^^^^^^^^^^
    ...<6 lines>...
    )
    ^
  File "C:\Users\Lenovo\AppData\Local\Packages\PythonSoftwareFoundation.Python.3.13_qbz5n2kfra8p0\LocalCache\local-packages\Python313\site-packages\telegram\ext\_extbot.py", line 325, in _do_post
    return await super()._do_post(
           ^^^^^^^^^^^^^^^^^^^^^^^
    ...<6 lines>...
    )
    ^
  File "C:\Users\Lenovo\AppData\Local\Packages\PythonSoftwareFoundation.Python.3.13_qbz5n2kfra8p0\LocalCache\local-packages\Python313\site-packages\telegram\_bot.py", line 497, in _do_post
    return await request.post(
           ^^^^^^^^^^^^^^^^^^^
    ...<6 lines>...
    )
    ^
  File "C:\Users\Lenovo\AppData\Local\Packages\PythonSoftwareFoundation.Python.3.13_qbz5n2kfra8p0\LocalCache\local-packages\Python313\site-packages\telegram\request\_baserequest.py", line 168, in post
    result = await self._request_wrapper(
             ^^^^^^^^^^^^^^^^^^^^^^^^^^^^
    ...<7 lines>...
    )
    ^
  File "C:\Users\Lenovo\AppData\Local\Packages\PythonSoftwareFoundation.Python.3.13_qbz5n2kfra8p0\LocalCache\local-packages\Python313\site-packages\telegram\request\_baserequest.py", line 330, in _request_wrapper
    raise Conflict(message)
telegram.error.Conflict: Conflict: terminated by other getUpdates request; make sure that only one bot instance is running
2025-09-27 23:41:48,490 - __main__ - ERROR - Update None caused error Conflict: terminated by other getUpdates request; make sure that only one bot instance is running
2025-09-27 23:41:55,991 - httpx - INFO - HTTP Request: POST https://api.telegram.org/bot7481731907:AAGA8Rmu3eC5QUyhUcl4DuaVaH08qA9O4sE/getUpdates "HTTP/1.1 409 Conflict"
2025-09-27 23:41:55,992 - telegram.ext.Updater - ERROR - Error while getting Updates: Conflict: terminated by other getUpdates request; make sure that only one bot instance is running
2025-09-27 23:41:55,993 - __main__ - ERROR - Exception while handling an update:
Traceback (most recent call last):
  File "C:\Users\Lenovo\AppData\Local\Packages\PythonSoftwareFoundation.Python.3.13_qbz5n2kfra8p0\LocalCache\local-packages\Python313\site-packages\telegram\ext\_updater.py", line 607, in _network_loop_retry
    if not await action_cb():
           ^^^^^^^^^^^^^^^^^
  File "C:\Users\Lenovo\AppData\Local\Packages\PythonSoftwareFoundation.Python.3.13_qbz5n2kfra8p0\LocalCache\local-packages\Python313\site-packages\telegram\ext\_updater.py", line 335, in polling_action_cb
    raise exc
  File "C:\Users\Lenovo\AppData\Local\Packages\PythonSoftwareFoundation.Python.3.13_qbz5n2kfra8p0\LocalCache\local-packages\Python313\site-packages\telegram\ext\_updater.py", line 320, in polling_action_cb
    updates = await self.bot.get_updates(
              ^^^^^^^^^^^^^^^^^^^^^^^^^^^
    ...<7 lines>...
    )
    ^
  File "C:\Users\Lenovo\AppData\Local\Packages\PythonSoftwareFoundation.Python.3.13_qbz5n2kfra8p0\LocalCache\local-packages\Python313\site-packages\telegram\ext\_extbot.py", line 543, in get_updates
    updates = await super().get_updates(
              ^^^^^^^^^^^^^^^^^^^^^^^^^^
    ...<9 lines>...
    )
    ^
  File "C:\Users\Lenovo\AppData\Local\Packages\PythonSoftwareFoundation.Python.3.13_qbz5n2kfra8p0\LocalCache\local-packages\Python313\site-packages\telegram\_bot.py", line 381, in decorator
    result = await func(self, *args, **kwargs)  # skipcq: PYL-E1102
             ^^^^^^^^^^^^^^^^^^^^^^^^^^^^^^^^^
  File "C:\Users\Lenovo\AppData\Local\Packages\PythonSoftwareFoundation.Python.3.13_qbz5n2kfra8p0\LocalCache\local-packages\Python313\site-packages\telegram\_bot.py", line 3661, in get_updates
    await self._post(
    ^^^^^^^^^^^^^^^^^
    ...<7 lines>...
    ),
    ^
  File "C:\Users\Lenovo\AppData\Local\Packages\PythonSoftwareFoundation.Python.3.13_qbz5n2kfra8p0\LocalCache\local-packages\Python313\site-packages\telegram\_bot.py", line 469, in _post
    return await self._do_post(
           ^^^^^^^^^^^^^^^^^^^^
    ...<6 lines>...
    )
    ^
  File "C:\Users\Lenovo\AppData\Local\Packages\PythonSoftwareFoundation.Python.3.13_qbz5n2kfra8p0\LocalCache\local-packages\Python313\site-packages\telegram\ext\_extbot.py", line 325, in _do_post
    return await super()._do_post(
           ^^^^^^^^^^^^^^^^^^^^^^^
    ...<6 lines>...
    )
    ^
  File "C:\Users\Lenovo\AppData\Local\Packages\PythonSoftwareFoundation.Python.3.13_qbz5n2kfra8p0\LocalCache\local-packages\Python313\site-packages\telegram\_bot.py", line 497, in _do_post
    return await request.post(
           ^^^^^^^^^^^^^^^^^^^
    ...<6 lines>...
    )
    ^
  File "C:\Users\Lenovo\AppData\Local\Packages\PythonSoftwareFoundation.Python.3.13_qbz5n2kfra8p0\LocalCache\local-packages\Python313\site-packages\telegram\request\_baserequest.py", line 168, in post
    result = await self._request_wrapper(
             ^^^^^^^^^^^^^^^^^^^^^^^^^^^^
    ...<7 lines>...
    )
    ^
  File "C:\Users\Lenovo\AppData\Local\Packages\PythonSoftwareFoundation.Python.3.13_qbz5n2kfra8p0\LocalCache\local-packages\Python313\site-packages\telegram\request\_baserequest.py", line 330, in _request_wrapper
    raise Conflict(message)
telegram.error.Conflict: Conflict: terminated by other getUpdates request; make sure that only one bot instance is running
2025-09-27 23:41:55,998 - __main__ - ERROR - Update None caused error Conflict: terminated by other getUpdates request; make sure that only one bot instance is running
2025-09-27 23:42:02,348 - httpx - INFO - HTTP Request: POST https://api.telegram.org/bot7481731907:AAGA8Rmu3eC5QUyhUcl4DuaVaH08qA9O4sE/getUpdates "HTTP/1.1 409 Conflict"
2025-09-27 23:42:02,349 - telegram.ext.Updater - ERROR - Error while getting Updates: Conflict: terminated by other getUpdates request; make sure that only one bot instance is running
2025-09-27 23:42:02,350 - __main__ - ERROR - Exception while handling an update:
Traceback (most recent call last):
  File "C:\Users\Lenovo\AppData\Local\Packages\PythonSoftwareFoundation.Python.3.13_qbz5n2kfra8p0\LocalCache\local-packages\Python313\site-packages\telegram\ext\_updater.py", line 607, in _network_loop_retry
    if not await action_cb():
           ^^^^^^^^^^^^^^^^^
  File "C:\Users\Lenovo\AppData\Local\Packages\PythonSoftwareFoundation.Python.3.13_qbz5n2kfra8p0\LocalCache\local-packages\Python313\site-packages\telegram\ext\_updater.py", line 335, in polling_action_cb
    raise exc
  File "C:\Users\Lenovo\AppData\Local\Packages\PythonSoftwareFoundation.Python.3.13_qbz5n2kfra8p0\LocalCache\local-packages\Python313\site-packages\telegram\ext\_updater.py", line 320, in polling_action_cb
    updates = await self.bot.get_updates(
              ^^^^^^^^^^^^^^^^^^^^^^^^^^^
    ...<7 lines>...
    )
    ^
  File "C:\Users\Lenovo\AppData\Local\Packages\PythonSoftwareFoundation.Python.3.13_qbz5n2kfra8p0\LocalCache\local-packages\Python313\site-packages\telegram\ext\_extbot.py", line 543, in get_updates
    updates = await super().get_updates(
              ^^^^^^^^^^^^^^^^^^^^^^^^^^
    ...<9 lines>...
    )
    ^
  File "C:\Users\Lenovo\AppData\Local\Packages\PythonSoftwareFoundation.Python.3.13_qbz5n2kfra8p0\LocalCache\local-packages\Python313\site-packages\telegram\_bot.py", line 381, in decorator
    result = await func(self, *args, **kwargs)  # skipcq: PYL-E1102
             ^^^^^^^^^^^^^^^^^^^^^^^^^^^^^^^^^
  File "C:\Users\Lenovo\AppData\Local\Packages\PythonSoftwareFoundation.Python.3.13_qbz5n2kfra8p0\LocalCache\local-packages\Python313\site-packages\telegram\_bot.py", line 3661, in get_updates
    await self._post(
    ^^^^^^^^^^^^^^^^^
    ...<7 lines>...
    ),
    ^
  File "C:\Users\Lenovo\AppData\Local\Packages\PythonSoftwareFoundation.Python.3.13_qbz5n2kfra8p0\LocalCache\local-packages\Python313\site-packages\telegram\_bot.py", line 469, in _post
    return await self._do_post(
           ^^^^^^^^^^^^^^^^^^^^
    ...<6 lines>...
    )
    ^
  File "C:\Users\Lenovo\AppData\Local\Packages\PythonSoftwareFoundation.Python.3.13_qbz5n2kfra8p0\LocalCache\local-packages\Python313\site-packages\telegram\ext\_extbot.py", line 325, in _do_post
    return await super()._do_post(
           ^^^^^^^^^^^^^^^^^^^^^^^
    ...<6 lines>...
    )
    ^
  File "C:\Users\Lenovo\AppData\Local\Packages\PythonSoftwareFoundation.Python.3.13_qbz5n2kfra8p0\LocalCache\local-packages\Python313\site-packages\telegram\_bot.py", line 497, in _do_post
    return await request.post(
           ^^^^^^^^^^^^^^^^^^^
    ...<6 lines>...
    )
    ^
  File "C:\Users\Lenovo\AppData\Local\Packages\PythonSoftwareFoundation.Python.3.13_qbz5n2kfra8p0\LocalCache\local-packages\Python313\site-packages\telegram\request\_baserequest.py", line 168, in post
    result = await self._request_wrapper(
             ^^^^^^^^^^^^^^^^^^^^^^^^^^^^
    ...<7 lines>...
    )
    ^
  File "C:\Users\Lenovo\AppData\Local\Packages\PythonSoftwareFoundation.Python.3.13_qbz5n2kfra8p0\LocalCache\local-packages\Python313\site-packages\telegram\request\_baserequest.py", line 330, in _request_wrapper
    raise Conflict(message)
telegram.error.Conflict: Conflict: terminated by other getUpdates request; make sure that only one bot instance is running
2025-09-27 23:42:02,355 - __main__ - ERROR - Update None caused error Conflict: terminated by other getUpdates request; make sure that only one bot instance is running
2025-09-27 23:42:12,209 - httpx - INFO - HTTP Request: POST https://api.telegram.org/bot7481731907:AAGA8Rmu3eC5QUyhUcl4DuaVaH08qA9O4sE/getUpdates "HTTP/1.1 409 Conflict"
2025-09-27 23:42:12,211 - telegram.ext.Updater - ERROR - Error while getting Updates: Conflict: terminated by other getUpdates request; make sure that only one bot instance is running
2025-09-27 23:42:12,212 - __main__ - ERROR - Exception while handling an update:
Traceback (most recent call last):
  File "C:\Users\Lenovo\AppData\Local\Packages\PythonSoftwareFoundation.Python.3.13_qbz5n2kfra8p0\LocalCache\local-packages\Python313\site-packages\telegram\ext\_updater.py", line 607, in _network_loop_retry
    if not await action_cb():
           ^^^^^^^^^^^^^^^^^
  File "C:\Users\Lenovo\AppData\Local\Packages\PythonSoftwareFoundation.Python.3.13_qbz5n2kfra8p0\LocalCache\local-packages\Python313\site-packages\telegram\ext\_updater.py", line 335, in polling_action_cb
    raise exc
  File "C:\Users\Lenovo\AppData\Local\Packages\PythonSoftwareFoundation.Python.3.13_qbz5n2kfra8p0\LocalCache\local-packages\Python313\site-packages\telegram\ext\_updater.py", line 320, in polling_action_cb
    updates = await self.bot.get_updates(
              ^^^^^^^^^^^^^^^^^^^^^^^^^^^
    ...<7 lines>...
    )
    ^
  File "C:\Users\Lenovo\AppData\Local\Packages\PythonSoftwareFoundation.Python.3.13_qbz5n2kfra8p0\LocalCache\local-packages\Python313\site-packages\telegram\ext\_extbot.py", line 543, in get_updates
    updates = await super().get_updates(
              ^^^^^^^^^^^^^^^^^^^^^^^^^^
    ...<9 lines>...
    )
    ^
  File "C:\Users\Lenovo\AppData\Local\Packages\PythonSoftwareFoundation.Python.3.13_qbz5n2kfra8p0\LocalCache\local-packages\Python313\site-packages\telegram\_bot.py", line 381, in decorator
    result = await func(self, *args, **kwargs)  # skipcq: PYL-E1102
             ^^^^^^^^^^^^^^^^^^^^^^^^^^^^^^^^^
  File "C:\Users\Lenovo\AppData\Local\Packages\PythonSoftwareFoundation.Python.3.13_qbz5n2kfra8p0\LocalCache\local-packages\Python313\site-packages\telegram\_bot.py", line 3661, in get_updates
    await self._post(
    ^^^^^^^^^^^^^^^^^
    ...<7 lines>...
    ),
    ^
  File "C:\Users\Lenovo\AppData\Local\Packages\PythonSoftwareFoundation.Python.3.13_qbz5n2kfra8p0\LocalCache\local-packages\Python313\site-packages\telegram\_bot.py", line 469, in _post
    return await self._do_post(
           ^^^^^^^^^^^^^^^^^^^^
    ...<6 lines>...
    )
    ^
  File "C:\Users\Lenovo\AppData\Local\Packages\PythonSoftwareFoundation.Python.3.13_qbz5n2kfra8p0\LocalCache\local-packages\Python313\site-packages\telegram\ext\_extbot.py", line 325, in _do_post
    return await super()._do_post(
           ^^^^^^^^^^^^^^^^^^^^^^^
    ...<6 lines>...
    )
    ^
  File "C:\Users\Lenovo\AppData\Local\Packages\PythonSoftwareFoundation.Python.3.13_qbz5n2kfra8p0\LocalCache\local-packages\Python313\site-packages\telegram\_bot.py", line 497, in _do_post
    return await request.post(
           ^^^^^^^^^^^^^^^^^^^
    ...<6 lines>...
    )
    ^
  File "C:\Users\Lenovo\AppData\Local\Packages\PythonSoftwareFoundation.Python.3.13_qbz5n2kfra8p0\LocalCache\local-packages\Python313\site-packages\telegram\request\_baserequest.py", line 168, in post
    result = await self._request_wrapper(
             ^^^^^^^^^^^^^^^^^^^^^^^^^^^^
    ...<7 lines>...
    )
    ^
  File "C:\Users\Lenovo\AppData\Local\Packages\PythonSoftwareFoundation.Python.3.13_qbz5n2kfra8p0\LocalCache\local-packages\Python313\site-packages\telegram\request\_baserequest.py", line 330, in _request_wrapper
    raise Conflict(message)
telegram.error.Conflict: Conflict: terminated by other getUpdates request; make sure that only one bot instance is running
2025-09-27 23:42:12,217 - __main__ - ERROR - Update None caused error Conflict: terminated by other getUpdates request; make sure that only one bot instance is running
2025-09-27 23:42:27,014 - httpx - INFO - HTTP Request: POST https://api.telegram.org/bot7481731907:AAGA8Rmu3eC5QUyhUcl4DuaVaH08qA9O4sE/getUpdates "HTTP/1.1 409 Conflict"
2025-09-27 23:42:27,016 - telegram.ext.Updater - ERROR - Error while getting Updates: Conflict: terminated by other getUpdates request; make sure that only one bot instance is running
2025-09-27 23:42:27,017 - __main__ - ERROR - Exception while handling an update:
Traceback (most recent call last):
  File "C:\Users\Lenovo\AppData\Local\Packages\PythonSoftwareFoundation.Python.3.13_qbz5n2kfra8p0\LocalCache\local-packages\Python313\site-packages\telegram\ext\_updater.py", line 607, in _network_loop_retry
    if not await action_cb():
           ^^^^^^^^^^^^^^^^^
  File "C:\Users\Lenovo\AppData\Local\Packages\PythonSoftwareFoundation.Python.3.13_qbz5n2kfra8p0\LocalCache\local-packages\Python313\site-packages\telegram\ext\_updater.py", line 335, in polling_action_cb
    raise exc
  File "C:\Users\Lenovo\AppData\Local\Packages\PythonSoftwareFoundation.Python.3.13_qbz5n2kfra8p0\LocalCache\local-packages\Python313\site-packages\telegram\ext\_updater.py", line 320, in polling_action_cb
    updates = await self.bot.get_updates(
              ^^^^^^^^^^^^^^^^^^^^^^^^^^^
    ...<7 lines>...
    )
    ^
  File "C:\Users\Lenovo\AppData\Local\Packages\PythonSoftwareFoundation.Python.3.13_qbz5n2kfra8p0\LocalCache\local-packages\Python313\site-packages\telegram\ext\_extbot.py", line 543, in get_updates
    updates = await super().get_updates(
              ^^^^^^^^^^^^^^^^^^^^^^^^^^
    ...<9 lines>...
    )
    ^
  File "C:\Users\Lenovo\AppData\Local\Packages\PythonSoftwareFoundation.Python.3.13_qbz5n2kfra8p0\LocalCache\local-packages\Python313\site-packages\telegram\_bot.py", line 381, in decorator
    result = await func(self, *args, **kwargs)  # skipcq: PYL-E1102
             ^^^^^^^^^^^^^^^^^^^^^^^^^^^^^^^^^
  File "C:\Users\Lenovo\AppData\Local\Packages\PythonSoftwareFoundation.Python.3.13_qbz5n2kfra8p0\LocalCache\local-packages\Python313\site-packages\telegram\_bot.py", line 3661, in get_updates
    await self._post(
    ^^^^^^^^^^^^^^^^^
    ...<7 lines>...
    ),
    ^
  File "C:\Users\Lenovo\AppData\Local\Packages\PythonSoftwareFoundation.Python.3.13_qbz5n2kfra8p0\LocalCache\local-packages\Python313\site-packages\telegram\_bot.py", line 469, in _post
    return await self._do_post(
           ^^^^^^^^^^^^^^^^^^^^
    ...<6 lines>...
    )
    ^
  File "C:\Users\Lenovo\AppData\Local\Packages\PythonSoftwareFoundation.Python.3.13_qbz5n2kfra8p0\LocalCache\local-packages\Python313\site-packages\telegram\ext\_extbot.py", line 325, in _do_post
    return await super()._do_post(
           ^^^^^^^^^^^^^^^^^^^^^^^
    ...<6 lines>...
    )
    ^
  File "C:\Users\Lenovo\AppData\Local\Packages\PythonSoftwareFoundation.Python.3.13_qbz5n2kfra8p0\LocalCache\local-packages\Python313\site-packages\telegram\_bot.py", line 497, in _do_post
    return await request.post(
           ^^^^^^^^^^^^^^^^^^^
    ...<6 lines>...
    )
    ^
  File "C:\Users\Lenovo\AppData\Local\Packages\PythonSoftwareFoundation.Python.3.13_qbz5n2kfra8p0\LocalCache\local-packages\Python313\site-packages\telegram\request\_baserequest.py", line 168, in post
    result = await self._request_wrapper(
             ^^^^^^^^^^^^^^^^^^^^^^^^^^^^
    ...<7 lines>...
    )
    ^
  File "C:\Users\Lenovo\AppData\Local\Packages\PythonSoftwareFoundation.Python.3.13_qbz5n2kfra8p0\LocalCache\local-packages\Python313\site-packages\telegram\request\_baserequest.py", line 330, in _request_wrapper
    raise Conflict(message)
telegram.error.Conflict: Conflict: terminated by other getUpdates request; make sure that only one bot instance is running
2025-09-27 23:42:27,022 - __main__ - ERROR - Update None caused error Conflict: terminated by other getUpdates request; make sure that only one bot instance is running
2025-09-27 23:42:40,666 - httpx - INFO - HTTP Request: POST https://api.telegram.org/bot7481731907:AAGA8Rmu3eC5QUyhUcl4DuaVaH08qA9O4sE/getUpdates "HTTP/1.1 409 Conflict"
2025-09-27 23:42:40,667 - telegram.ext.Updater - ERROR - Error while getting Updates: Conflict: terminated by other getUpdates request; make sure that only one bot instance is running
2025-09-27 23:42:40,668 - __main__ - ERROR - Exception while handling an update:
Traceback (most recent call last):
  File "C:\Users\Lenovo\AppData\Local\Packages\PythonSoftwareFoundation.Python.3.13_qbz5n2kfra8p0\LocalCache\local-packages\Python313\site-packages\telegram\ext\_updater.py", line 607, in _network_loop_retry
    if not await action_cb():
           ^^^^^^^^^^^^^^^^^
  File "C:\Users\Lenovo\AppData\Local\Packages\PythonSoftwareFoundation.Python.3.13_qbz5n2kfra8p0\LocalCache\local-packages\Python313\site-packages\telegram\ext\_updater.py", line 335, in polling_action_cb
    raise exc
  File "C:\Users\Lenovo\AppData\Local\Packages\PythonSoftwareFoundation.Python.3.13_qbz5n2kfra8p0\LocalCache\local-packages\Python313\site-packages\telegram\ext\_updater.py", line 320, in polling_action_cb
    updates = await self.bot.get_updates(
              ^^^^^^^^^^^^^^^^^^^^^^^^^^^
    ...<7 lines>...
    )
    ^
  File "C:\Users\Lenovo\AppData\Local\Packages\PythonSoftwareFoundation.Python.3.13_qbz5n2kfra8p0\LocalCache\local-packages\Python313\site-packages\telegram\ext\_extbot.py", line 543, in get_updates
    updates = await super().get_updates(
              ^^^^^^^^^^^^^^^^^^^^^^^^^^
    ...<9 lines>...
    )
    ^
  File "C:\Users\Lenovo\AppData\Local\Packages\PythonSoftwareFoundation.Python.3.13_qbz5n2kfra8p0\LocalCache\local-packages\Python313\site-packages\telegram\_bot.py", line 381, in decorator
    result = await func(self, *args, **kwargs)  # skipcq: PYL-E1102
             ^^^^^^^^^^^^^^^^^^^^^^^^^^^^^^^^^
  File "C:\Users\Lenovo\AppData\Local\Packages\PythonSoftwareFoundation.Python.3.13_qbz5n2kfra8p0\LocalCache\local-packages\Python313\site-packages\telegram\_bot.py", line 3661, in get_updates
    await self._post(
    ^^^^^^^^^^^^^^^^^
    ...<7 lines>...
    ),
    ^
  File "C:\Users\Lenovo\AppData\Local\Packages\PythonSoftwareFoundation.Python.3.13_qbz5n2kfra8p0\LocalCache\local-packages\Python313\site-packages\telegram\_bot.py", line 469, in _post
    return await self._do_post(
           ^^^^^^^^^^^^^^^^^^^^
    ...<6 lines>...
    )
    ^
  File "C:\Users\Lenovo\AppData\Local\Packages\PythonSoftwareFoundation.Python.3.13_qbz5n2kfra8p0\LocalCache\local-packages\Python313\site-packages\telegram\ext\_extbot.py", line 325, in _do_post
    return await super()._do_post(
           ^^^^^^^^^^^^^^^^^^^^^^^
    ...<6 lines>...
    )
    ^
  File "C:\Users\Lenovo\AppData\Local\Packages\PythonSoftwareFoundation.Python.3.13_qbz5n2kfra8p0\LocalCache\local-packages\Python313\site-packages\telegram\_bot.py", line 497, in _do_post
    return await request.post(
           ^^^^^^^^^^^^^^^^^^^
    ...<6 lines>...
    )
    ^
  File "C:\Users\Lenovo\AppData\Local\Packages\PythonSoftwareFoundation.Python.3.13_qbz5n2kfra8p0\LocalCache\local-packages\Python313\site-packages\telegram\request\_baserequest.py", line 168, in post
    result = await self._request_wrapper(
             ^^^^^^^^^^^^^^^^^^^^^^^^^^^^
    ...<7 lines>...
    )
    ^
  File "C:\Users\Lenovo\AppData\Local\Packages\PythonSoftwareFoundation.Python.3.13_qbz5n2kfra8p0\LocalCache\local-packages\Python313\site-packages\telegram\request\_baserequest.py", line 330, in _request_wrapper
    raise Conflict(message)
telegram.error.Conflict: Conflict: terminated by other getUpdates request; make sure that only one bot instance is running
2025-09-27 23:42:40,675 - __main__ - ERROR - Update None caused error Conflict: terminated by other getUpdates request; make sure that only one bot instance is running
2025-09-27 23:42:58,932 - httpx - INFO - HTTP Request: POST https://api.telegram.org/bot7481731907:AAGA8Rmu3eC5QUyhUcl4DuaVaH08qA9O4sE/getUpdates "HTTP/1.1 409 Conflict"
2025-09-27 23:42:58,933 - telegram.ext.Updater - ERROR - Error while getting Updates: Conflict: terminated by other getUpdates request; make sure that only one bot instance is running
2025-09-27 23:42:58,934 - __main__ - ERROR - Exception while handling an update:
Traceback (most recent call last):
  File "C:\Users\Lenovo\AppData\Local\Packages\PythonSoftwareFoundation.Python.3.13_qbz5n2kfra8p0\LocalCache\local-packages\Python313\site-packages\telegram\ext\_updater.py", line 607, in _network_loop_retry
    if not await action_cb():
           ^^^^^^^^^^^^^^^^^
  File "C:\Users\Lenovo\AppData\Local\Packages\PythonSoftwareFoundation.Python.3.13_qbz5n2kfra8p0\LocalCache\local-packages\Python313\site-packages\telegram\ext\_updater.py", line 335, in polling_action_cb
    raise exc
  File "C:\Users\Lenovo\AppData\Local\Packages\PythonSoftwareFoundation.Python.3.13_qbz5n2kfra8p0\LocalCache\local-packages\Python313\site-packages\telegram\ext\_updater.py", line 320, in polling_action_cb
    updates = await self.bot.get_updates(
              ^^^^^^^^^^^^^^^^^^^^^^^^^^^
    ...<7 lines>...
    )
    ^
  File "C:\Users\Lenovo\AppData\Local\Packages\PythonSoftwareFoundation.Python.3.13_qbz5n2kfra8p0\LocalCache\local-packages\Python313\site-packages\telegram\ext\_extbot.py", line 543, in get_updates
    updates = await super().get_updates(
              ^^^^^^^^^^^^^^^^^^^^^^^^^^
    ...<9 lines>...
    )
    ^
  File "C:\Users\Lenovo\AppData\Local\Packages\PythonSoftwareFoundation.Python.3.13_qbz5n2kfra8p0\LocalCache\local-packages\Python313\site-packages\telegram\_bot.py", line 381, in decorator
    result = await func(self, *args, **kwargs)  # skipcq: PYL-E1102
             ^^^^^^^^^^^^^^^^^^^^^^^^^^^^^^^^^
  File "C:\Users\Lenovo\AppData\Local\Packages\PythonSoftwareFoundation.Python.3.13_qbz5n2kfra8p0\LocalCache\local-packages\Python313\site-packages\telegram\_bot.py", line 3661, in get_updates
    await self._post(
    ^^^^^^^^^^^^^^^^^
    ...<7 lines>...
    ),
    ^
  File "C:\Users\Lenovo\AppData\Local\Packages\PythonSoftwareFoundation.Python.3.13_qbz5n2kfra8p0\LocalCache\local-packages\Python313\site-packages\telegram\_bot.py", line 469, in _post
    return await self._do_post(
           ^^^^^^^^^^^^^^^^^^^^
    ...<6 lines>...
    )
    ^
  File "C:\Users\Lenovo\AppData\Local\Packages\PythonSoftwareFoundation.Python.3.13_qbz5n2kfra8p0\LocalCache\local-packages\Python313\site-packages\telegram\ext\_extbot.py", line 325, in _do_post
    return await super()._do_post(
           ^^^^^^^^^^^^^^^^^^^^^^^
    ...<6 lines>...
    )
    ^
  File "C:\Users\Lenovo\AppData\Local\Packages\PythonSoftwareFoundation.Python.3.13_qbz5n2kfra8p0\LocalCache\local-packages\Python313\site-packages\telegram\_bot.py", line 497, in _do_post
    return await request.post(
           ^^^^^^^^^^^^^^^^^^^
    ...<6 lines>...
    )
    ^
  File "C:\Users\Lenovo\AppData\Local\Packages\PythonSoftwareFoundation.Python.3.13_qbz5n2kfra8p0\LocalCache\local-packages\Python313\site-packages\telegram\request\_baserequest.py", line 168, in post
    result = await self._request_wrapper(
             ^^^^^^^^^^^^^^^^^^^^^^^^^^^^
    ...<7 lines>...
    )
    ^
  File "C:\Users\Lenovo\AppData\Local\Packages\PythonSoftwareFoundation.Python.3.13_qbz5n2kfra8p0\LocalCache\local-packages\Python313\site-packages\telegram\request\_baserequest.py", line 330, in _request_wrapper
    raise Conflict(message)
telegram.error.Conflict: Conflict: terminated by other getUpdates request; make sure that only one bot instance is running
2025-09-27 23:42:58,939 - __main__ - ERROR - Update None caused error Conflict: terminated by other getUpdates request; make sure that only one bot instance is running
2025-09-27 23:43:20,805 - httpx - INFO - HTTP Request: POST https://api.telegram.org/bot7481731907:AAGA8Rmu3eC5QUyhUcl4DuaVaH08qA9O4sE/getUpdates "HTTP/1.1 409 Conflict"
2025-09-27 23:43:20,806 - telegram.ext.Updater - ERROR - Error while getting Updates: Conflict: terminated by other getUpdates request; make sure that only one bot instance is running
2025-09-27 23:43:20,807 - __main__ - ERROR - Exception while handling an update:
Traceback (most recent call last):
  File "C:\Users\Lenovo\AppData\Local\Packages\PythonSoftwareFoundation.Python.3.13_qbz5n2kfra8p0\LocalCache\local-packages\Python313\site-packages\telegram\ext\_updater.py", line 607, in _network_loop_retry
    if not await action_cb():
           ^^^^^^^^^^^^^^^^^
  File "C:\Users\Lenovo\AppData\Local\Packages\PythonSoftwareFoundation.Python.3.13_qbz5n2kfra8p0\LocalCache\local-packages\Python313\site-packages\telegram\ext\_updater.py", line 335, in polling_action_cb
    raise exc
  File "C:\Users\Lenovo\AppData\Local\Packages\PythonSoftwareFoundation.Python.3.13_qbz5n2kfra8p0\LocalCache\local-packages\Python313\site-packages\telegram\ext\_updater.py", line 320, in polling_action_cb
    updates = await self.bot.get_updates(
              ^^^^^^^^^^^^^^^^^^^^^^^^^^^
    ...<7 lines>...
    )
    ^
  File "C:\Users\Lenovo\AppData\Local\Packages\PythonSoftwareFoundation.Python.3.13_qbz5n2kfra8p0\LocalCache\local-packages\Python313\site-packages\telegram\ext\_extbot.py", line 543, in get_updates
    updates = await super().get_updates(
              ^^^^^^^^^^^^^^^^^^^^^^^^^^
    ...<9 lines>...
    )
    ^
  File "C:\Users\Lenovo\AppData\Local\Packages\PythonSoftwareFoundation.Python.3.13_qbz5n2kfra8p0\LocalCache\local-packages\Python313\site-packages\telegram\_bot.py", line 381, in decorator
    result = await func(self, *args, **kwargs)  # skipcq: PYL-E1102
             ^^^^^^^^^^^^^^^^^^^^^^^^^^^^^^^^^
  File "C:\Users\Lenovo\AppData\Local\Packages\PythonSoftwareFoundation.Python.3.13_qbz5n2kfra8p0\LocalCache\local-packages\Python313\site-packages\telegram\_bot.py", line 3661, in get_updates
    await self._post(
    ^^^^^^^^^^^^^^^^^
    ...<7 lines>...
    ),
    ^
  File "C:\Users\Lenovo\AppData\Local\Packages\PythonSoftwareFoundation.Python.3.13_qbz5n2kfra8p0\LocalCache\local-packages\Python313\site-packages\telegram\_bot.py", line 469, in _post
    return await self._do_post(
           ^^^^^^^^^^^^^^^^^^^^
    ...<6 lines>...
    )
    ^
  File "C:\Users\Lenovo\AppData\Local\Packages\PythonSoftwareFoundation.Python.3.13_qbz5n2kfra8p0\LocalCache\local-packages\Python313\site-packages\telegram\ext\_extbot.py", line 325, in _do_post
    return await super()._do_post(
           ^^^^^^^^^^^^^^^^^^^^^^^
    ...<6 lines>...
    )
    ^
  File "C:\Users\Lenovo\AppData\Local\Packages\PythonSoftwareFoundation.Python.3.13_qbz5n2kfra8p0\LocalCache\local-packages\Python313\site-packages\telegram\_bot.py", line 497, in _do_post
    return await request.post(
           ^^^^^^^^^^^^^^^^^^^
    ...<6 lines>...
    )
    ^
  File "C:\Users\Lenovo\AppData\Local\Packages\PythonSoftwareFoundation.Python.3.13_qbz5n2kfra8p0\LocalCache\local-packages\Python313\site-packages\telegram\request\_baserequest.py", line 168, in post
    result = await self._request_wrapper(
             ^^^^^^^^^^^^^^^^^^^^^^^^^^^^
    ...<7 lines>...
    )
    ^
  File "C:\Users\Lenovo\AppData\Local\Packages\PythonSoftwareFoundation.Python.3.13_qbz5n2kfra8p0\LocalCache\local-packages\Python313\site-packages\telegram\request\_baserequest.py", line 330, in _request_wrapper
    raise Conflict(message)
telegram.error.Conflict: Conflict: terminated by other getUpdates request; make sure that only one bot instance is running
2025-09-27 23:43:20,812 - __main__ - ERROR - Update None caused error Conflict: terminated by other getUpdates request; make sure that only one bot instance is running
2025-09-27 23:43:53,648 - httpx - INFO - HTTP Request: POST https://api.telegram.org/bot7481731907:AAGA8Rmu3eC5QUyhUcl4DuaVaH08qA9O4sE/getUpdates "HTTP/1.1 409 Conflict"
2025-09-27 23:43:53,649 - telegram.ext.Updater - ERROR - Error while getting Updates: Conflict: terminated by other getUpdates request; make sure that only one bot instance is running
2025-09-27 23:43:53,650 - __main__ - ERROR - Exception while handling an update:
Traceback (most recent call last):
  File "C:\Users\Lenovo\AppData\Local\Packages\PythonSoftwareFoundation.Python.3.13_qbz5n2kfra8p0\LocalCache\local-packages\Python313\site-packages\telegram\ext\_updater.py", line 607, in _network_loop_retry
    if not await action_cb():
           ^^^^^^^^^^^^^^^^^
  File "C:\Users\Lenovo\AppData\Local\Packages\PythonSoftwareFoundation.Python.3.13_qbz5n2kfra8p0\LocalCache\local-packages\Python313\site-packages\telegram\ext\_updater.py", line 335, in polling_action_cb
    raise exc
  File "C:\Users\Lenovo\AppData\Local\Packages\PythonSoftwareFoundation.Python.3.13_qbz5n2kfra8p0\LocalCache\local-packages\Python313\site-packages\telegram\ext\_updater.py", line 320, in polling_action_cb
    updates = await self.bot.get_updates(
              ^^^^^^^^^^^^^^^^^^^^^^^^^^^
    ...<7 lines>...
    )
    ^
  File "C:\Users\Lenovo\AppData\Local\Packages\PythonSoftwareFoundation.Python.3.13_qbz5n2kfra8p0\LocalCache\local-packages\Python313\site-packages\telegram\ext\_extbot.py", line 543, in get_updates
    updates = await super().get_updates(
              ^^^^^^^^^^^^^^^^^^^^^^^^^^
    ...<9 lines>...
    )
    ^
  File "C:\Users\Lenovo\AppData\Local\Packages\PythonSoftwareFoundation.Python.3.13_qbz5n2kfra8p0\LocalCache\local-packages\Python313\site-packages\telegram\_bot.py", line 381, in decorator
    result = await func(self, *args, **kwargs)  # skipcq: PYL-E1102
             ^^^^^^^^^^^^^^^^^^^^^^^^^^^^^^^^^
  File "C:\Users\Lenovo\AppData\Local\Packages\PythonSoftwareFoundation.Python.3.13_qbz5n2kfra8p0\LocalCache\local-packages\Python313\site-packages\telegram\_bot.py", line 3661, in get_updates
    await self._post(
    ^^^^^^^^^^^^^^^^^
    ...<7 lines>...
    ),
    ^
  File "C:\Users\Lenovo\AppData\Local\Packages\PythonSoftwareFoundation.Python.3.13_qbz5n2kfra8p0\LocalCache\local-packages\Python313\site-packages\telegram\_bot.py", line 469, in _post
    return await self._do_post(
           ^^^^^^^^^^^^^^^^^^^^
    ...<6 lines>...
    )
    ^
  File "C:\Users\Lenovo\AppData\Local\Packages\PythonSoftwareFoundation.Python.3.13_qbz5n2kfra8p0\LocalCache\local-packages\Python313\site-packages\telegram\ext\_extbot.py", line 325, in _do_post
    return await super()._do_post(
           ^^^^^^^^^^^^^^^^^^^^^^^
    ...<6 lines>...
    )
    ^
  File "C:\Users\Lenovo\AppData\Local\Packages\PythonSoftwareFoundation.Python.3.13_qbz5n2kfra8p0\LocalCache\local-packages\Python313\site-packages\telegram\_bot.py", line 497, in _do_post
    return await request.post(
           ^^^^^^^^^^^^^^^^^^^
    ...<6 lines>...
    )
    ^
  File "C:\Users\Lenovo\AppData\Local\Packages\PythonSoftwareFoundation.Python.3.13_qbz5n2kfra8p0\LocalCache\local-packages\Python313\site-packages\telegram\request\_baserequest.py", line 168, in post
    result = await self._request_wrapper(
             ^^^^^^^^^^^^^^^^^^^^^^^^^^^^
    ...<7 lines>...
    )
    ^
  File "C:\Users\Lenovo\AppData\Local\Packages\PythonSoftwareFoundation.Python.3.13_qbz5n2kfra8p0\LocalCache\local-packages\Python313\site-packages\telegram\request\_baserequest.py", line 330, in _request_wrapper
    raise Conflict(message)
telegram.error.Conflict: Conflict: terminated by other getUpdates request; make sure that only one bot instance is running
2025-09-27 23:43:53,655 - __main__ - ERROR - Update None caused error Conflict: terminated by other getUpdates request; make sure that only one bot instance is running
2025-09-27 23:44:24,984 - httpx - INFO - HTTP Request: POST https://api.telegram.org/bot7481731907:AAGA8Rmu3eC5QUyhUcl4DuaVaH08qA9O4sE/getUpdates "HTTP/1.1 409 Conflict"
2025-09-27 23:44:24,986 - telegram.ext.Updater - ERROR - Error while getting Updates: Conflict: terminated by other getUpdates request; make sure that only one bot instance is running
2025-09-27 23:44:24,987 - __main__ - ERROR - Exception while handling an update:
Traceback (most recent call last):
  File "C:\Users\Lenovo\AppData\Local\Packages\PythonSoftwareFoundation.Python.3.13_qbz5n2kfra8p0\LocalCache\local-packages\Python313\site-packages\telegram\ext\_updater.py", line 607, in _network_loop_retry
    if not await action_cb():
           ^^^^^^^^^^^^^^^^^
  File "C:\Users\Lenovo\AppData\Local\Packages\PythonSoftwareFoundation.Python.3.13_qbz5n2kfra8p0\LocalCache\local-packages\Python313\site-packages\telegram\ext\_updater.py", line 335, in polling_action_cb
    raise exc
  File "C:\Users\Lenovo\AppData\Local\Packages\PythonSoftwareFoundation.Python.3.13_qbz5n2kfra8p0\LocalCache\local-packages\Python313\site-packages\telegram\ext\_updater.py", line 320, in polling_action_cb
    updates = await self.bot.get_updates(
              ^^^^^^^^^^^^^^^^^^^^^^^^^^^
    ...<7 lines>...
    )
    ^
  File "C:\Users\Lenovo\AppData\Local\Packages\PythonSoftwareFoundation.Python.3.13_qbz5n2kfra8p0\LocalCache\local-packages\Python313\site-packages\telegram\ext\_extbot.py", line 543, in get_updates
    updates = await super().get_updates(
              ^^^^^^^^^^^^^^^^^^^^^^^^^^
    ...<9 lines>...
    )
    ^
  File "C:\Users\Lenovo\AppData\Local\Packages\PythonSoftwareFoundation.Python.3.13_qbz5n2kfra8p0\LocalCache\local-packages\Python313\site-packages\telegram\_bot.py", line 381, in decorator
    result = await func(self, *args, **kwargs)  # skipcq: PYL-E1102
             ^^^^^^^^^^^^^^^^^^^^^^^^^^^^^^^^^
  File "C:\Users\Lenovo\AppData\Local\Packages\PythonSoftwareFoundation.Python.3.13_qbz5n2kfra8p0\LocalCache\local-packages\Python313\site-packages\telegram\_bot.py", line 3661, in get_updates
    await self._post(
    ^^^^^^^^^^^^^^^^^
    ...<7 lines>...
    ),
    ^
  File "C:\Users\Lenovo\AppData\Local\Packages\PythonSoftwareFoundation.Python.3.13_qbz5n2kfra8p0\LocalCache\local-packages\Python313\site-packages\telegram\_bot.py", line 469, in _post
    return await self._do_post(
           ^^^^^^^^^^^^^^^^^^^^
    ...<6 lines>...
    )
    ^
  File "C:\Users\Lenovo\AppData\Local\Packages\PythonSoftwareFoundation.Python.3.13_qbz5n2kfra8p0\LocalCache\local-packages\Python313\site-packages\telegram\ext\_extbot.py", line 325, in _do_post
    return await super()._do_post(
           ^^^^^^^^^^^^^^^^^^^^^^^
    ...<6 lines>...
    )
    ^
  File "C:\Users\Lenovo\AppData\Local\Packages\PythonSoftwareFoundation.Python.3.13_qbz5n2kfra8p0\LocalCache\local-packages\Python313\site-packages\telegram\_bot.py", line 497, in _do_post
    return await request.post(
           ^^^^^^^^^^^^^^^^^^^
    ...<6 lines>...
    )
    ^
  File "C:\Users\Lenovo\AppData\Local\Packages\PythonSoftwareFoundation.Python.3.13_qbz5n2kfra8p0\LocalCache\local-packages\Python313\site-packages\telegram\request\_baserequest.py", line 168, in post
    result = await self._request_wrapper(
             ^^^^^^^^^^^^^^^^^^^^^^^^^^^^
    ...<7 lines>...
    )
    ^
  File "C:\Users\Lenovo\AppData\Local\Packages\PythonSoftwareFoundation.Python.3.13_qbz5n2kfra8p0\LocalCache\local-packages\Python313\site-packages\telegram\request\_baserequest.py", line 330, in _request_wrapper
    raise Conflict(message)
telegram.error.Conflict: Conflict: terminated by other getUpdates request; make sure that only one bot instance is running
2025-09-27 23:44:24,996 - __main__ - ERROR - Update None caused error Conflict: terminated by other getUpdates request; make sure that only one bot instance is running
2025-09-27 23:44:56,301 - httpx - INFO - HTTP Request: POST https://api.telegram.org/bot7481731907:AAGA8Rmu3eC5QUyhUcl4DuaVaH08qA9O4sE/getUpdates "HTTP/1.1 409 Conflict"
2025-09-27 23:44:56,302 - telegram.ext.Updater - ERROR - Error while getting Updates: Conflict: terminated by other getUpdates request; make sure that only one bot instance is running
2025-09-27 23:44:56,303 - __main__ - ERROR - Exception while handling an update:
Traceback (most recent call last):
  File "C:\Users\Lenovo\AppData\Local\Packages\PythonSoftwareFoundation.Python.3.13_qbz5n2kfra8p0\LocalCache\local-packages\Python313\site-packages\telegram\ext\_updater.py", line 607, in _network_loop_retry
    if not await action_cb():
           ^^^^^^^^^^^^^^^^^
  File "C:\Users\Lenovo\AppData\Local\Packages\PythonSoftwareFoundation.Python.3.13_qbz5n2kfra8p0\LocalCache\local-packages\Python313\site-packages\telegram\ext\_updater.py", line 335, in polling_action_cb
    raise exc
  File "C:\Users\Lenovo\AppData\Local\Packages\PythonSoftwareFoundation.Python.3.13_qbz5n2kfra8p0\LocalCache\local-packages\Python313\site-packages\telegram\ext\_updater.py", line 320, in polling_action_cb
    updates = await self.bot.get_updates(
              ^^^^^^^^^^^^^^^^^^^^^^^^^^^
    ...<7 lines>...
    )
    ^
  File "C:\Users\Lenovo\AppData\Local\Packages\PythonSoftwareFoundation.Python.3.13_qbz5n2kfra8p0\LocalCache\local-packages\Python313\site-packages\telegram\ext\_extbot.py", line 543, in get_updates
    updates = await super().get_updates(
              ^^^^^^^^^^^^^^^^^^^^^^^^^^
    ...<9 lines>...
    )
    ^
  File "C:\Users\Lenovo\AppData\Local\Packages\PythonSoftwareFoundation.Python.3.13_qbz5n2kfra8p0\LocalCache\local-packages\Python313\site-packages\telegram\_bot.py", line 381, in decorator
    result = await func(self, *args, **kwargs)  # skipcq: PYL-E1102
             ^^^^^^^^^^^^^^^^^^^^^^^^^^^^^^^^^
  File "C:\Users\Lenovo\AppData\Local\Packages\PythonSoftwareFoundation.Python.3.13_qbz5n2kfra8p0\LocalCache\local-packages\Python313\site-packages\telegram\_bot.py", line 3661, in get_updates
    await self._post(
    ^^^^^^^^^^^^^^^^^
    ...<7 lines>...
    ),
    ^
  File "C:\Users\Lenovo\AppData\Local\Packages\PythonSoftwareFoundation.Python.3.13_qbz5n2kfra8p0\LocalCache\local-packages\Python313\site-packages\telegram\_bot.py", line 469, in _post
    return await self._do_post(
           ^^^^^^^^^^^^^^^^^^^^
    ...<6 lines>...
    )
    ^
  File "C:\Users\Lenovo\AppData\Local\Packages\PythonSoftwareFoundation.Python.3.13_qbz5n2kfra8p0\LocalCache\local-packages\Python313\site-packages\telegram\ext\_extbot.py", line 325, in _do_post
    return await super()._do_post(
           ^^^^^^^^^^^^^^^^^^^^^^^
    ...<6 lines>...
    )
    ^
  File "C:\Users\Lenovo\AppData\Local\Packages\PythonSoftwareFoundation.Python.3.13_qbz5n2kfra8p0\LocalCache\local-packages\Python313\site-packages\telegram\_bot.py", line 497, in _do_post
    return await request.post(
           ^^^^^^^^^^^^^^^^^^^
    ...<6 lines>...
    )
    ^
  File "C:\Users\Lenovo\AppData\Local\Packages\PythonSoftwareFoundation.Python.3.13_qbz5n2kfra8p0\LocalCache\local-packages\Python313\site-packages\telegram\request\_baserequest.py", line 168, in post
    result = await self._request_wrapper(
             ^^^^^^^^^^^^^^^^^^^^^^^^^^^^
    ...<7 lines>...
    )
    ^
  File "C:\Users\Lenovo\AppData\Local\Packages\PythonSoftwareFoundation.Python.3.13_qbz5n2kfra8p0\LocalCache\local-packages\Python313\site-packages\telegram\request\_baserequest.py", line 330, in _request_wrapper
    raise Conflict(message)
telegram.error.Conflict: Conflict: terminated by other getUpdates request; make sure that only one bot instance is running
2025-09-27 23:44:56,308 - __main__ - ERROR - Update None caused error Conflict: terminated by other getUpdates request; make sure that only one bot instance is running
2025-09-27 23:45:24,874 - telegram.ext.Application - INFO - Application is stopping. This might take a moment.
2025-09-27 23:45:24,878 - telegram.ext.Application - INFO - Application.stop() complete
2025-09-27 23:45:30,557 - httpx - INFO - HTTP Request: POST https://api.telegram.org/bot7481731907:AAGA8Rmu3eC5QUyhUcl4DuaVaH08qA9O4sE/getMe "HTTP/1.1 200 OK"
2025-09-27 23:45:31,038 - httpx - INFO - HTTP Request: POST https://api.telegram.org/bot7481731907:AAGA8Rmu3eC5QUyhUcl4DuaVaH08qA9O4sE/sendMessage "HTTP/1.1 200 OK"
2025-09-27 23:45:31,349 - httpx - INFO - HTTP Request: POST https://api.telegram.org/bot7481731907:AAGA8Rmu3eC5QUyhUcl4DuaVaH08qA9O4sE/deleteWebhook "HTTP/1.1 200 OK"
2025-09-27 23:45:31,351 - telegram.ext.Application - INFO - Application started
2025-09-27 23:45:37,427 - httpx - INFO - HTTP Request: POST https://api.telegram.org/bot7481731907:AAGA8Rmu3eC5QUyhUcl4DuaVaH08qA9O4sE/getUpdates "HTTP/1.1 409 Conflict"
2025-09-27 23:45:37,428 - telegram.ext.Updater - ERROR - Error while getting Updates: Conflict: terminated by other getUpdates request; make sure that only one bot instance is running
2025-09-27 23:45:37,428 - __main__ - ERROR - Exception while handling an update:
Traceback (most recent call last):
  File "C:\Users\Lenovo\AppData\Local\Packages\PythonSoftwareFoundation.Python.3.13_qbz5n2kfra8p0\LocalCache\local-packages\Python313\site-packages\telegram\ext\_updater.py", line 607, in _network_loop_retry
    if not await action_cb():
           ^^^^^^^^^^^^^^^^^
  File "C:\Users\Lenovo\AppData\Local\Packages\PythonSoftwareFoundation.Python.3.13_qbz5n2kfra8p0\LocalCache\local-packages\Python313\site-packages\telegram\ext\_updater.py", line 335, in polling_action_cb
    raise exc
  File "C:\Users\Lenovo\AppData\Local\Packages\PythonSoftwareFoundation.Python.3.13_qbz5n2kfra8p0\LocalCache\local-packages\Python313\site-packages\telegram\ext\_updater.py", line 320, in polling_action_cb
    updates = await self.bot.get_updates(
              ^^^^^^^^^^^^^^^^^^^^^^^^^^^
    ...<7 lines>...
    )
    ^
  File "C:\Users\Lenovo\AppData\Local\Packages\PythonSoftwareFoundation.Python.3.13_qbz5n2kfra8p0\LocalCache\local-packages\Python313\site-packages\telegram\ext\_extbot.py", line 543, in get_updates
    updates = await super().get_updates(
              ^^^^^^^^^^^^^^^^^^^^^^^^^^
    ...<9 lines>...
    )
    ^
  File "C:\Users\Lenovo\AppData\Local\Packages\PythonSoftwareFoundation.Python.3.13_qbz5n2kfra8p0\LocalCache\local-packages\Python313\site-packages\telegram\_bot.py", line 381, in decorator
    result = await func(self, *args, **kwargs)  # skipcq: PYL-E1102
             ^^^^^^^^^^^^^^^^^^^^^^^^^^^^^^^^^
  File "C:\Users\Lenovo\AppData\Local\Packages\PythonSoftwareFoundation.Python.3.13_qbz5n2kfra8p0\LocalCache\local-packages\Python313\site-packages\telegram\_bot.py", line 3661, in get_updates
    await self._post(
    ^^^^^^^^^^^^^^^^^
    ...<7 lines>...
    ),
    ^
  File "C:\Users\Lenovo\AppData\Local\Packages\PythonSoftwareFoundation.Python.3.13_qbz5n2kfra8p0\LocalCache\local-packages\Python313\site-packages\telegram\_bot.py", line 469, in _post
    return await self._do_post(
           ^^^^^^^^^^^^^^^^^^^^
    ...<6 lines>...
    )
    ^
  File "C:\Users\Lenovo\AppData\Local\Packages\PythonSoftwareFoundation.Python.3.13_qbz5n2kfra8p0\LocalCache\local-packages\Python313\site-packages\telegram\ext\_extbot.py", line 325, in _do_post
    return await super()._do_post(
           ^^^^^^^^^^^^^^^^^^^^^^^
    ...<6 lines>...
    )
    ^
  File "C:\Users\Lenovo\AppData\Local\Packages\PythonSoftwareFoundation.Python.3.13_qbz5n2kfra8p0\LocalCache\local-packages\Python313\site-packages\telegram\_bot.py", line 497, in _do_post
    return await request.post(
           ^^^^^^^^^^^^^^^^^^^
    ...<6 lines>...
    )
    ^
  File "C:\Users\Lenovo\AppData\Local\Packages\PythonSoftwareFoundation.Python.3.13_qbz5n2kfra8p0\LocalCache\local-packages\Python313\site-packages\telegram\request\_baserequest.py", line 168, in post
    result = await self._request_wrapper(
             ^^^^^^^^^^^^^^^^^^^^^^^^^^^^
    ...<7 lines>...
    )
    ^
  File "C:\Users\Lenovo\AppData\Local\Packages\PythonSoftwareFoundation.Python.3.13_qbz5n2kfra8p0\LocalCache\local-packages\Python313\site-packages\telegram\request\_baserequest.py", line 330, in _request_wrapper
    raise Conflict(message)
telegram.error.Conflict: Conflict: terminated by other getUpdates request; make sure that only one bot instance is running
2025-09-27 23:45:37,434 - __main__ - ERROR - Update None caused error Conflict: terminated by other getUpdates request; make sure that only one bot instance is running
2025-09-27 23:45:39,331 - httpx - INFO - HTTP Request: POST https://api.telegram.org/bot7481731907:AAGA8Rmu3eC5QUyhUcl4DuaVaH08qA9O4sE/getUpdates "HTTP/1.1 200 OK"
2025-09-27 23:45:40,661 - httpx - INFO - HTTP Request: POST https://api.telegram.org/bot7481731907:AAGA8Rmu3eC5QUyhUcl4DuaVaH08qA9O4sE/sendMessage "HTTP/1.1 200 OK"
2025-09-27 23:45:45,495 - httpx - INFO - HTTP Request: POST https://api.telegram.org/bot7481731907:AAGA8Rmu3eC5QUyhUcl4DuaVaH08qA9O4sE/getUpdates "HTTP/1.1 409 Conflict"
2025-09-27 23:45:45,496 - telegram.ext.Updater - ERROR - Error while getting Updates: Conflict: terminated by other getUpdates request; make sure that only one bot instance is running
2025-09-27 23:45:45,497 - __main__ - ERROR - Exception while handling an update:
Traceback (most recent call last):
  File "C:\Users\Lenovo\AppData\Local\Packages\PythonSoftwareFoundation.Python.3.13_qbz5n2kfra8p0\LocalCache\local-packages\Python313\site-packages\telegram\ext\_updater.py", line 607, in _network_loop_retry
    if not await action_cb():
           ^^^^^^^^^^^^^^^^^
  File "C:\Users\Lenovo\AppData\Local\Packages\PythonSoftwareFoundation.Python.3.13_qbz5n2kfra8p0\LocalCache\local-packages\Python313\site-packages\telegram\ext\_updater.py", line 335, in polling_action_cb
    raise exc
  File "C:\Users\Lenovo\AppData\Local\Packages\PythonSoftwareFoundation.Python.3.13_qbz5n2kfra8p0\LocalCache\local-packages\Python313\site-packages\telegram\ext\_updater.py", line 320, in polling_action_cb
    updates = await self.bot.get_updates(
              ^^^^^^^^^^^^^^^^^^^^^^^^^^^
    ...<7 lines>...
    )
    ^
  File "C:\Users\Lenovo\AppData\Local\Packages\PythonSoftwareFoundation.Python.3.13_qbz5n2kfra8p0\LocalCache\local-packages\Python313\site-packages\telegram\ext\_extbot.py", line 543, in get_updates
    updates = await super().get_updates(
              ^^^^^^^^^^^^^^^^^^^^^^^^^^
    ...<9 lines>...
    )
    ^
  File "C:\Users\Lenovo\AppData\Local\Packages\PythonSoftwareFoundation.Python.3.13_qbz5n2kfra8p0\LocalCache\local-packages\Python313\site-packages\telegram\_bot.py", line 381, in decorator
    result = await func(self, *args, **kwargs)  # skipcq: PYL-E1102
             ^^^^^^^^^^^^^^^^^^^^^^^^^^^^^^^^^
  File "C:\Users\Lenovo\AppData\Local\Packages\PythonSoftwareFoundation.Python.3.13_qbz5n2kfra8p0\LocalCache\local-packages\Python313\site-packages\telegram\_bot.py", line 3661, in get_updates
    await self._post(
    ^^^^^^^^^^^^^^^^^
    ...<7 lines>...
    ),
    ^
  File "C:\Users\Lenovo\AppData\Local\Packages\PythonSoftwareFoundation.Python.3.13_qbz5n2kfra8p0\LocalCache\local-packages\Python313\site-packages\telegram\_bot.py", line 469, in _post
    return await self._do_post(
           ^^^^^^^^^^^^^^^^^^^^
    ...<6 lines>...
    )
    ^
  File "C:\Users\Lenovo\AppData\Local\Packages\PythonSoftwareFoundation.Python.3.13_qbz5n2kfra8p0\LocalCache\local-packages\Python313\site-packages\telegram\ext\_extbot.py", line 325, in _do_post
    return await super()._do_post(
           ^^^^^^^^^^^^^^^^^^^^^^^
    ...<6 lines>...
    )
    ^
  File "C:\Users\Lenovo\AppData\Local\Packages\PythonSoftwareFoundation.Python.3.13_qbz5n2kfra8p0\LocalCache\local-packages\Python313\site-packages\telegram\_bot.py", line 497, in _do_post
    return await request.post(
           ^^^^^^^^^^^^^^^^^^^
    ...<6 lines>...
    )
    ^
  File "C:\Users\Lenovo\AppData\Local\Packages\PythonSoftwareFoundation.Python.3.13_qbz5n2kfra8p0\LocalCache\local-packages\Python313\site-packages\telegram\request\_baserequest.py", line 168, in post
    result = await self._request_wrapper(
             ^^^^^^^^^^^^^^^^^^^^^^^^^^^^
    ...<7 lines>...
    )
    ^
  File "C:\Users\Lenovo\AppData\Local\Packages\PythonSoftwareFoundation.Python.3.13_qbz5n2kfra8p0\LocalCache\local-packages\Python313\site-packages\telegram\request\_baserequest.py", line 330, in _request_wrapper
    raise Conflict(message)
telegram.error.Conflict: Conflict: terminated by other getUpdates request; make sure that only one bot instance is running
2025-09-27 23:45:45,502 - __main__ - ERROR - Update None caused error Conflict: terminated by other getUpdates request; make sure that only one bot instance is running
2025-09-27 23:45:48,856 - httpx - INFO - HTTP Request: POST https://api.telegram.org/bot7481731907:AAGA8Rmu3eC5QUyhUcl4DuaVaH08qA9O4sE/getUpdates "HTTP/1.1 200 OK"
2025-09-27 23:45:50,091 - httpx - INFO - HTTP Request: POST https://api.telegram.org/bot7481731907:AAGA8Rmu3eC5QUyhUcl4DuaVaH08qA9O4sE/answerCallbackQuery "HTTP/1.1 200 OK"
2025-09-27 23:45:50,598 - httpx - INFO - HTTP Request: POST https://api.telegram.org/bot7481731907:AAGA8Rmu3eC5QUyhUcl4DuaVaH08qA9O4sE/editMessageText "HTTP/1.1 200 OK"
2025-09-27 23:45:51,313 - httpx - INFO - HTTP Request: POST https://api.telegram.org/bot7481731907:AAGA8Rmu3eC5QUyhUcl4DuaVaH08qA9O4sE/getUpdates "HTTP/1.1 409 Conflict"
2025-09-27 23:45:51,315 - telegram.ext.Updater - ERROR - Error while getting Updates: Conflict: terminated by other getUpdates request; make sure that only one bot instance is running
2025-09-27 23:45:51,315 - __main__ - ERROR - Exception while handling an update:
Traceback (most recent call last):
  File "C:\Users\Lenovo\AppData\Local\Packages\PythonSoftwareFoundation.Python.3.13_qbz5n2kfra8p0\LocalCache\local-packages\Python313\site-packages\telegram\ext\_updater.py", line 607, in _network_loop_retry
    if not await action_cb():
           ^^^^^^^^^^^^^^^^^
  File "C:\Users\Lenovo\AppData\Local\Packages\PythonSoftwareFoundation.Python.3.13_qbz5n2kfra8p0\LocalCache\local-packages\Python313\site-packages\telegram\ext\_updater.py", line 335, in polling_action_cb
    raise exc
  File "C:\Users\Lenovo\AppData\Local\Packages\PythonSoftwareFoundation.Python.3.13_qbz5n2kfra8p0\LocalCache\local-packages\Python313\site-packages\telegram\ext\_updater.py", line 320, in polling_action_cb
    updates = await self.bot.get_updates(
              ^^^^^^^^^^^^^^^^^^^^^^^^^^^
    ...<7 lines>...
    )
    ^
  File "C:\Users\Lenovo\AppData\Local\Packages\PythonSoftwareFoundation.Python.3.13_qbz5n2kfra8p0\LocalCache\local-packages\Python313\site-packages\telegram\ext\_extbot.py", line 543, in get_updates
    updates = await super().get_updates(
              ^^^^^^^^^^^^^^^^^^^^^^^^^^
    ...<9 lines>...
    )
    ^
  File "C:\Users\Lenovo\AppData\Local\Packages\PythonSoftwareFoundation.Python.3.13_qbz5n2kfra8p0\LocalCache\local-packages\Python313\site-packages\telegram\_bot.py", line 381, in decorator
    result = await func(self, *args, **kwargs)  # skipcq: PYL-E1102
             ^^^^^^^^^^^^^^^^^^^^^^^^^^^^^^^^^
  File "C:\Users\Lenovo\AppData\Local\Packages\PythonSoftwareFoundation.Python.3.13_qbz5n2kfra8p0\LocalCache\local-packages\Python313\site-packages\telegram\_bot.py", line 3661, in get_updates
    await self._post(
    ^^^^^^^^^^^^^^^^^
    ...<7 lines>...
    ),
    ^
  File "C:\Users\Lenovo\AppData\Local\Packages\PythonSoftwareFoundation.Python.3.13_qbz5n2kfra8p0\LocalCache\local-packages\Python313\site-packages\telegram\_bot.py", line 469, in _post
    return await self._do_post(
           ^^^^^^^^^^^^^^^^^^^^
    ...<6 lines>...
    )
    ^
  File "C:\Users\Lenovo\AppData\Local\Packages\PythonSoftwareFoundation.Python.3.13_qbz5n2kfra8p0\LocalCache\local-packages\Python313\site-packages\telegram\ext\_extbot.py", line 325, in _do_post
    return await super()._do_post(
           ^^^^^^^^^^^^^^^^^^^^^^^
    ...<6 lines>...
    )
    ^
  File "C:\Users\Lenovo\AppData\Local\Packages\PythonSoftwareFoundation.Python.3.13_qbz5n2kfra8p0\LocalCache\local-packages\Python313\site-packages\telegram\_bot.py", line 497, in _do_post
    return await request.post(
           ^^^^^^^^^^^^^^^^^^^
    ...<6 lines>...
    )
    ^
  File "C:\Users\Lenovo\AppData\Local\Packages\PythonSoftwareFoundation.Python.3.13_qbz5n2kfra8p0\LocalCache\local-packages\Python313\site-packages\telegram\request\_baserequest.py", line 168, in post
    result = await self._request_wrapper(
             ^^^^^^^^^^^^^^^^^^^^^^^^^^^^
    ...<7 lines>...
    )
    ^
  File "C:\Users\Lenovo\AppData\Local\Packages\PythonSoftwareFoundation.Python.3.13_qbz5n2kfra8p0\LocalCache\local-packages\Python313\site-packages\telegram\request\_baserequest.py", line 330, in _request_wrapper
    raise Conflict(message)
telegram.error.Conflict: Conflict: terminated by other getUpdates request; make sure that only one bot instance is running
2025-09-27 23:45:51,320 - __main__ - ERROR - Update None caused error Conflict: terminated by other getUpdates request; make sure that only one bot instance is running
2025-09-27 23:45:58,075 - httpx - INFO - HTTP Request: POST https://api.telegram.org/bot7481731907:AAGA8Rmu3eC5QUyhUcl4DuaVaH08qA9O4sE/getUpdates "HTTP/1.1 409 Conflict"
2025-09-27 23:45:58,078 - telegram.ext.Updater - ERROR - Error while getting Updates: Conflict: terminated by other getUpdates request; make sure that only one bot instance is running
2025-09-27 23:45:58,078 - __main__ - ERROR - Exception while handling an update:
Traceback (most recent call last):
  File "C:\Users\Lenovo\AppData\Local\Packages\PythonSoftwareFoundation.Python.3.13_qbz5n2kfra8p0\LocalCache\local-packages\Python313\site-packages\telegram\ext\_updater.py", line 607, in _network_loop_retry
    if not await action_cb():
           ^^^^^^^^^^^^^^^^^
  File "C:\Users\Lenovo\AppData\Local\Packages\PythonSoftwareFoundation.Python.3.13_qbz5n2kfra8p0\LocalCache\local-packages\Python313\site-packages\telegram\ext\_updater.py", line 335, in polling_action_cb
    raise exc
  File "C:\Users\Lenovo\AppData\Local\Packages\PythonSoftwareFoundation.Python.3.13_qbz5n2kfra8p0\LocalCache\local-packages\Python313\site-packages\telegram\ext\_updater.py", line 320, in polling_action_cb
    updates = await self.bot.get_updates(
              ^^^^^^^^^^^^^^^^^^^^^^^^^^^
    ...<7 lines>...
    )
    ^
  File "C:\Users\Lenovo\AppData\Local\Packages\PythonSoftwareFoundation.Python.3.13_qbz5n2kfra8p0\LocalCache\local-packages\Python313\site-packages\telegram\ext\_extbot.py", line 543, in get_updates
    updates = await super().get_updates(
              ^^^^^^^^^^^^^^^^^^^^^^^^^^
    ...<9 lines>...
    )
    ^
  File "C:\Users\Lenovo\AppData\Local\Packages\PythonSoftwareFoundation.Python.3.13_qbz5n2kfra8p0\LocalCache\local-packages\Python313\site-packages\telegram\_bot.py", line 381, in decorator
    result = await func(self, *args, **kwargs)  # skipcq: PYL-E1102
             ^^^^^^^^^^^^^^^^^^^^^^^^^^^^^^^^^
  File "C:\Users\Lenovo\AppData\Local\Packages\PythonSoftwareFoundation.Python.3.13_qbz5n2kfra8p0\LocalCache\local-packages\Python313\site-packages\telegram\_bot.py", line 3661, in get_updates
    await self._post(
    ^^^^^^^^^^^^^^^^^
    ...<7 lines>...
    ),
    ^
  File "C:\Users\Lenovo\AppData\Local\Packages\PythonSoftwareFoundation.Python.3.13_qbz5n2kfra8p0\LocalCache\local-packages\Python313\site-packages\telegram\_bot.py", line 469, in _post
    return await self._do_post(
           ^^^^^^^^^^^^^^^^^^^^
    ...<6 lines>...
    )
    ^
  File "C:\Users\Lenovo\AppData\Local\Packages\PythonSoftwareFoundation.Python.3.13_qbz5n2kfra8p0\LocalCache\local-packages\Python313\site-packages\telegram\ext\_extbot.py", line 325, in _do_post
    return await super()._do_post(
           ^^^^^^^^^^^^^^^^^^^^^^^
    ...<6 lines>...
    )
    ^
  File "C:\Users\Lenovo\AppData\Local\Packages\PythonSoftwareFoundation.Python.3.13_qbz5n2kfra8p0\LocalCache\local-packages\Python313\site-packages\telegram\_bot.py", line 497, in _do_post
    return await request.post(
           ^^^^^^^^^^^^^^^^^^^
    ...<6 lines>...
    )
    ^
  File "C:\Users\Lenovo\AppData\Local\Packages\PythonSoftwareFoundation.Python.3.13_qbz5n2kfra8p0\LocalCache\local-packages\Python313\site-packages\telegram\request\_baserequest.py", line 168, in post
    result = await self._request_wrapper(
             ^^^^^^^^^^^^^^^^^^^^^^^^^^^^
    ...<7 lines>...
    )
    ^
  File "C:\Users\Lenovo\AppData\Local\Packages\PythonSoftwareFoundation.Python.3.13_qbz5n2kfra8p0\LocalCache\local-packages\Python313\site-packages\telegram\request\_baserequest.py", line 330, in _request_wrapper
    raise Conflict(message)
telegram.error.Conflict: Conflict: terminated by other getUpdates request; make sure that only one bot instance is running
2025-09-27 23:45:58,083 - __main__ - ERROR - Update None caused error Conflict: terminated by other getUpdates request; make sure that only one bot instance is running
2025-09-27 23:46:00,796 - httpx - INFO - HTTP Request: POST https://api.telegram.org/bot7481731907:AAGA8Rmu3eC5QUyhUcl4DuaVaH08qA9O4sE/getUpdates "HTTP/1.1 200 OK"
2025-09-27 23:46:02,265 - httpx - INFO - HTTP Request: POST https://api.telegram.org/bot7481731907:AAGA8Rmu3eC5QUyhUcl4DuaVaH08qA9O4sE/answerCallbackQuery "HTTP/1.1 200 OK"
2025-09-27 23:46:02,865 - httpx - INFO - HTTP Request: POST https://api.telegram.org/bot7481731907:AAGA8Rmu3eC5QUyhUcl4DuaVaH08qA9O4sE/answerCallbackQuery "HTTP/1.1 200 OK"
2025-09-27 23:46:03,423 - httpx - INFO - HTTP Request: POST https://api.telegram.org/bot7481731907:AAGA8Rmu3eC5QUyhUcl4DuaVaH08qA9O4sE/editMessageText "HTTP/1.1 400 Bad Request"
2025-09-27 23:46:03,424 - __main__ - ERROR - Error showing directory: Message is not modified: specified new message content and reply markup are exactly the same as a current content and reply markup of the message
2025-09-27 23:46:07,110 - httpx - INFO - HTTP Request: POST https://api.telegram.org/bot7481731907:AAGA8Rmu3eC5QUyhUcl4DuaVaH08qA9O4sE/getUpdates "HTTP/1.1 409 Conflict"
2025-09-27 23:46:07,112 - telegram.ext.Updater - ERROR - Error while getting Updates: Conflict: terminated by other getUpdates request; make sure that only one bot instance is running
2025-09-27 23:46:07,112 - __main__ - ERROR - Exception while handling an update:
Traceback (most recent call last):
  File "C:\Users\Lenovo\AppData\Local\Packages\PythonSoftwareFoundation.Python.3.13_qbz5n2kfra8p0\LocalCache\local-packages\Python313\site-packages\telegram\ext\_updater.py", line 607, in _network_loop_retry
    if not await action_cb():
           ^^^^^^^^^^^^^^^^^
  File "C:\Users\Lenovo\AppData\Local\Packages\PythonSoftwareFoundation.Python.3.13_qbz5n2kfra8p0\LocalCache\local-packages\Python313\site-packages\telegram\ext\_updater.py", line 335, in polling_action_cb
    raise exc
  File "C:\Users\Lenovo\AppData\Local\Packages\PythonSoftwareFoundation.Python.3.13_qbz5n2kfra8p0\LocalCache\local-packages\Python313\site-packages\telegram\ext\_updater.py", line 320, in polling_action_cb
    updates = await self.bot.get_updates(
              ^^^^^^^^^^^^^^^^^^^^^^^^^^^
    ...<7 lines>...
    )
    ^
  File "C:\Users\Lenovo\AppData\Local\Packages\PythonSoftwareFoundation.Python.3.13_qbz5n2kfra8p0\LocalCache\local-packages\Python313\site-packages\telegram\ext\_extbot.py", line 543, in get_updates
    updates = await super().get_updates(
              ^^^^^^^^^^^^^^^^^^^^^^^^^^
    ...<9 lines>...
    )
    ^
  File "C:\Users\Lenovo\AppData\Local\Packages\PythonSoftwareFoundation.Python.3.13_qbz5n2kfra8p0\LocalCache\local-packages\Python313\site-packages\telegram\_bot.py", line 381, in decorator
    result = await func(self, *args, **kwargs)  # skipcq: PYL-E1102
             ^^^^^^^^^^^^^^^^^^^^^^^^^^^^^^^^^
  File "C:\Users\Lenovo\AppData\Local\Packages\PythonSoftwareFoundation.Python.3.13_qbz5n2kfra8p0\LocalCache\local-packages\Python313\site-packages\telegram\_bot.py", line 3661, in get_updates
    await self._post(
    ^^^^^^^^^^^^^^^^^
    ...<7 lines>...
    ),
    ^
  File "C:\Users\Lenovo\AppData\Local\Packages\PythonSoftwareFoundation.Python.3.13_qbz5n2kfra8p0\LocalCache\local-packages\Python313\site-packages\telegram\_bot.py", line 469, in _post
    return await self._do_post(
           ^^^^^^^^^^^^^^^^^^^^
    ...<6 lines>...
    )
    ^
  File "C:\Users\Lenovo\AppData\Local\Packages\PythonSoftwareFoundation.Python.3.13_qbz5n2kfra8p0\LocalCache\local-packages\Python313\site-packages\telegram\ext\_extbot.py", line 325, in _do_post
    return await super()._do_post(
           ^^^^^^^^^^^^^^^^^^^^^^^
    ...<6 lines>...
    )
    ^
  File "C:\Users\Lenovo\AppData\Local\Packages\PythonSoftwareFoundation.Python.3.13_qbz5n2kfra8p0\LocalCache\local-packages\Python313\site-packages\telegram\_bot.py", line 497, in _do_post
    return await request.post(
           ^^^^^^^^^^^^^^^^^^^
    ...<6 lines>...
    )
    ^
  File "C:\Users\Lenovo\AppData\Local\Packages\PythonSoftwareFoundation.Python.3.13_qbz5n2kfra8p0\LocalCache\local-packages\Python313\site-packages\telegram\request\_baserequest.py", line 168, in post
    result = await self._request_wrapper(
             ^^^^^^^^^^^^^^^^^^^^^^^^^^^^
    ...<7 lines>...
    )
    ^
  File "C:\Users\Lenovo\AppData\Local\Packages\PythonSoftwareFoundation.Python.3.13_qbz5n2kfra8p0\LocalCache\local-packages\Python313\site-packages\telegram\request\_baserequest.py", line 330, in _request_wrapper
    raise Conflict(message)
telegram.error.Conflict: Conflict: terminated by other getUpdates request; make sure that only one bot instance is running
2025-09-27 23:46:07,117 - __main__ - ERROR - Update None caused error Conflict: terminated by other getUpdates request; make sure that only one bot instance is running
2025-09-27 23:46:14,502 - httpx - INFO - HTTP Request: POST https://api.telegram.org/bot7481731907:AAGA8Rmu3eC5QUyhUcl4DuaVaH08qA9O4sE/getUpdates "HTTP/1.1 409 Conflict"
2025-09-27 23:46:14,504 - telegram.ext.Updater - ERROR - Error while getting Updates: Conflict: terminated by other getUpdates request; make sure that only one bot instance is running
2025-09-27 23:46:14,505 - __main__ - ERROR - Exception while handling an update:
Traceback (most recent call last):
  File "C:\Users\Lenovo\AppData\Local\Packages\PythonSoftwareFoundation.Python.3.13_qbz5n2kfra8p0\LocalCache\local-packages\Python313\site-packages\telegram\ext\_updater.py", line 607, in _network_loop_retry
    if not await action_cb():
           ^^^^^^^^^^^^^^^^^
  File "C:\Users\Lenovo\AppData\Local\Packages\PythonSoftwareFoundation.Python.3.13_qbz5n2kfra8p0\LocalCache\local-packages\Python313\site-packages\telegram\ext\_updater.py", line 335, in polling_action_cb
    raise exc
  File "C:\Users\Lenovo\AppData\Local\Packages\PythonSoftwareFoundation.Python.3.13_qbz5n2kfra8p0\LocalCache\local-packages\Python313\site-packages\telegram\ext\_updater.py", line 320, in polling_action_cb
    updates = await self.bot.get_updates(
              ^^^^^^^^^^^^^^^^^^^^^^^^^^^
    ...<7 lines>...
    )
    ^
  File "C:\Users\Lenovo\AppData\Local\Packages\PythonSoftwareFoundation.Python.3.13_qbz5n2kfra8p0\LocalCache\local-packages\Python313\site-packages\telegram\ext\_extbot.py", line 543, in get_updates
    updates = await super().get_updates(
              ^^^^^^^^^^^^^^^^^^^^^^^^^^
    ...<9 lines>...
    )
    ^
  File "C:\Users\Lenovo\AppData\Local\Packages\PythonSoftwareFoundation.Python.3.13_qbz5n2kfra8p0\LocalCache\local-packages\Python313\site-packages\telegram\_bot.py", line 381, in decorator
    result = await func(self, *args, **kwargs)  # skipcq: PYL-E1102
             ^^^^^^^^^^^^^^^^^^^^^^^^^^^^^^^^^
  File "C:\Users\Lenovo\AppData\Local\Packages\PythonSoftwareFoundation.Python.3.13_qbz5n2kfra8p0\LocalCache\local-packages\Python313\site-packages\telegram\_bot.py", line 3661, in get_updates
    await self._post(
    ^^^^^^^^^^^^^^^^^
    ...<7 lines>...
    ),
    ^
  File "C:\Users\Lenovo\AppData\Local\Packages\PythonSoftwareFoundation.Python.3.13_qbz5n2kfra8p0\LocalCache\local-packages\Python313\site-packages\telegram\_bot.py", line 469, in _post
    return await self._do_post(
           ^^^^^^^^^^^^^^^^^^^^
    ...<6 lines>...
    )
    ^
  File "C:\Users\Lenovo\AppData\Local\Packages\PythonSoftwareFoundation.Python.3.13_qbz5n2kfra8p0\LocalCache\local-packages\Python313\site-packages\telegram\ext\_extbot.py", line 325, in _do_post
    return await super()._do_post(
           ^^^^^^^^^^^^^^^^^^^^^^^
    ...<6 lines>...
    )
    ^
  File "C:\Users\Lenovo\AppData\Local\Packages\PythonSoftwareFoundation.Python.3.13_qbz5n2kfra8p0\LocalCache\local-packages\Python313\site-packages\telegram\_bot.py", line 497, in _do_post
    return await request.post(
           ^^^^^^^^^^^^^^^^^^^
    ...<6 lines>...
    )
    ^
  File "C:\Users\Lenovo\AppData\Local\Packages\PythonSoftwareFoundation.Python.3.13_qbz5n2kfra8p0\LocalCache\local-packages\Python313\site-packages\telegram\request\_baserequest.py", line 168, in post
    result = await self._request_wrapper(
             ^^^^^^^^^^^^^^^^^^^^^^^^^^^^
    ...<7 lines>...
    )
    ^
  File "C:\Users\Lenovo\AppData\Local\Packages\PythonSoftwareFoundation.Python.3.13_qbz5n2kfra8p0\LocalCache\local-packages\Python313\site-packages\telegram\request\_baserequest.py", line 330, in _request_wrapper
    raise Conflict(message)
telegram.error.Conflict: Conflict: terminated by other getUpdates request; make sure that only one bot instance is running
2025-09-27 23:46:14,510 - __main__ - ERROR - Update None caused error Conflict: terminated by other getUpdates request; make sure that only one bot instance is running
2025-09-27 23:46:20,900 - httpx - INFO - HTTP Request: POST https://api.telegram.org/bot7481731907:AAGA8Rmu3eC5QUyhUcl4DuaVaH08qA9O4sE/getUpdates "HTTP/1.1 409 Conflict"
2025-09-27 23:46:20,901 - telegram.ext.Updater - ERROR - Error while getting Updates: Conflict: terminated by other getUpdates request; make sure that only one bot instance is running
2025-09-27 23:46:20,902 - __main__ - ERROR - Exception while handling an update:
Traceback (most recent call last):
  File "C:\Users\Lenovo\AppData\Local\Packages\PythonSoftwareFoundation.Python.3.13_qbz5n2kfra8p0\LocalCache\local-packages\Python313\site-packages\telegram\ext\_updater.py", line 607, in _network_loop_retry
    if not await action_cb():
           ^^^^^^^^^^^^^^^^^
  File "C:\Users\Lenovo\AppData\Local\Packages\PythonSoftwareFoundation.Python.3.13_qbz5n2kfra8p0\LocalCache\local-packages\Python313\site-packages\telegram\ext\_updater.py", line 335, in polling_action_cb
    raise exc
  File "C:\Users\Lenovo\AppData\Local\Packages\PythonSoftwareFoundation.Python.3.13_qbz5n2kfra8p0\LocalCache\local-packages\Python313\site-packages\telegram\ext\_updater.py", line 320, in polling_action_cb
    updates = await self.bot.get_updates(
              ^^^^^^^^^^^^^^^^^^^^^^^^^^^
    ...<7 lines>...
    )
    ^
  File "C:\Users\Lenovo\AppData\Local\Packages\PythonSoftwareFoundation.Python.3.13_qbz5n2kfra8p0\LocalCache\local-packages\Python313\site-packages\telegram\ext\_extbot.py", line 543, in get_updates
    updates = await super().get_updates(
              ^^^^^^^^^^^^^^^^^^^^^^^^^^
    ...<9 lines>...
    )
    ^
  File "C:\Users\Lenovo\AppData\Local\Packages\PythonSoftwareFoundation.Python.3.13_qbz5n2kfra8p0\LocalCache\local-packages\Python313\site-packages\telegram\_bot.py", line 381, in decorator
    result = await func(self, *args, **kwargs)  # skipcq: PYL-E1102
             ^^^^^^^^^^^^^^^^^^^^^^^^^^^^^^^^^
  File "C:\Users\Lenovo\AppData\Local\Packages\PythonSoftwareFoundation.Python.3.13_qbz5n2kfra8p0\LocalCache\local-packages\Python313\site-packages\telegram\_bot.py", line 3661, in get_updates
    await self._post(
    ^^^^^^^^^^^^^^^^^
    ...<7 lines>...
    ),
    ^
  File "C:\Users\Lenovo\AppData\Local\Packages\PythonSoftwareFoundation.Python.3.13_qbz5n2kfra8p0\LocalCache\local-packages\Python313\site-packages\telegram\_bot.py", line 469, in _post
    return await self._do_post(
           ^^^^^^^^^^^^^^^^^^^^
    ...<6 lines>...
    )
    ^
  File "C:\Users\Lenovo\AppData\Local\Packages\PythonSoftwareFoundation.Python.3.13_qbz5n2kfra8p0\LocalCache\local-packages\Python313\site-packages\telegram\ext\_extbot.py", line 325, in _do_post
    return await super()._do_post(
           ^^^^^^^^^^^^^^^^^^^^^^^
    ...<6 lines>...
    )
    ^
  File "C:\Users\Lenovo\AppData\Local\Packages\PythonSoftwareFoundation.Python.3.13_qbz5n2kfra8p0\LocalCache\local-packages\Python313\site-packages\telegram\_bot.py", line 497, in _do_post
    return await request.post(
           ^^^^^^^^^^^^^^^^^^^
    ...<6 lines>...
    )
    ^
  File "C:\Users\Lenovo\AppData\Local\Packages\PythonSoftwareFoundation.Python.3.13_qbz5n2kfra8p0\LocalCache\local-packages\Python313\site-packages\telegram\request\_baserequest.py", line 168, in post
    result = await self._request_wrapper(
             ^^^^^^^^^^^^^^^^^^^^^^^^^^^^
    ...<7 lines>...
    )
    ^
  File "C:\Users\Lenovo\AppData\Local\Packages\PythonSoftwareFoundation.Python.3.13_qbz5n2kfra8p0\LocalCache\local-packages\Python313\site-packages\telegram\request\_baserequest.py", line 330, in _request_wrapper
    raise Conflict(message)
telegram.error.Conflict: Conflict: terminated by other getUpdates request; make sure that only one bot instance is running
2025-09-27 23:46:20,907 - __main__ - ERROR - Update None caused error Conflict: terminated by other getUpdates request; make sure that only one bot instance is running
2025-09-27 23:46:30,944 - httpx - INFO - HTTP Request: POST https://api.telegram.org/bot7481731907:AAGA8Rmu3eC5QUyhUcl4DuaVaH08qA9O4sE/getUpdates "HTTP/1.1 409 Conflict"
2025-09-27 23:46:30,946 - telegram.ext.Updater - ERROR - Error while getting Updates: Conflict: terminated by other getUpdates request; make sure that only one bot instance is running
2025-09-27 23:46:30,946 - __main__ - ERROR - Exception while handling an update:
Traceback (most recent call last):
  File "C:\Users\Lenovo\AppData\Local\Packages\PythonSoftwareFoundation.Python.3.13_qbz5n2kfra8p0\LocalCache\local-packages\Python313\site-packages\telegram\ext\_updater.py", line 607, in _network_loop_retry
    if not await action_cb():
           ^^^^^^^^^^^^^^^^^
  File "C:\Users\Lenovo\AppData\Local\Packages\PythonSoftwareFoundation.Python.3.13_qbz5n2kfra8p0\LocalCache\local-packages\Python313\site-packages\telegram\ext\_updater.py", line 335, in polling_action_cb
    raise exc
  File "C:\Users\Lenovo\AppData\Local\Packages\PythonSoftwareFoundation.Python.3.13_qbz5n2kfra8p0\LocalCache\local-packages\Python313\site-packages\telegram\ext\_updater.py", line 320, in polling_action_cb
    updates = await self.bot.get_updates(
              ^^^^^^^^^^^^^^^^^^^^^^^^^^^
    ...<7 lines>...
    )
    ^
  File "C:\Users\Lenovo\AppData\Local\Packages\PythonSoftwareFoundation.Python.3.13_qbz5n2kfra8p0\LocalCache\local-packages\Python313\site-packages\telegram\ext\_extbot.py", line 543, in get_updates
    updates = await super().get_updates(
              ^^^^^^^^^^^^^^^^^^^^^^^^^^
    ...<9 lines>...
    )
    ^
  File "C:\Users\Lenovo\AppData\Local\Packages\PythonSoftwareFoundation.Python.3.13_qbz5n2kfra8p0\LocalCache\local-packages\Python313\site-packages\telegram\_bot.py", line 381, in decorator
    result = await func(self, *args, **kwargs)  # skipcq: PYL-E1102
             ^^^^^^^^^^^^^^^^^^^^^^^^^^^^^^^^^
  File "C:\Users\Lenovo\AppData\Local\Packages\PythonSoftwareFoundation.Python.3.13_qbz5n2kfra8p0\LocalCache\local-packages\Python313\site-packages\telegram\_bot.py", line 3661, in get_updates
    await self._post(
    ^^^^^^^^^^^^^^^^^
    ...<7 lines>...
    ),
    ^
  File "C:\Users\Lenovo\AppData\Local\Packages\PythonSoftwareFoundation.Python.3.13_qbz5n2kfra8p0\LocalCache\local-packages\Python313\site-packages\telegram\_bot.py", line 469, in _post
    return await self._do_post(
           ^^^^^^^^^^^^^^^^^^^^
    ...<6 lines>...
    )
    ^
  File "C:\Users\Lenovo\AppData\Local\Packages\PythonSoftwareFoundation.Python.3.13_qbz5n2kfra8p0\LocalCache\local-packages\Python313\site-packages\telegram\ext\_extbot.py", line 325, in _do_post
    return await super()._do_post(
           ^^^^^^^^^^^^^^^^^^^^^^^
    ...<6 lines>...
    )
    ^
  File "C:\Users\Lenovo\AppData\Local\Packages\PythonSoftwareFoundation.Python.3.13_qbz5n2kfra8p0\LocalCache\local-packages\Python313\site-packages\telegram\_bot.py", line 497, in _do_post
    return await request.post(
           ^^^^^^^^^^^^^^^^^^^
    ...<6 lines>...
    )
    ^
  File "C:\Users\Lenovo\AppData\Local\Packages\PythonSoftwareFoundation.Python.3.13_qbz5n2kfra8p0\LocalCache\local-packages\Python313\site-packages\telegram\request\_baserequest.py", line 168, in post
    result = await self._request_wrapper(
             ^^^^^^^^^^^^^^^^^^^^^^^^^^^^
    ...<7 lines>...
    )
    ^
  File "C:\Users\Lenovo\AppData\Local\Packages\PythonSoftwareFoundation.Python.3.13_qbz5n2kfra8p0\LocalCache\local-packages\Python313\site-packages\telegram\request\_baserequest.py", line 330, in _request_wrapper
    raise Conflict(message)
telegram.error.Conflict: Conflict: terminated by other getUpdates request; make sure that only one bot instance is running
2025-09-27 23:46:30,951 - __main__ - ERROR - Update None caused error Conflict: terminated by other getUpdates request; make sure that only one bot instance is running
2025-09-27 23:46:45,905 - httpx - INFO - HTTP Request: POST https://api.telegram.org/bot7481731907:AAGA8Rmu3eC5QUyhUcl4DuaVaH08qA9O4sE/getUpdates "HTTP/1.1 409 Conflict"
2025-09-27 23:46:45,907 - telegram.ext.Updater - ERROR - Error while getting Updates: Conflict: terminated by other getUpdates request; make sure that only one bot instance is running
2025-09-27 23:46:45,907 - __main__ - ERROR - Exception while handling an update:
Traceback (most recent call last):
  File "C:\Users\Lenovo\AppData\Local\Packages\PythonSoftwareFoundation.Python.3.13_qbz5n2kfra8p0\LocalCache\local-packages\Python313\site-packages\telegram\ext\_updater.py", line 607, in _network_loop_retry
    if not await action_cb():
           ^^^^^^^^^^^^^^^^^
  File "C:\Users\Lenovo\AppData\Local\Packages\PythonSoftwareFoundation.Python.3.13_qbz5n2kfra8p0\LocalCache\local-packages\Python313\site-packages\telegram\ext\_updater.py", line 335, in polling_action_cb
    raise exc
  File "C:\Users\Lenovo\AppData\Local\Packages\PythonSoftwareFoundation.Python.3.13_qbz5n2kfra8p0\LocalCache\local-packages\Python313\site-packages\telegram\ext\_updater.py", line 320, in polling_action_cb
    updates = await self.bot.get_updates(
              ^^^^^^^^^^^^^^^^^^^^^^^^^^^
    ...<7 lines>...
    )
    ^
  File "C:\Users\Lenovo\AppData\Local\Packages\PythonSoftwareFoundation.Python.3.13_qbz5n2kfra8p0\LocalCache\local-packages\Python313\site-packages\telegram\ext\_extbot.py", line 543, in get_updates
    updates = await super().get_updates(
              ^^^^^^^^^^^^^^^^^^^^^^^^^^
    ...<9 lines>...
    )
    ^
  File "C:\Users\Lenovo\AppData\Local\Packages\PythonSoftwareFoundation.Python.3.13_qbz5n2kfra8p0\LocalCache\local-packages\Python313\site-packages\telegram\_bot.py", line 381, in decorator
    result = await func(self, *args, **kwargs)  # skipcq: PYL-E1102
             ^^^^^^^^^^^^^^^^^^^^^^^^^^^^^^^^^
  File "C:\Users\Lenovo\AppData\Local\Packages\PythonSoftwareFoundation.Python.3.13_qbz5n2kfra8p0\LocalCache\local-packages\Python313\site-packages\telegram\_bot.py", line 3661, in get_updates
    await self._post(
    ^^^^^^^^^^^^^^^^^
    ...<7 lines>...
    ),
    ^
  File "C:\Users\Lenovo\AppData\Local\Packages\PythonSoftwareFoundation.Python.3.13_qbz5n2kfra8p0\LocalCache\local-packages\Python313\site-packages\telegram\_bot.py", line 469, in _post
    return await self._do_post(
           ^^^^^^^^^^^^^^^^^^^^
    ...<6 lines>...
    )
    ^
  File "C:\Users\Lenovo\AppData\Local\Packages\PythonSoftwareFoundation.Python.3.13_qbz5n2kfra8p0\LocalCache\local-packages\Python313\site-packages\telegram\ext\_extbot.py", line 325, in _do_post
    return await super()._do_post(
           ^^^^^^^^^^^^^^^^^^^^^^^
    ...<6 lines>...
    )
    ^
  File "C:\Users\Lenovo\AppData\Local\Packages\PythonSoftwareFoundation.Python.3.13_qbz5n2kfra8p0\LocalCache\local-packages\Python313\site-packages\telegram\_bot.py", line 497, in _do_post
    return await request.post(
           ^^^^^^^^^^^^^^^^^^^
    ...<6 lines>...
    )
    ^
  File "C:\Users\Lenovo\AppData\Local\Packages\PythonSoftwareFoundation.Python.3.13_qbz5n2kfra8p0\LocalCache\local-packages\Python313\site-packages\telegram\request\_baserequest.py", line 168, in post
    result = await self._request_wrapper(
             ^^^^^^^^^^^^^^^^^^^^^^^^^^^^
    ...<7 lines>...
    )
    ^
  File "C:\Users\Lenovo\AppData\Local\Packages\PythonSoftwareFoundation.Python.3.13_qbz5n2kfra8p0\LocalCache\local-packages\Python313\site-packages\telegram\request\_baserequest.py", line 330, in _request_wrapper
    raise Conflict(message)
telegram.error.Conflict: Conflict: terminated by other getUpdates request; make sure that only one bot instance is running
2025-09-27 23:46:45,913 - __main__ - ERROR - Update None caused error Conflict: terminated by other getUpdates request; make sure that only one bot instance is running
2025-09-27 23:47:08,846 - httpx - INFO - HTTP Request: POST https://api.telegram.org/bot7481731907:AAGA8Rmu3eC5QUyhUcl4DuaVaH08qA9O4sE/getUpdates "HTTP/1.1 409 Conflict"
2025-09-27 23:47:08,848 - telegram.ext.Updater - ERROR - Error while getting Updates: Conflict: terminated by other getUpdates request; make sure that only one bot instance is running
2025-09-27 23:47:08,849 - __main__ - ERROR - Exception while handling an update:
Traceback (most recent call last):
  File "C:\Users\Lenovo\AppData\Local\Packages\PythonSoftwareFoundation.Python.3.13_qbz5n2kfra8p0\LocalCache\local-packages\Python313\site-packages\telegram\ext\_updater.py", line 607, in _network_loop_retry
    if not await action_cb():
           ^^^^^^^^^^^^^^^^^
  File "C:\Users\Lenovo\AppData\Local\Packages\PythonSoftwareFoundation.Python.3.13_qbz5n2kfra8p0\LocalCache\local-packages\Python313\site-packages\telegram\ext\_updater.py", line 335, in polling_action_cb
    raise exc
  File "C:\Users\Lenovo\AppData\Local\Packages\PythonSoftwareFoundation.Python.3.13_qbz5n2kfra8p0\LocalCache\local-packages\Python313\site-packages\telegram\ext\_updater.py", line 320, in polling_action_cb
    updates = await self.bot.get_updates(
              ^^^^^^^^^^^^^^^^^^^^^^^^^^^
    ...<7 lines>...
    )
    ^
  File "C:\Users\Lenovo\AppData\Local\Packages\PythonSoftwareFoundation.Python.3.13_qbz5n2kfra8p0\LocalCache\local-packages\Python313\site-packages\telegram\ext\_extbot.py", line 543, in get_updates
    updates = await super().get_updates(
              ^^^^^^^^^^^^^^^^^^^^^^^^^^
    ...<9 lines>...
    )
    ^
  File "C:\Users\Lenovo\AppData\Local\Packages\PythonSoftwareFoundation.Python.3.13_qbz5n2kfra8p0\LocalCache\local-packages\Python313\site-packages\telegram\_bot.py", line 381, in decorator
    result = await func(self, *args, **kwargs)  # skipcq: PYL-E1102
             ^^^^^^^^^^^^^^^^^^^^^^^^^^^^^^^^^
  File "C:\Users\Lenovo\AppData\Local\Packages\PythonSoftwareFoundation.Python.3.13_qbz5n2kfra8p0\LocalCache\local-packages\Python313\site-packages\telegram\_bot.py", line 3661, in get_updates
    await self._post(
    ^^^^^^^^^^^^^^^^^
    ...<7 lines>...
    ),
    ^
  File "C:\Users\Lenovo\AppData\Local\Packages\PythonSoftwareFoundation.Python.3.13_qbz5n2kfra8p0\LocalCache\local-packages\Python313\site-packages\telegram\_bot.py", line 469, in _post
    return await self._do_post(
           ^^^^^^^^^^^^^^^^^^^^
    ...<6 lines>...
    )
    ^
  File "C:\Users\Lenovo\AppData\Local\Packages\PythonSoftwareFoundation.Python.3.13_qbz5n2kfra8p0\LocalCache\local-packages\Python313\site-packages\telegram\ext\_extbot.py", line 325, in _do_post
    return await super()._do_post(
           ^^^^^^^^^^^^^^^^^^^^^^^
    ...<6 lines>...
    )
    ^
  File "C:\Users\Lenovo\AppData\Local\Packages\PythonSoftwareFoundation.Python.3.13_qbz5n2kfra8p0\LocalCache\local-packages\Python313\site-packages\telegram\_bot.py", line 497, in _do_post
    return await request.post(
           ^^^^^^^^^^^^^^^^^^^
    ...<6 lines>...
    )
    ^
  File "C:\Users\Lenovo\AppData\Local\Packages\PythonSoftwareFoundation.Python.3.13_qbz5n2kfra8p0\LocalCache\local-packages\Python313\site-packages\telegram\request\_baserequest.py", line 168, in post
    result = await self._request_wrapper(
             ^^^^^^^^^^^^^^^^^^^^^^^^^^^^
    ...<7 lines>...
    )
    ^
  File "C:\Users\Lenovo\AppData\Local\Packages\PythonSoftwareFoundation.Python.3.13_qbz5n2kfra8p0\LocalCache\local-packages\Python313\site-packages\telegram\request\_baserequest.py", line 330, in _request_wrapper
    raise Conflict(message)
telegram.error.Conflict: Conflict: terminated by other getUpdates request; make sure that only one bot instance is running
2025-09-27 23:47:08,854 - __main__ - ERROR - Update None caused error Conflict: terminated by other getUpdates request; make sure that only one bot instance is running
2025-09-27 23:47:39,313 - httpx - INFO - HTTP Request: POST https://api.telegram.org/bot7481731907:AAGA8Rmu3eC5QUyhUcl4DuaVaH08qA9O4sE/getUpdates "HTTP/1.1 409 Conflict"
2025-09-27 23:47:39,314 - telegram.ext.Updater - ERROR - Error while getting Updates: Conflict: terminated by other getUpdates request; make sure that only one bot instance is running
2025-09-27 23:47:39,315 - __main__ - ERROR - Exception while handling an update:
Traceback (most recent call last):
  File "C:\Users\Lenovo\AppData\Local\Packages\PythonSoftwareFoundation.Python.3.13_qbz5n2kfra8p0\LocalCache\local-packages\Python313\site-packages\telegram\ext\_updater.py", line 607, in _network_loop_retry
    if not await action_cb():
           ^^^^^^^^^^^^^^^^^
  File "C:\Users\Lenovo\AppData\Local\Packages\PythonSoftwareFoundation.Python.3.13_qbz5n2kfra8p0\LocalCache\local-packages\Python313\site-packages\telegram\ext\_updater.py", line 335, in polling_action_cb
    raise exc
  File "C:\Users\Lenovo\AppData\Local\Packages\PythonSoftwareFoundation.Python.3.13_qbz5n2kfra8p0\LocalCache\local-packages\Python313\site-packages\telegram\ext\_updater.py", line 320, in polling_action_cb
    updates = await self.bot.get_updates(
              ^^^^^^^^^^^^^^^^^^^^^^^^^^^
    ...<7 lines>...
    )
    ^
  File "C:\Users\Lenovo\AppData\Local\Packages\PythonSoftwareFoundation.Python.3.13_qbz5n2kfra8p0\LocalCache\local-packages\Python313\site-packages\telegram\ext\_extbot.py", line 543, in get_updates
    updates = await super().get_updates(
              ^^^^^^^^^^^^^^^^^^^^^^^^^^
    ...<9 lines>...
    )
    ^
  File "C:\Users\Lenovo\AppData\Local\Packages\PythonSoftwareFoundation.Python.3.13_qbz5n2kfra8p0\LocalCache\local-packages\Python313\site-packages\telegram\_bot.py", line 381, in decorator
    result = await func(self, *args, **kwargs)  # skipcq: PYL-E1102
             ^^^^^^^^^^^^^^^^^^^^^^^^^^^^^^^^^
  File "C:\Users\Lenovo\AppData\Local\Packages\PythonSoftwareFoundation.Python.3.13_qbz5n2kfra8p0\LocalCache\local-packages\Python313\site-packages\telegram\_bot.py", line 3661, in get_updates
    await self._post(
    ^^^^^^^^^^^^^^^^^
    ...<7 lines>...
    ),
    ^
  File "C:\Users\Lenovo\AppData\Local\Packages\PythonSoftwareFoundation.Python.3.13_qbz5n2kfra8p0\LocalCache\local-packages\Python313\site-packages\telegram\_bot.py", line 469, in _post
    return await self._do_post(
           ^^^^^^^^^^^^^^^^^^^^
    ...<6 lines>...
    )
    ^
  File "C:\Users\Lenovo\AppData\Local\Packages\PythonSoftwareFoundation.Python.3.13_qbz5n2kfra8p0\LocalCache\local-packages\Python313\site-packages\telegram\ext\_extbot.py", line 325, in _do_post
    return await super()._do_post(
           ^^^^^^^^^^^^^^^^^^^^^^^
    ...<6 lines>...
    )
    ^
  File "C:\Users\Lenovo\AppData\Local\Packages\PythonSoftwareFoundation.Python.3.13_qbz5n2kfra8p0\LocalCache\local-packages\Python313\site-packages\telegram\_bot.py", line 497, in _do_post
    return await request.post(
           ^^^^^^^^^^^^^^^^^^^
    ...<6 lines>...
    )
    ^
  File "C:\Users\Lenovo\AppData\Local\Packages\PythonSoftwareFoundation.Python.3.13_qbz5n2kfra8p0\LocalCache\local-packages\Python313\site-packages\telegram\request\_baserequest.py", line 168, in post
    result = await self._request_wrapper(
             ^^^^^^^^^^^^^^^^^^^^^^^^^^^^
    ...<7 lines>...
    )
    ^
  File "C:\Users\Lenovo\AppData\Local\Packages\PythonSoftwareFoundation.Python.3.13_qbz5n2kfra8p0\LocalCache\local-packages\Python313\site-packages\telegram\request\_baserequest.py", line 330, in _request_wrapper
    raise Conflict(message)
telegram.error.Conflict: Conflict: terminated by other getUpdates request; make sure that only one bot instance is running
2025-09-27 23:47:39,319 - __main__ - ERROR - Update None caused error Conflict: terminated by other getUpdates request; make sure that only one bot instance is running
2025-09-27 23:48:23,843 - httpx - INFO - HTTP Request: POST https://api.telegram.org/bot7481731907:AAGA8Rmu3eC5QUyhUcl4DuaVaH08qA9O4sE/getUpdates "HTTP/1.1 409 Conflict"
2025-09-27 23:48:23,844 - telegram.ext.Updater - ERROR - Error while getting Updates: Conflict: terminated by other getUpdates request; make sure that only one bot instance is running
2025-09-27 23:48:23,845 - __main__ - ERROR - Exception while handling an update:
Traceback (most recent call last):
  File "C:\Users\Lenovo\AppData\Local\Packages\PythonSoftwareFoundation.Python.3.13_qbz5n2kfra8p0\LocalCache\local-packages\Python313\site-packages\telegram\ext\_updater.py", line 607, in _network_loop_retry
    if not await action_cb():
           ^^^^^^^^^^^^^^^^^
  File "C:\Users\Lenovo\AppData\Local\Packages\PythonSoftwareFoundation.Python.3.13_qbz5n2kfra8p0\LocalCache\local-packages\Python313\site-packages\telegram\ext\_updater.py", line 335, in polling_action_cb
    raise exc
  File "C:\Users\Lenovo\AppData\Local\Packages\PythonSoftwareFoundation.Python.3.13_qbz5n2kfra8p0\LocalCache\local-packages\Python313\site-packages\telegram\ext\_updater.py", line 320, in polling_action_cb
    updates = await self.bot.get_updates(
              ^^^^^^^^^^^^^^^^^^^^^^^^^^^
    ...<7 lines>...
    )
    ^
  File "C:\Users\Lenovo\AppData\Local\Packages\PythonSoftwareFoundation.Python.3.13_qbz5n2kfra8p0\LocalCache\local-packages\Python313\site-packages\telegram\ext\_extbot.py", line 543, in get_updates
    updates = await super().get_updates(
              ^^^^^^^^^^^^^^^^^^^^^^^^^^
    ...<9 lines>...
    )
    ^
  File "C:\Users\Lenovo\AppData\Local\Packages\PythonSoftwareFoundation.Python.3.13_qbz5n2kfra8p0\LocalCache\local-packages\Python313\site-packages\telegram\_bot.py", line 381, in decorator
    result = await func(self, *args, **kwargs)  # skipcq: PYL-E1102
             ^^^^^^^^^^^^^^^^^^^^^^^^^^^^^^^^^
  File "C:\Users\Lenovo\AppData\Local\Packages\PythonSoftwareFoundation.Python.3.13_qbz5n2kfra8p0\LocalCache\local-packages\Python313\site-packages\telegram\_bot.py", line 3661, in get_updates
    await self._post(
    ^^^^^^^^^^^^^^^^^
    ...<7 lines>...
    ),
    ^
  File "C:\Users\Lenovo\AppData\Local\Packages\PythonSoftwareFoundation.Python.3.13_qbz5n2kfra8p0\LocalCache\local-packages\Python313\site-packages\telegram\_bot.py", line 469, in _post
    return await self._do_post(
           ^^^^^^^^^^^^^^^^^^^^
    ...<6 lines>...
    )
    ^
  File "C:\Users\Lenovo\AppData\Local\Packages\PythonSoftwareFoundation.Python.3.13_qbz5n2kfra8p0\LocalCache\local-packages\Python313\site-packages\telegram\ext\_extbot.py", line 325, in _do_post
    return await super()._do_post(
           ^^^^^^^^^^^^^^^^^^^^^^^
    ...<6 lines>...
    )
    ^
  File "C:\Users\Lenovo\AppData\Local\Packages\PythonSoftwareFoundation.Python.3.13_qbz5n2kfra8p0\LocalCache\local-packages\Python313\site-packages\telegram\_bot.py", line 497, in _do_post
    return await request.post(
           ^^^^^^^^^^^^^^^^^^^
    ...<6 lines>...
    )
    ^
  File "C:\Users\Lenovo\AppData\Local\Packages\PythonSoftwareFoundation.Python.3.13_qbz5n2kfra8p0\LocalCache\local-packages\Python313\site-packages\telegram\request\_baserequest.py", line 168, in post
    result = await self._request_wrapper(
             ^^^^^^^^^^^^^^^^^^^^^^^^^^^^
    ...<7 lines>...
    )
    ^
  File "C:\Users\Lenovo\AppData\Local\Packages\PythonSoftwareFoundation.Python.3.13_qbz5n2kfra8p0\LocalCache\local-packages\Python313\site-packages\telegram\request\_baserequest.py", line 330, in _request_wrapper
    raise Conflict(message)
telegram.error.Conflict: Conflict: terminated by other getUpdates request; make sure that only one bot instance is running
2025-09-27 23:48:23,851 - __main__ - ERROR - Update None caused error Conflict: terminated by other getUpdates request; make sure that only one bot instance is running
2025-09-27 23:48:40,042 - telegram.ext.Application - INFO - Application is stopping. This might take a moment.
2025-09-27 23:48:40,043 - telegram.ext.Application - INFO - Application.stop() complete
2025-09-27 23:55:53,837 - httpx - INFO - HTTP Request: POST https://api.telegram.org/bot7481731907:AAGA8Rmu3eC5QUyhUcl4DuaVaH08qA9O4sE/getMe "HTTP/1.1 200 OK"
2025-09-27 23:55:54,451 - httpx - INFO - HTTP Request: POST https://api.telegram.org/bot7481731907:AAGA8Rmu3eC5QUyhUcl4DuaVaH08qA9O4sE/sendMessage "HTTP/1.1 200 OK"
2025-09-27 23:55:54,827 - httpx - INFO - HTTP Request: POST https://api.telegram.org/bot7481731907:AAGA8Rmu3eC5QUyhUcl4DuaVaH08qA9O4sE/deleteWebhook "HTTP/1.1 200 OK"
2025-09-27 23:55:54,830 - telegram.ext.Application - INFO - Application started
2025-09-27 23:56:00,795 - httpx - INFO - HTTP Request: POST https://api.telegram.org/bot7481731907:AAGA8Rmu3eC5QUyhUcl4DuaVaH08qA9O4sE/getUpdates "HTTP/1.1 409 Conflict"
2025-09-27 23:56:00,798 - telegram.ext.Updater - ERROR - Error while getting Updates: Conflict: terminated by other getUpdates request; make sure that only one bot instance is running
2025-09-27 23:56:00,799 - __main__ - ERROR - Exception while handling an update:
Traceback (most recent call last):
  File "C:\Users\Lenovo\AppData\Local\Packages\PythonSoftwareFoundation.Python.3.13_qbz5n2kfra8p0\LocalCache\local-packages\Python313\site-packages\telegram\ext\_updater.py", line 607, in _network_loop_retry
    if not await action_cb():
           ^^^^^^^^^^^^^^^^^
  File "C:\Users\Lenovo\AppData\Local\Packages\PythonSoftwareFoundation.Python.3.13_qbz5n2kfra8p0\LocalCache\local-packages\Python313\site-packages\telegram\ext\_updater.py", line 335, in polling_action_cb
    raise exc
  File "C:\Users\Lenovo\AppData\Local\Packages\PythonSoftwareFoundation.Python.3.13_qbz5n2kfra8p0\LocalCache\local-packages\Python313\site-packages\telegram\ext\_updater.py", line 320, in polling_action_cb
    updates = await self.bot.get_updates(
              ^^^^^^^^^^^^^^^^^^^^^^^^^^^
    ...<7 lines>...
    )
    ^
  File "C:\Users\Lenovo\AppData\Local\Packages\PythonSoftwareFoundation.Python.3.13_qbz5n2kfra8p0\LocalCache\local-packages\Python313\site-packages\telegram\ext\_extbot.py", line 543, in get_updates
    updates = await super().get_updates(
              ^^^^^^^^^^^^^^^^^^^^^^^^^^
    ...<9 lines>...
    )
    ^
  File "C:\Users\Lenovo\AppData\Local\Packages\PythonSoftwareFoundation.Python.3.13_qbz5n2kfra8p0\LocalCache\local-packages\Python313\site-packages\telegram\_bot.py", line 381, in decorator
    result = await func(self, *args, **kwargs)  # skipcq: PYL-E1102
             ^^^^^^^^^^^^^^^^^^^^^^^^^^^^^^^^^
  File "C:\Users\Lenovo\AppData\Local\Packages\PythonSoftwareFoundation.Python.3.13_qbz5n2kfra8p0\LocalCache\local-packages\Python313\site-packages\telegram\_bot.py", line 3661, in get_updates
    await self._post(
    ^^^^^^^^^^^^^^^^^
    ...<7 lines>...
    ),
    ^
  File "C:\Users\Lenovo\AppData\Local\Packages\PythonSoftwareFoundation.Python.3.13_qbz5n2kfra8p0\LocalCache\local-packages\Python313\site-packages\telegram\_bot.py", line 469, in _post
    return await self._do_post(
           ^^^^^^^^^^^^^^^^^^^^
    ...<6 lines>...
    )
    ^
  File "C:\Users\Lenovo\AppData\Local\Packages\PythonSoftwareFoundation.Python.3.13_qbz5n2kfra8p0\LocalCache\local-packages\Python313\site-packages\telegram\ext\_extbot.py", line 325, in _do_post
    return await super()._do_post(
           ^^^^^^^^^^^^^^^^^^^^^^^
    ...<6 lines>...
    )
    ^
  File "C:\Users\Lenovo\AppData\Local\Packages\PythonSoftwareFoundation.Python.3.13_qbz5n2kfra8p0\LocalCache\local-packages\Python313\site-packages\telegram\_bot.py", line 497, in _do_post
    return await request.post(
           ^^^^^^^^^^^^^^^^^^^
    ...<6 lines>...
    )
    ^
  File "C:\Users\Lenovo\AppData\Local\Packages\PythonSoftwareFoundation.Python.3.13_qbz5n2kfra8p0\LocalCache\local-packages\Python313\site-packages\telegram\request\_baserequest.py", line 168, in post
    result = await self._request_wrapper(
             ^^^^^^^^^^^^^^^^^^^^^^^^^^^^
    ...<7 lines>...
    )
    ^
  File "C:\Users\Lenovo\AppData\Local\Packages\PythonSoftwareFoundation.Python.3.13_qbz5n2kfra8p0\LocalCache\local-packages\Python313\site-packages\telegram\request\_baserequest.py", line 330, in _request_wrapper
    raise Conflict(message)
telegram.error.Conflict: Conflict: terminated by other getUpdates request; make sure that only one bot instance is running
2025-09-27 23:56:00,813 - __main__ - ERROR - Update None caused error Conflict: terminated by other getUpdates request; make sure that only one bot instance is running
2025-09-27 23:56:07,533 - httpx - INFO - HTTP Request: POST https://api.telegram.org/bot7481731907:AAGA8Rmu3eC5QUyhUcl4DuaVaH08qA9O4sE/getUpdates "HTTP/1.1 409 Conflict"
2025-09-27 23:56:07,535 - telegram.ext.Updater - ERROR - Error while getting Updates: Conflict: terminated by other getUpdates request; make sure that only one bot instance is running
2025-09-27 23:56:07,536 - __main__ - ERROR - Exception while handling an update:
Traceback (most recent call last):
  File "C:\Users\Lenovo\AppData\Local\Packages\PythonSoftwareFoundation.Python.3.13_qbz5n2kfra8p0\LocalCache\local-packages\Python313\site-packages\telegram\ext\_updater.py", line 607, in _network_loop_retry
    if not await action_cb():
           ^^^^^^^^^^^^^^^^^
  File "C:\Users\Lenovo\AppData\Local\Packages\PythonSoftwareFoundation.Python.3.13_qbz5n2kfra8p0\LocalCache\local-packages\Python313\site-packages\telegram\ext\_updater.py", line 335, in polling_action_cb
    raise exc
  File "C:\Users\Lenovo\AppData\Local\Packages\PythonSoftwareFoundation.Python.3.13_qbz5n2kfra8p0\LocalCache\local-packages\Python313\site-packages\telegram\ext\_updater.py", line 320, in polling_action_cb
    updates = await self.bot.get_updates(
              ^^^^^^^^^^^^^^^^^^^^^^^^^^^
    ...<7 lines>...
    )
    ^
  File "C:\Users\Lenovo\AppData\Local\Packages\PythonSoftwareFoundation.Python.3.13_qbz5n2kfra8p0\LocalCache\local-packages\Python313\site-packages\telegram\ext\_extbot.py", line 543, in get_updates
    updates = await super().get_updates(
              ^^^^^^^^^^^^^^^^^^^^^^^^^^
    ...<9 lines>...
    )
    ^
  File "C:\Users\Lenovo\AppData\Local\Packages\PythonSoftwareFoundation.Python.3.13_qbz5n2kfra8p0\LocalCache\local-packages\Python313\site-packages\telegram\_bot.py", line 381, in decorator
    result = await func(self, *args, **kwargs)  # skipcq: PYL-E1102
             ^^^^^^^^^^^^^^^^^^^^^^^^^^^^^^^^^
  File "C:\Users\Lenovo\AppData\Local\Packages\PythonSoftwareFoundation.Python.3.13_qbz5n2kfra8p0\LocalCache\local-packages\Python313\site-packages\telegram\_bot.py", line 3661, in get_updates
    await self._post(
    ^^^^^^^^^^^^^^^^^
    ...<7 lines>...
    ),
    ^
  File "C:\Users\Lenovo\AppData\Local\Packages\PythonSoftwareFoundation.Python.3.13_qbz5n2kfra8p0\LocalCache\local-packages\Python313\site-packages\telegram\_bot.py", line 469, in _post
    return await self._do_post(
           ^^^^^^^^^^^^^^^^^^^^
    ...<6 lines>...
    )
    ^
  File "C:\Users\Lenovo\AppData\Local\Packages\PythonSoftwareFoundation.Python.3.13_qbz5n2kfra8p0\LocalCache\local-packages\Python313\site-packages\telegram\ext\_extbot.py", line 325, in _do_post
    return await super()._do_post(
           ^^^^^^^^^^^^^^^^^^^^^^^
    ...<6 lines>...
    )
    ^
  File "C:\Users\Lenovo\AppData\Local\Packages\PythonSoftwareFoundation.Python.3.13_qbz5n2kfra8p0\LocalCache\local-packages\Python313\site-packages\telegram\_bot.py", line 497, in _do_post
    return await request.post(
           ^^^^^^^^^^^^^^^^^^^
    ...<6 lines>...
    )
    ^
  File "C:\Users\Lenovo\AppData\Local\Packages\PythonSoftwareFoundation.Python.3.13_qbz5n2kfra8p0\LocalCache\local-packages\Python313\site-packages\telegram\request\_baserequest.py", line 168, in post
    result = await self._request_wrapper(
             ^^^^^^^^^^^^^^^^^^^^^^^^^^^^
    ...<7 lines>...
    )
    ^
  File "C:\Users\Lenovo\AppData\Local\Packages\PythonSoftwareFoundation.Python.3.13_qbz5n2kfra8p0\LocalCache\local-packages\Python313\site-packages\telegram\request\_baserequest.py", line 330, in _request_wrapper
    raise Conflict(message)
telegram.error.Conflict: Conflict: terminated by other getUpdates request; make sure that only one bot instance is running
2025-09-27 23:56:07,545 - __main__ - ERROR - Update None caused error Conflict: terminated by other getUpdates request; make sure that only one bot instance is running
2025-09-27 23:56:10,439 - httpx - INFO - HTTP Request: POST https://api.telegram.org/bot7481731907:AAGA8Rmu3eC5QUyhUcl4DuaVaH08qA9O4sE/getUpdates "HTTP/1.1 200 OK"
2025-09-27 23:56:11,530 - httpx - INFO - HTTP Request: POST https://api.telegram.org/bot7481731907:AAGA8Rmu3eC5QUyhUcl4DuaVaH08qA9O4sE/getMe "HTTP/1.1 200 OK"
2025-09-27 23:56:12,232 - httpx - INFO - HTTP Request: POST https://api.telegram.org/bot7481731907:AAGA8Rmu3eC5QUyhUcl4DuaVaH08qA9O4sE/sendMessage "HTTP/1.1 200 OK"
2025-09-27 23:56:14,935 - httpx - INFO - HTTP Request: POST https://api.telegram.org/bot7481731907:AAGA8Rmu3eC5QUyhUcl4DuaVaH08qA9O4sE/getUpdates "HTTP/1.1 409 Conflict"
2025-09-27 23:56:14,937 - telegram.ext.Updater - ERROR - Error while getting Updates: Conflict: terminated by other getUpdates request; make sure that only one bot instance is running
2025-09-27 23:56:14,937 - __main__ - ERROR - Exception while handling an update:
Traceback (most recent call last):
  File "C:\Users\Lenovo\AppData\Local\Packages\PythonSoftwareFoundation.Python.3.13_qbz5n2kfra8p0\LocalCache\local-packages\Python313\site-packages\telegram\ext\_updater.py", line 607, in _network_loop_retry
    if not await action_cb():
           ^^^^^^^^^^^^^^^^^
  File "C:\Users\Lenovo\AppData\Local\Packages\PythonSoftwareFoundation.Python.3.13_qbz5n2kfra8p0\LocalCache\local-packages\Python313\site-packages\telegram\ext\_updater.py", line 335, in polling_action_cb
    raise exc
  File "C:\Users\Lenovo\AppData\Local\Packages\PythonSoftwareFoundation.Python.3.13_qbz5n2kfra8p0\LocalCache\local-packages\Python313\site-packages\telegram\ext\_updater.py", line 320, in polling_action_cb
    updates = await self.bot.get_updates(
              ^^^^^^^^^^^^^^^^^^^^^^^^^^^
    ...<7 lines>...
    )
    ^
  File "C:\Users\Lenovo\AppData\Local\Packages\PythonSoftwareFoundation.Python.3.13_qbz5n2kfra8p0\LocalCache\local-packages\Python313\site-packages\telegram\ext\_extbot.py", line 543, in get_updates
    updates = await super().get_updates(
              ^^^^^^^^^^^^^^^^^^^^^^^^^^
    ...<9 lines>...
    )
    ^
  File "C:\Users\Lenovo\AppData\Local\Packages\PythonSoftwareFoundation.Python.3.13_qbz5n2kfra8p0\LocalCache\local-packages\Python313\site-packages\telegram\_bot.py", line 381, in decorator
    result = await func(self, *args, **kwargs)  # skipcq: PYL-E1102
             ^^^^^^^^^^^^^^^^^^^^^^^^^^^^^^^^^
  File "C:\Users\Lenovo\AppData\Local\Packages\PythonSoftwareFoundation.Python.3.13_qbz5n2kfra8p0\LocalCache\local-packages\Python313\site-packages\telegram\_bot.py", line 3661, in get_updates
    await self._post(
    ^^^^^^^^^^^^^^^^^
    ...<7 lines>...
    ),
    ^
  File "C:\Users\Lenovo\AppData\Local\Packages\PythonSoftwareFoundation.Python.3.13_qbz5n2kfra8p0\LocalCache\local-packages\Python313\site-packages\telegram\_bot.py", line 469, in _post
    return await self._do_post(
           ^^^^^^^^^^^^^^^^^^^^
    ...<6 lines>...
    )
    ^
  File "C:\Users\Lenovo\AppData\Local\Packages\PythonSoftwareFoundation.Python.3.13_qbz5n2kfra8p0\LocalCache\local-packages\Python313\site-packages\telegram\ext\_extbot.py", line 325, in _do_post
    return await super()._do_post(
           ^^^^^^^^^^^^^^^^^^^^^^^
    ...<6 lines>...
    )
    ^
  File "C:\Users\Lenovo\AppData\Local\Packages\PythonSoftwareFoundation.Python.3.13_qbz5n2kfra8p0\LocalCache\local-packages\Python313\site-packages\telegram\_bot.py", line 497, in _do_post
    return await request.post(
           ^^^^^^^^^^^^^^^^^^^
    ...<6 lines>...
    )
    ^
  File "C:\Users\Lenovo\AppData\Local\Packages\PythonSoftwareFoundation.Python.3.13_qbz5n2kfra8p0\LocalCache\local-packages\Python313\site-packages\telegram\request\_baserequest.py", line 168, in post
    result = await self._request_wrapper(
             ^^^^^^^^^^^^^^^^^^^^^^^^^^^^
    ...<7 lines>...
    )
    ^
  File "C:\Users\Lenovo\AppData\Local\Packages\PythonSoftwareFoundation.Python.3.13_qbz5n2kfra8p0\LocalCache\local-packages\Python313\site-packages\telegram\request\_baserequest.py", line 330, in _request_wrapper
    raise Conflict(message)
telegram.error.Conflict: Conflict: terminated by other getUpdates request; make sure that only one bot instance is running
2025-09-27 23:56:14,943 - __main__ - ERROR - Update None caused error Conflict: terminated by other getUpdates request; make sure that only one bot instance is running
2025-09-27 23:56:22,464 - httpx - INFO - HTTP Request: POST https://api.telegram.org/bot7481731907:AAGA8Rmu3eC5QUyhUcl4DuaVaH08qA9O4sE/getUpdates "HTTP/1.1 409 Conflict"
2025-09-27 23:56:22,467 - telegram.ext.Updater - ERROR - Error while getting Updates: Conflict: terminated by other getUpdates request; make sure that only one bot instance is running
2025-09-27 23:56:22,468 - __main__ - ERROR - Exception while handling an update:
Traceback (most recent call last):
  File "C:\Users\Lenovo\AppData\Local\Packages\PythonSoftwareFoundation.Python.3.13_qbz5n2kfra8p0\LocalCache\local-packages\Python313\site-packages\telegram\ext\_updater.py", line 607, in _network_loop_retry
    if not await action_cb():
           ^^^^^^^^^^^^^^^^^
  File "C:\Users\Lenovo\AppData\Local\Packages\PythonSoftwareFoundation.Python.3.13_qbz5n2kfra8p0\LocalCache\local-packages\Python313\site-packages\telegram\ext\_updater.py", line 335, in polling_action_cb
    raise exc
  File "C:\Users\Lenovo\AppData\Local\Packages\PythonSoftwareFoundation.Python.3.13_qbz5n2kfra8p0\LocalCache\local-packages\Python313\site-packages\telegram\ext\_updater.py", line 320, in polling_action_cb
    updates = await self.bot.get_updates(
              ^^^^^^^^^^^^^^^^^^^^^^^^^^^
    ...<7 lines>...
    )
    ^
  File "C:\Users\Lenovo\AppData\Local\Packages\PythonSoftwareFoundation.Python.3.13_qbz5n2kfra8p0\LocalCache\local-packages\Python313\site-packages\telegram\ext\_extbot.py", line 543, in get_updates
    updates = await super().get_updates(
              ^^^^^^^^^^^^^^^^^^^^^^^^^^
    ...<9 lines>...
    )
    ^
  File "C:\Users\Lenovo\AppData\Local\Packages\PythonSoftwareFoundation.Python.3.13_qbz5n2kfra8p0\LocalCache\local-packages\Python313\site-packages\telegram\_bot.py", line 381, in decorator
    result = await func(self, *args, **kwargs)  # skipcq: PYL-E1102
             ^^^^^^^^^^^^^^^^^^^^^^^^^^^^^^^^^
  File "C:\Users\Lenovo\AppData\Local\Packages\PythonSoftwareFoundation.Python.3.13_qbz5n2kfra8p0\LocalCache\local-packages\Python313\site-packages\telegram\_bot.py", line 3661, in get_updates
    await self._post(
    ^^^^^^^^^^^^^^^^^
    ...<7 lines>...
    ),
    ^
  File "C:\Users\Lenovo\AppData\Local\Packages\PythonSoftwareFoundation.Python.3.13_qbz5n2kfra8p0\LocalCache\local-packages\Python313\site-packages\telegram\_bot.py", line 469, in _post
    return await self._do_post(
           ^^^^^^^^^^^^^^^^^^^^
    ...<6 lines>...
    )
    ^
  File "C:\Users\Lenovo\AppData\Local\Packages\PythonSoftwareFoundation.Python.3.13_qbz5n2kfra8p0\LocalCache\local-packages\Python313\site-packages\telegram\ext\_extbot.py", line 325, in _do_post
    return await super()._do_post(
           ^^^^^^^^^^^^^^^^^^^^^^^
    ...<6 lines>...
    )
    ^
  File "C:\Users\Lenovo\AppData\Local\Packages\PythonSoftwareFoundation.Python.3.13_qbz5n2kfra8p0\LocalCache\local-packages\Python313\site-packages\telegram\_bot.py", line 497, in _do_post
    return await request.post(
           ^^^^^^^^^^^^^^^^^^^
    ...<6 lines>...
    )
    ^
  File "C:\Users\Lenovo\AppData\Local\Packages\PythonSoftwareFoundation.Python.3.13_qbz5n2kfra8p0\LocalCache\local-packages\Python313\site-packages\telegram\request\_baserequest.py", line 168, in post
    result = await self._request_wrapper(
             ^^^^^^^^^^^^^^^^^^^^^^^^^^^^
    ...<7 lines>...
    )
    ^
  File "C:\Users\Lenovo\AppData\Local\Packages\PythonSoftwareFoundation.Python.3.13_qbz5n2kfra8p0\LocalCache\local-packages\Python313\site-packages\telegram\request\_baserequest.py", line 330, in _request_wrapper
    raise Conflict(message)
telegram.error.Conflict: Conflict: terminated by other getUpdates request; make sure that only one bot instance is running
2025-09-27 23:56:22,475 - __main__ - ERROR - Update None caused error Conflict: terminated by other getUpdates request; make sure that only one bot instance is running
2025-09-27 23:56:28,979 - httpx - INFO - HTTP Request: POST https://api.telegram.org/bot7481731907:AAGA8Rmu3eC5QUyhUcl4DuaVaH08qA9O4sE/getUpdates "HTTP/1.1 409 Conflict"
2025-09-27 23:56:28,981 - telegram.ext.Updater - ERROR - Error while getting Updates: Conflict: terminated by other getUpdates request; make sure that only one bot instance is running
2025-09-27 23:56:28,981 - __main__ - ERROR - Exception while handling an update:
Traceback (most recent call last):
  File "C:\Users\Lenovo\AppData\Local\Packages\PythonSoftwareFoundation.Python.3.13_qbz5n2kfra8p0\LocalCache\local-packages\Python313\site-packages\telegram\ext\_updater.py", line 607, in _network_loop_retry
    if not await action_cb():
           ^^^^^^^^^^^^^^^^^
  File "C:\Users\Lenovo\AppData\Local\Packages\PythonSoftwareFoundation.Python.3.13_qbz5n2kfra8p0\LocalCache\local-packages\Python313\site-packages\telegram\ext\_updater.py", line 335, in polling_action_cb
    raise exc
  File "C:\Users\Lenovo\AppData\Local\Packages\PythonSoftwareFoundation.Python.3.13_qbz5n2kfra8p0\LocalCache\local-packages\Python313\site-packages\telegram\ext\_updater.py", line 320, in polling_action_cb
    updates = await self.bot.get_updates(
              ^^^^^^^^^^^^^^^^^^^^^^^^^^^
    ...<7 lines>...
    )
    ^
  File "C:\Users\Lenovo\AppData\Local\Packages\PythonSoftwareFoundation.Python.3.13_qbz5n2kfra8p0\LocalCache\local-packages\Python313\site-packages\telegram\ext\_extbot.py", line 543, in get_updates
    updates = await super().get_updates(
              ^^^^^^^^^^^^^^^^^^^^^^^^^^
    ...<9 lines>...
    )
    ^
  File "C:\Users\Lenovo\AppData\Local\Packages\PythonSoftwareFoundation.Python.3.13_qbz5n2kfra8p0\LocalCache\local-packages\Python313\site-packages\telegram\_bot.py", line 381, in decorator
    result = await func(self, *args, **kwargs)  # skipcq: PYL-E1102
             ^^^^^^^^^^^^^^^^^^^^^^^^^^^^^^^^^
  File "C:\Users\Lenovo\AppData\Local\Packages\PythonSoftwareFoundation.Python.3.13_qbz5n2kfra8p0\LocalCache\local-packages\Python313\site-packages\telegram\_bot.py", line 3661, in get_updates
    await self._post(
    ^^^^^^^^^^^^^^^^^
    ...<7 lines>...
    ),
    ^
  File "C:\Users\Lenovo\AppData\Local\Packages\PythonSoftwareFoundation.Python.3.13_qbz5n2kfra8p0\LocalCache\local-packages\Python313\site-packages\telegram\_bot.py", line 469, in _post
    return await self._do_post(
           ^^^^^^^^^^^^^^^^^^^^
    ...<6 lines>...
    )
    ^
  File "C:\Users\Lenovo\AppData\Local\Packages\PythonSoftwareFoundation.Python.3.13_qbz5n2kfra8p0\LocalCache\local-packages\Python313\site-packages\telegram\ext\_extbot.py", line 325, in _do_post
    return await super()._do_post(
           ^^^^^^^^^^^^^^^^^^^^^^^
    ...<6 lines>...
    )
    ^
  File "C:\Users\Lenovo\AppData\Local\Packages\PythonSoftwareFoundation.Python.3.13_qbz5n2kfra8p0\LocalCache\local-packages\Python313\site-packages\telegram\_bot.py", line 497, in _do_post
    return await request.post(
           ^^^^^^^^^^^^^^^^^^^
    ...<6 lines>...
    )
    ^
  File "C:\Users\Lenovo\AppData\Local\Packages\PythonSoftwareFoundation.Python.3.13_qbz5n2kfra8p0\LocalCache\local-packages\Python313\site-packages\telegram\request\_baserequest.py", line 168, in post
    result = await self._request_wrapper(
             ^^^^^^^^^^^^^^^^^^^^^^^^^^^^
    ...<7 lines>...
    )
    ^
  File "C:\Users\Lenovo\AppData\Local\Packages\PythonSoftwareFoundation.Python.3.13_qbz5n2kfra8p0\LocalCache\local-packages\Python313\site-packages\telegram\request\_baserequest.py", line 330, in _request_wrapper
    raise Conflict(message)
telegram.error.Conflict: Conflict: terminated by other getUpdates request; make sure that only one bot instance is running
2025-09-27 23:56:28,987 - __main__ - ERROR - Update None caused error Conflict: terminated by other getUpdates request; make sure that only one bot instance is running
2025-09-27 23:56:38,920 - httpx - INFO - HTTP Request: POST https://api.telegram.org/bot7481731907:AAGA8Rmu3eC5QUyhUcl4DuaVaH08qA9O4sE/getUpdates "HTTP/1.1 409 Conflict"
2025-09-27 23:56:38,921 - telegram.ext.Updater - ERROR - Error while getting Updates: Conflict: terminated by other getUpdates request; make sure that only one bot instance is running
2025-09-27 23:56:38,921 - __main__ - ERROR - Exception while handling an update:
Traceback (most recent call last):
  File "C:\Users\Lenovo\AppData\Local\Packages\PythonSoftwareFoundation.Python.3.13_qbz5n2kfra8p0\LocalCache\local-packages\Python313\site-packages\telegram\ext\_updater.py", line 607, in _network_loop_retry
    if not await action_cb():
           ^^^^^^^^^^^^^^^^^
  File "C:\Users\Lenovo\AppData\Local\Packages\PythonSoftwareFoundation.Python.3.13_qbz5n2kfra8p0\LocalCache\local-packages\Python313\site-packages\telegram\ext\_updater.py", line 335, in polling_action_cb
    raise exc
  File "C:\Users\Lenovo\AppData\Local\Packages\PythonSoftwareFoundation.Python.3.13_qbz5n2kfra8p0\LocalCache\local-packages\Python313\site-packages\telegram\ext\_updater.py", line 320, in polling_action_cb
    updates = await self.bot.get_updates(
              ^^^^^^^^^^^^^^^^^^^^^^^^^^^
    ...<7 lines>...
    )
    ^
  File "C:\Users\Lenovo\AppData\Local\Packages\PythonSoftwareFoundation.Python.3.13_qbz5n2kfra8p0\LocalCache\local-packages\Python313\site-packages\telegram\ext\_extbot.py", line 543, in get_updates
    updates = await super().get_updates(
              ^^^^^^^^^^^^^^^^^^^^^^^^^^
    ...<9 lines>...
    )
    ^
  File "C:\Users\Lenovo\AppData\Local\Packages\PythonSoftwareFoundation.Python.3.13_qbz5n2kfra8p0\LocalCache\local-packages\Python313\site-packages\telegram\_bot.py", line 381, in decorator
    result = await func(self, *args, **kwargs)  # skipcq: PYL-E1102
             ^^^^^^^^^^^^^^^^^^^^^^^^^^^^^^^^^
  File "C:\Users\Lenovo\AppData\Local\Packages\PythonSoftwareFoundation.Python.3.13_qbz5n2kfra8p0\LocalCache\local-packages\Python313\site-packages\telegram\_bot.py", line 3661, in get_updates
    await self._post(
    ^^^^^^^^^^^^^^^^^
    ...<7 lines>...
    ),
    ^
  File "C:\Users\Lenovo\AppData\Local\Packages\PythonSoftwareFoundation.Python.3.13_qbz5n2kfra8p0\LocalCache\local-packages\Python313\site-packages\telegram\_bot.py", line 469, in _post
    return await self._do_post(
           ^^^^^^^^^^^^^^^^^^^^
    ...<6 lines>...
    )
    ^
  File "C:\Users\Lenovo\AppData\Local\Packages\PythonSoftwareFoundation.Python.3.13_qbz5n2kfra8p0\LocalCache\local-packages\Python313\site-packages\telegram\ext\_extbot.py", line 325, in _do_post
    return await super()._do_post(
           ^^^^^^^^^^^^^^^^^^^^^^^
    ...<6 lines>...
    )
    ^
  File "C:\Users\Lenovo\AppData\Local\Packages\PythonSoftwareFoundation.Python.3.13_qbz5n2kfra8p0\LocalCache\local-packages\Python313\site-packages\telegram\_bot.py", line 497, in _do_post
    return await request.post(
           ^^^^^^^^^^^^^^^^^^^
    ...<6 lines>...
    )
    ^
  File "C:\Users\Lenovo\AppData\Local\Packages\PythonSoftwareFoundation.Python.3.13_qbz5n2kfra8p0\LocalCache\local-packages\Python313\site-packages\telegram\request\_baserequest.py", line 168, in post
    result = await self._request_wrapper(
             ^^^^^^^^^^^^^^^^^^^^^^^^^^^^
    ...<7 lines>...
    )
    ^
  File "C:\Users\Lenovo\AppData\Local\Packages\PythonSoftwareFoundation.Python.3.13_qbz5n2kfra8p0\LocalCache\local-packages\Python313\site-packages\telegram\request\_baserequest.py", line 330, in _request_wrapper
    raise Conflict(message)
telegram.error.Conflict: Conflict: terminated by other getUpdates request; make sure that only one bot instance is running
2025-09-27 23:56:38,931 - __main__ - ERROR - Update None caused error Conflict: terminated by other getUpdates request; make sure that only one bot instance is running
2025-09-27 23:56:44,690 - telegram.ext.Application - INFO - Application is stopping. This might take a moment.
2025-09-27 23:56:44,691 - telegram.ext.Application - INFO - Application.stop() complete
2025-09-27 23:58:23,302 - __main__ - WARNING - Total options length (171) exceeds 100 chars
2025-09-27 23:58:23,302 - __main__ - WARNING - Total options length (160) exceeds 100 chars
2025-09-27 23:58:23,335 - __main__ - WARNING - Total options length (112) exceeds 100 chars
2025-09-27 23:58:23,336 - __main__ - WARNING - Total options length (112) exceeds 100 chars
2025-09-27 23:58:23,336 - __main__ - WARNING - Total options length (110) exceeds 100 chars
2025-09-27 23:58:23,336 - __main__ - WARNING - Total options length (114) exceeds 100 chars
2025-09-27 23:58:23,337 - __main__ - WARNING - Total options length (223) exceeds 100 chars
2025-09-27 23:58:23,337 - __main__ - WARNING - Total options length (162) exceeds 100 chars
2025-09-27 23:58:23,337 - __main__ - WARNING - Total options length (126) exceeds 100 chars
2025-09-27 23:58:23,338 - __main__ - WARNING - Total options length (105) exceeds 100 chars
2025-09-27 23:58:23,338 - __main__ - WARNING - Total options length (148) exceeds 100 chars
2025-09-27 23:58:23,338 - __main__ - WARNING - Total options length (172) exceeds 100 chars
2025-09-27 23:58:23,338 - __main__ - WARNING - Total options length (181) exceeds 100 chars
2025-09-27 23:58:23,338 - __main__ - WARNING - Total options length (143) exceeds 100 chars
2025-09-27 23:58:23,339 - __main__ - WARNING - Total options length (106) exceeds 100 chars
2025-09-27 23:58:23,339 - __main__ - WARNING - Total options length (181) exceeds 100 chars
2025-09-27 23:58:23,340 - __main__ - WARNING - Total options length (129) exceeds 100 chars
2025-09-27 23:58:23,340 - __main__ - WARNING - Total options length (155) exceeds 100 chars
2025-09-27 23:58:23,340 - __main__ - WARNING - Total options length (178) exceeds 100 chars
2025-09-27 23:58:23,341 - __main__ - WARNING - Total options length (261) exceeds 100 chars
2025-09-27 23:58:23,341 - __main__ - WARNING - Total options length (159) exceeds 100 chars
2025-09-27 23:58:23,342 - __main__ - WARNING - Total options length (196) exceeds 100 chars
2025-09-27 23:58:23,343 - __main__ - WARNING - Option 3 too long: 103 chars
2025-09-27 23:58:23,343 - __main__ - WARNING - Total options length (185) exceeds 100 chars
2025-09-27 23:58:23,343 - __main__ - WARNING - Total options length (130) exceeds 100 chars
2025-09-27 23:58:23,344 - __main__ - WARNING - Total options length (207) exceeds 100 chars
2025-09-27 23:58:23,344 - __main__ - WARNING - Total options length (122) exceeds 100 chars
2025-09-27 23:58:23,344 - __main__ - WARNING - Total options length (110) exceeds 100 chars
2025-09-27 23:58:23,344 - __main__ - WARNING - Total options length (130) exceeds 100 chars
2025-09-27 23:58:23,345 - __main__ - WARNING - Total options length (137) exceeds 100 chars
2025-09-27 23:58:23,345 - __main__ - WARNING - Total options length (101) exceeds 100 chars
2025-09-27 23:58:23,345 - __main__ - WARNING - Total options length (141) exceeds 100 chars
2025-09-27 23:58:23,345 - __main__ - WARNING - Total options length (170) exceeds 100 chars
2025-09-27 23:58:23,346 - __main__ - WARNING - Total options length (141) exceeds 100 chars
2025-09-27 23:58:23,346 - __main__ - WARNING - Total options length (118) exceeds 100 chars
2025-09-27 23:58:23,346 - __main__ - WARNING - Total options length (117) exceeds 100 chars
2025-09-27 23:58:23,347 - __main__ - WARNING - Total options length (124) exceeds 100 chars
2025-09-27 23:58:23,347 - __main__ - WARNING - Total options length (107) exceeds 100 chars
2025-09-27 23:58:23,347 - __main__ - WARNING - Total options length (115) exceeds 100 chars
2025-09-27 23:58:23,388 - __main__ - WARNING - Total options length (170) exceeds 100 chars
2025-09-27 23:58:23,389 - __main__ - WARNING - Total options length (176) exceeds 100 chars
2025-09-27 23:58:23,390 - __main__ - WARNING - Total options length (155) exceeds 100 chars
2025-09-27 23:58:23,390 - __main__ - WARNING - Total options length (191) exceeds 100 chars
2025-09-27 23:58:23,391 - __main__ - WARNING - Total options length (251) exceeds 100 chars
2025-09-27 23:58:23,391 - __main__ - WARNING - Total options length (213) exceeds 100 chars
2025-09-27 23:58:23,392 - __main__ - WARNING - Total options length (119) exceeds 100 chars
2025-09-27 23:58:23,392 - __main__ - WARNING - Total options length (231) exceeds 100 chars
2025-09-27 23:58:23,393 - __main__ - WARNING - Total options length (115) exceeds 100 chars
2025-09-27 23:58:23,393 - __main__ - WARNING - Total options length (116) exceeds 100 chars
2025-09-27 23:58:23,394 - __main__ - WARNING - Total options length (176) exceeds 100 chars
2025-09-27 23:58:23,395 - __main__ - WARNING - Total options length (127) exceeds 100 chars
2025-09-27 23:58:23,395 - __main__ - WARNING - Total options length (143) exceeds 100 chars
2025-09-27 23:58:23,396 - __main__ - WARNING - Total options length (233) exceeds 100 chars
2025-09-27 23:58:23,397 - __main__ - WARNING - Total options length (169) exceeds 100 chars
2025-09-27 23:58:23,398 - __main__ - WARNING - Total options length (209) exceeds 100 chars
2025-09-27 23:58:23,398 - __main__ - WARNING - Total options length (309) exceeds 100 chars
2025-09-27 23:58:23,398 - __main__ - WARNING - Total options length (109) exceeds 100 chars
2025-09-27 23:58:23,399 - __main__ - WARNING - Total options length (139) exceeds 100 chars
2025-09-27 23:58:23,400 - __main__ - WARNING - Total options length (101) exceeds 100 chars
2025-09-27 23:58:23,401 - __main__ - WARNING - Total options length (177) exceeds 100 chars
2025-09-27 23:58:23,402 - __main__ - WARNING - Total options length (140) exceeds 100 chars
2025-09-27 23:58:23,403 - __main__ - WARNING - Total options length (133) exceeds 100 chars
2025-09-27 23:58:23,403 - __main__ - WARNING - Total options length (130) exceeds 100 chars
2025-09-27 23:58:23,404 - __main__ - WARNING - Total options length (177) exceeds 100 chars
2025-09-27 23:58:23,404 - __main__ - WARNING - Total options length (257) exceeds 100 chars
2025-09-27 23:58:23,405 - __main__ - WARNING - Total options length (159) exceeds 100 chars
2025-09-27 23:58:23,406 - __main__ - WARNING - Total options length (110) exceeds 100 chars
2025-09-27 23:58:23,406 - __main__ - WARNING - Total options length (109) exceeds 100 chars
2025-09-27 23:58:23,407 - __main__ - WARNING - Total options length (113) exceeds 100 chars
2025-09-27 23:58:23,408 - __main__ - WARNING - Total options length (111) exceeds 100 chars
2025-09-27 23:58:23,408 - __main__ - WARNING - Total options length (232) exceeds 100 chars
2025-09-27 23:58:23,409 - __main__ - WARNING - Total options length (249) exceeds 100 chars
2025-09-27 23:58:23,409 - __main__ - WARNING - Question must have exactly one correct option, found 0
2025-09-27 23:58:23,410 - __main__ - WARNING - Total options length (115) exceeds 100 chars
2025-09-27 23:58:23,410 - __main__ - WARNING - Total options length (123) exceeds 100 chars
2025-09-27 23:58:23,411 - __main__ - WARNING - Total options length (191) exceeds 100 chars
2025-09-27 23:58:23,412 - __main__ - WARNING - Total options length (186) exceeds 100 chars
2025-09-27 23:58:23,412 - __main__ - WARNING - Total options length (249) exceeds 100 chars
2025-09-27 23:58:23,413 - __main__ - WARNING - Total options length (178) exceeds 100 chars
2025-09-27 23:58:23,413 - __main__ - WARNING - Total options length (178) exceeds 100 chars
2025-09-27 23:58:23,413 - __main__ - WARNING - Total options length (140) exceeds 100 chars
2025-09-27 23:58:23,414 - __main__ - WARNING - Total options length (115) exceeds 100 chars
2025-09-27 23:58:23,414 - __main__ - WARNING - Total options length (228) exceeds 100 chars
2025-09-27 23:58:23,414 - __main__ - WARNING - Total options length (201) exceeds 100 chars
2025-09-27 23:58:23,414 - __main__ - WARNING - Total options length (148) exceeds 100 chars
2025-09-27 23:58:23,415 - __main__ - WARNING - Total options length (159) exceeds 100 chars
2025-09-27 23:58:23,417 - __main__ - WARNING - Total options length (142) exceeds 100 chars
2025-09-27 23:58:23,417 - __main__ - WARNING - Total options length (257) exceeds 100 chars
2025-09-27 23:58:23,419 - __main__ - WARNING - Total options length (142) exceeds 100 chars
2025-09-27 23:58:23,419 - __main__ - WARNING - Total options length (137) exceeds 100 chars
2025-09-27 23:58:23,420 - __main__ - WARNING - Total options length (225) exceeds 100 chars
2025-09-27 23:58:23,421 - __main__ - WARNING - Total options length (119) exceeds 100 chars
2025-09-27 23:58:23,422 - __main__ - WARNING - Total options length (139) exceeds 100 chars
2025-09-27 23:58:23,422 - __main__ - WARNING - Total options length (144) exceeds 100 chars
2025-09-27 23:58:23,423 - __main__ - WARNING - Total options length (109) exceeds 100 chars
2025-09-27 23:58:23,424 - __main__ - WARNING - Total options length (215) exceeds 100 chars
2025-09-27 23:58:23,425 - __main__ - WARNING - Total options length (190) exceeds 100 chars
2025-09-27 23:58:23,426 - __main__ - WARNING - Total options length (167) exceeds 100 chars
2025-09-27 23:58:23,426 - __main__ - WARNING - Total options length (202) exceeds 100 chars
2025-09-27 23:58:23,427 - __main__ - WARNING - Total options length (128) exceeds 100 chars
2025-09-27 23:58:23,427 - __main__ - WARNING - Total options length (185) exceeds 100 chars
2025-09-27 23:58:23,428 - __main__ - WARNING - Total options length (168) exceeds 100 chars
2025-09-27 23:58:23,429 - __main__ - WARNING - Total options length (178) exceeds 100 chars
2025-09-27 23:58:23,429 - __main__ - WARNING - Total options length (158) exceeds 100 chars
2025-09-27 23:58:23,430 - __main__ - WARNING - Total options length (118) exceeds 100 chars
2025-09-27 23:58:23,431 - __main__ - WARNING - Total options length (183) exceeds 100 chars
2025-09-27 23:58:23,432 - __main__ - WARNING - Total options length (132) exceeds 100 chars
2025-09-27 23:58:23,433 - __main__ - WARNING - Total options length (139) exceeds 100 chars
2025-09-27 23:58:23,434 - __main__ - WARNING - Total options length (109) exceeds 100 chars
2025-09-27 23:58:23,435 - __main__ - WARNING - Total options length (185) exceeds 100 chars
2025-09-27 23:58:23,436 - __main__ - WARNING - Total options length (233) exceeds 100 chars
2025-09-27 23:58:23,436 - __main__ - WARNING - Total options length (180) exceeds 100 chars
2025-09-27 23:58:23,441 - __main__ - WARNING - Total options length (118) exceeds 100 chars
2025-09-27 23:58:23,442 - __main__ - WARNING - Total options length (104) exceeds 100 chars
2025-09-27 23:58:23,442 - __main__ - WARNING - Total options length (114) exceeds 100 chars
2025-09-27 23:58:23,443 - __main__ - WARNING - Total options length (120) exceeds 100 chars
2025-09-27 23:58:23,476 - __main__ - WARNING - Total options length (147) exceeds 100 chars
2025-09-27 23:58:23,476 - __main__ - WARNING - Total options length (120) exceeds 100 chars
2025-09-27 23:58:23,476 - __main__ - WARNING - Total options length (109) exceeds 100 chars
2025-09-27 23:58:23,477 - __main__ - WARNING - Total options length (133) exceeds 100 chars
2025-09-27 23:58:23,477 - __main__ - WARNING - Total options length (114) exceeds 100 chars
2025-09-27 23:58:23,478 - __main__ - WARNING - Total options length (141) exceeds 100 chars
2025-09-27 23:58:23,478 - __main__ - WARNING - Total options length (131) exceeds 100 chars
2025-09-27 23:58:23,478 - __main__ - WARNING - Total options length (119) exceeds 100 chars
2025-09-27 23:58:23,479 - __main__ - WARNING - Total options length (138) exceeds 100 chars
2025-09-27 23:58:23,479 - __main__ - WARNING - Total options length (114) exceeds 100 chars
2025-09-27 23:58:23,480 - __main__ - WARNING - Total options length (118) exceeds 100 chars
2025-09-27 23:58:23,480 - __main__ - WARNING - Total options length (117) exceeds 100 chars
2025-09-27 23:58:23,481 - __main__ - WARNING - Total options length (120) exceeds 100 chars
2025-09-27 23:58:23,481 - __main__ - WARNING - Total options length (119) exceeds 100 chars
2025-09-27 23:58:23,482 - __main__ - WARNING - Total options length (189) exceeds 100 chars
2025-09-27 23:58:23,483 - __main__ - WARNING - Total options length (115) exceeds 100 chars
2025-09-27 23:58:23,484 - __main__ - WARNING - Total options length (107) exceeds 100 chars
2025-09-27 23:58:23,484 - __main__ - WARNING - Total options length (185) exceeds 100 chars
2025-09-27 23:58:23,485 - __main__ - WARNING - Total options length (130) exceeds 100 chars
2025-09-27 23:58:23,485 - __main__ - WARNING - Total options length (110) exceeds 100 chars
2025-09-27 23:58:23,486 - __main__ - WARNING - Total options length (215) exceeds 100 chars
2025-09-27 23:58:23,486 - __main__ - WARNING - Total options length (123) exceeds 100 chars
2025-09-27 23:58:23,486 - __main__ - WARNING - Total options length (173) exceeds 100 chars
2025-09-27 23:58:23,487 - __main__ - WARNING - Total options length (205) exceeds 100 chars
2025-09-27 23:58:23,487 - __main__ - WARNING - Total options length (138) exceeds 100 chars
2025-09-27 23:58:23,488 - __main__ - WARNING - Total options length (117) exceeds 100 chars
2025-09-27 23:58:23,488 - __main__ - WARNING - Total options length (249) exceeds 100 chars
2025-09-27 23:58:23,489 - __main__ - WARNING - Total options length (151) exceeds 100 chars
2025-09-27 23:58:23,489 - __main__ - WARNING - Total options length (179) exceeds 100 chars
2025-09-27 23:58:23,490 - __main__ - WARNING - Total options length (183) exceeds 100 chars
2025-09-27 23:58:23,490 - __main__ - WARNING - Total options length (197) exceeds 100 chars
2025-09-27 23:58:23,491 - __main__ - WARNING - Total options length (176) exceeds 100 chars
2025-09-27 23:58:23,491 - __main__ - WARNING - Total options length (149) exceeds 100 chars
2025-09-27 23:58:23,492 - __main__ - WARNING - Total options length (227) exceeds 100 chars
2025-09-27 23:58:23,492 - __main__ - WARNING - Total options length (125) exceeds 100 chars
2025-09-27 23:58:23,492 - __main__ - WARNING - Option 2 too long: 132 chars
2025-09-27 23:58:23,493 - __main__ - WARNING - Total options length (164) exceeds 100 chars
2025-09-27 23:58:23,493 - __main__ - WARNING - Total options length (179) exceeds 100 chars
2025-09-27 23:58:23,493 - __main__ - WARNING - Total options length (105) exceeds 100 chars
2025-09-27 23:58:23,494 - __main__ - WARNING - Total options length (171) exceeds 100 chars
2025-09-27 23:58:23,494 - __main__ - WARNING - Total options length (125) exceeds 100 chars
2025-09-27 23:58:23,494 - __main__ - WARNING - Total options length (122) exceeds 100 chars
2025-09-27 23:58:23,495 - __main__ - WARNING - Option 3 too long: 105 chars
2025-09-27 23:58:23,495 - __main__ - WARNING - Total options length (139) exceeds 100 chars
2025-09-27 23:58:23,496 - __main__ - WARNING - Total options length (190) exceeds 100 chars
2025-09-27 23:58:23,496 - __main__ - WARNING - Option 3 too long: 138 chars
2025-09-27 23:58:23,496 - __main__ - WARNING - Total options length (174) exceeds 100 chars
2025-09-27 23:58:23,497 - __main__ - WARNING - Total options length (177) exceeds 100 chars
2025-09-27 23:58:23,498 - __main__ - WARNING - Total options length (153) exceeds 100 chars
2025-09-27 23:58:23,498 - __main__ - WARNING - Total options length (191) exceeds 100 chars
2025-09-27 23:58:23,499 - __main__ - WARNING - Option 1 too long: 100 chars
2025-09-27 23:58:23,499 - __main__ - WARNING - Total options length (192) exceeds 100 chars
2025-09-27 23:58:23,500 - __main__ - WARNING - Total options length (172) exceeds 100 chars
2025-09-27 23:58:23,500 - __main__ - WARNING - Total options length (191) exceeds 100 chars
2025-09-27 23:58:23,501 - __main__ - WARNING - Total options length (171) exceeds 100 chars
2025-09-27 23:58:23,501 - __main__ - WARNING - Total options length (173) exceeds 100 chars
2025-09-27 23:58:23,502 - __main__ - WARNING - Total options length (213) exceeds 100 chars
2025-09-27 23:58:23,502 - __main__ - WARNING - Total options length (227) exceeds 100 chars
2025-09-27 23:58:23,503 - __main__ - WARNING - Total options length (184) exceeds 100 chars
2025-09-27 23:58:23,503 - __main__ - WARNING - Total options length (141) exceeds 100 chars
2025-09-27 23:58:23,503 - __main__ - WARNING - Total options length (112) exceeds 100 chars
2025-09-27 23:58:23,504 - __main__ - WARNING - Total options length (151) exceeds 100 chars
2025-09-27 23:58:23,504 - __main__ - WARNING - Total options length (110) exceeds 100 chars
2025-09-27 23:58:23,504 - __main__ - WARNING - Total options length (136) exceeds 100 chars
2025-09-27 23:58:23,504 - __main__ - WARNING - Total options length (136) exceeds 100 chars
2025-09-27 23:58:23,504 - __main__ - WARNING - Total options length (118) exceeds 100 chars
2025-09-27 23:58:23,505 - __main__ - WARNING - Total options length (113) exceeds 100 chars
2025-09-27 23:58:23,505 - __main__ - WARNING - Total options length (110) exceeds 100 chars
2025-09-27 23:58:23,505 - __main__ - WARNING - Total options length (136) exceeds 100 chars
2025-09-27 23:58:23,505 - __main__ - WARNING - Total options length (114) exceeds 100 chars
2025-09-27 23:58:23,506 - __main__ - WARNING - Total options length (106) exceeds 100 chars
2025-09-27 23:58:23,506 - __main__ - WARNING - Total options length (103) exceeds 100 chars
2025-09-27 23:58:23,506 - __main__ - WARNING - Total options length (106) exceeds 100 chars
2025-09-27 23:58:23,507 - __main__ - WARNING - Total options length (102) exceeds 100 chars
2025-09-27 23:58:23,507 - __main__ - WARNING - Total options length (106) exceeds 100 chars
2025-09-27 23:58:23,508 - __main__ - WARNING - Total options length (133) exceeds 100 chars
2025-09-27 23:58:23,508 - __main__ - WARNING - Total options length (150) exceeds 100 chars
2025-09-27 23:58:23,508 - __main__ - WARNING - Total options length (111) exceeds 100 chars
2025-09-27 23:58:23,509 - __main__ - WARNING - Total options length (133) exceeds 100 chars
2025-09-27 23:58:23,509 - __main__ - WARNING - Total options length (109) exceeds 100 chars
2025-09-27 23:58:23,509 - __main__ - WARNING - Total options length (116) exceeds 100 chars
2025-09-27 23:58:23,509 - __main__ - WARNING - Total options length (120) exceeds 100 chars
2025-09-27 23:58:23,510 - __main__ - WARNING - Total options length (122) exceeds 100 chars
2025-09-27 23:58:23,510 - __main__ - WARNING - Total options length (108) exceeds 100 chars
2025-09-27 23:58:23,510 - __main__ - WARNING - Total options length (124) exceeds 100 chars
2025-09-27 23:58:23,511 - __main__ - WARNING - Total options length (111) exceeds 100 chars
2025-09-27 23:58:23,511 - __main__ - WARNING - Total options length (217) exceeds 100 chars
2025-09-27 23:58:23,551 - __main__ - WARNING - Total options length (125) exceeds 100 chars
2025-09-27 23:58:23,552 - __main__ - WARNING - Total options length (111) exceeds 100 chars
2025-09-27 23:58:23,552 - __main__ - WARNING - Total options length (140) exceeds 100 chars
2025-09-27 23:58:23,584 - __main__ - WARNING - Total options length (195) exceeds 100 chars
2025-09-27 23:58:23,584 - __main__ - WARNING - Total options length (132) exceeds 100 chars
2025-09-27 23:58:23,585 - __main__ - WARNING - Total options length (145) exceeds 100 chars
2025-09-27 23:58:23,585 - __main__ - WARNING - Total options length (121) exceeds 100 chars
2025-09-27 23:58:23,585 - __main__ - WARNING - Total options length (104) exceeds 100 chars
2025-09-27 23:58:23,585 - __main__ - WARNING - Total options length (132) exceeds 100 chars
2025-09-27 23:58:23,586 - __main__ - WARNING - Total options length (109) exceeds 100 chars
2025-09-27 23:58:23,586 - __main__ - WARNING - Total options length (113) exceeds 100 chars
2025-09-27 23:58:23,586 - __main__ - WARNING - Total options length (115) exceeds 100 chars
2025-09-27 23:58:23,586 - __main__ - WARNING - Total options length (152) exceeds 100 chars
2025-09-27 23:58:23,587 - __main__ - WARNING - Total options length (109) exceeds 100 chars
2025-09-27 23:58:23,587 - __main__ - WARNING - Total options length (186) exceeds 100 chars
2025-09-27 23:58:23,587 - __main__ - WARNING - Total options length (122) exceeds 100 chars
2025-09-27 23:58:23,588 - __main__ - WARNING - Total options length (109) exceeds 100 chars
2025-09-27 23:58:23,588 - __main__ - WARNING - Total options length (105) exceeds 100 chars
2025-09-27 23:58:23,589 - __main__ - WARNING - Total options length (104) exceeds 100 chars
2025-09-27 23:58:23,589 - __main__ - WARNING - Total options length (104) exceeds 100 chars
2025-09-27 23:58:23,589 - __main__ - WARNING - Total options length (104) exceeds 100 chars
2025-09-27 23:58:23,589 - __main__ - WARNING - Total options length (113) exceeds 100 chars
2025-09-27 23:58:23,590 - __main__ - WARNING - Total options length (126) exceeds 100 chars
2025-09-27 23:58:23,590 - __main__ - WARNING - Total options length (111) exceeds 100 chars
2025-09-27 23:58:23,590 - __main__ - WARNING - Total options length (177) exceeds 100 chars
2025-09-27 23:58:23,618 - __main__ - WARNING - Total options length (115) exceeds 100 chars
2025-09-27 23:58:23,619 - __main__ - WARNING - Total options length (126) exceeds 100 chars
2025-09-27 23:58:23,620 - __main__ - WARNING - Total options length (104) exceeds 100 chars
2025-09-27 23:58:23,620 - __main__ - WARNING - Total options length (121) exceeds 100 chars
2025-09-27 23:58:23,652 - __main__ - WARNING - Total options length (116) exceeds 100 chars
2025-09-27 23:58:23,654 - __main__ - WARNING - Total options length (139) exceeds 100 chars
2025-09-27 23:58:23,654 - __main__ - WARNING - Total options length (149) exceeds 100 chars
2025-09-27 23:58:23,655 - __main__ - WARNING - Total options length (129) exceeds 100 chars
2025-09-27 23:58:23,656 - __main__ - WARNING - Total options length (112) exceeds 100 chars
2025-09-27 23:58:23,656 - __main__ - WARNING - Total options length (110) exceeds 100 chars
2025-09-27 23:58:23,657 - __main__ - WARNING - Total options length (112) exceeds 100 chars
2025-09-27 23:58:23,657 - __main__ - WARNING - Total options length (108) exceeds 100 chars
2025-09-27 23:58:23,657 - __main__ - WARNING - Total options length (120) exceeds 100 chars
2025-09-27 23:58:23,658 - __main__ - WARNING - Total options length (110) exceeds 100 chars
2025-09-27 23:58:23,659 - __main__ - WARNING - Total options length (140) exceeds 100 chars
2025-09-27 23:58:23,660 - __main__ - WARNING - Total options length (101) exceeds 100 chars
2025-09-27 23:58:23,695 - __main__ - WARNING - Total options length (131) exceeds 100 chars
2025-09-27 23:58:23,696 - __main__ - WARNING - Total options length (111) exceeds 100 chars
2025-09-27 23:58:23,696 - __main__ - WARNING - Total options length (151) exceeds 100 chars
2025-09-27 23:58:23,697 - __main__ - WARNING - Total options length (106) exceeds 100 chars
2025-09-27 23:58:23,737 - __main__ - WARNING - Total options length (112) exceeds 100 chars
2025-09-27 23:58:23,738 - __main__ - WARNING - Total options length (115) exceeds 100 chars
2025-09-27 23:58:23,739 - __main__ - WARNING - Total options length (102) exceeds 100 chars
2025-09-27 23:58:23,739 - __main__ - WARNING - Total options length (109) exceeds 100 chars
2025-09-27 23:58:23,740 - __main__ - WARNING - Question must have exactly one correct option, found 0
2025-09-27 23:58:23,741 - __main__ - WARNING - Total options length (106) exceeds 100 chars
2025-09-27 23:58:23,778 - __main__ - WARNING - Question must have exactly one correct option, found 0
2025-09-27 23:58:23,778 - __main__ - WARNING - Total options length (149) exceeds 100 chars
2025-09-27 23:58:23,779 - __main__ - WARNING - Question must have exactly one correct option, found 0
2025-09-27 23:58:23,779 - __main__ - WARNING - Question must have exactly one correct option, found 0
2025-09-27 23:58:23,780 - __main__ - WARNING - Total options length (176) exceeds 100 chars
2025-09-27 23:58:23,780 - __main__ - WARNING - Total options length (128) exceeds 100 chars
2025-09-27 23:58:23,781 - __main__ - WARNING - Total options length (171) exceeds 100 chars
2025-09-27 23:58:23,781 - __main__ - WARNING - Total options length (132) exceeds 100 chars
2025-09-27 23:58:23,782 - __main__ - WARNING - Total options length (111) exceeds 100 chars
2025-09-27 23:58:23,782 - __main__ - WARNING - Total options length (187) exceeds 100 chars
2025-09-27 23:58:23,782 - __main__ - WARNING - Total options length (137) exceeds 100 chars
2025-09-27 23:58:23,783 - __main__ - WARNING - Question must have exactly one correct option, found 0
2025-09-27 23:58:23,783 - __main__ - WARNING - Total options length (217) exceeds 100 chars
2025-09-27 23:58:23,784 - __main__ - WARNING - Total options length (185) exceeds 100 chars
2025-09-27 23:58:23,785 - __main__ - WARNING - Question must have exactly one correct option, found 0
2025-09-27 23:58:23,786 - __main__ - WARNING - Total options length (103) exceeds 100 chars
2025-09-27 23:58:23,786 - __main__ - WARNING - Total options length (109) exceeds 100 chars
2025-09-27 23:58:23,787 - __main__ - WARNING - Question must have exactly one correct option, found 0
2025-09-27 23:58:23,787 - __main__ - WARNING - Total options length (114) exceeds 100 chars
2025-09-27 23:58:23,787 - __main__ - WARNING - Total options length (180) exceeds 100 chars
2025-09-27 23:58:23,787 - __main__ - WARNING - Total options length (142) exceeds 100 chars
2025-09-27 23:58:23,787 - __main__ - WARNING - Total options length (111) exceeds 100 chars
2025-09-27 23:58:23,788 - __main__ - WARNING - Total options length (158) exceeds 100 chars
2025-09-27 23:58:23,788 - __main__ - WARNING - Option 2 too long: 132 chars
2025-09-27 23:58:23,788 - __main__ - WARNING - Total options length (157) exceeds 100 chars
2025-09-27 23:58:23,788 - __main__ - WARNING - Total options length (211) exceeds 100 chars
2025-09-27 23:58:23,789 - __main__ - WARNING - Total options length (206) exceeds 100 chars
2025-09-27 23:58:23,789 - __main__ - WARNING - Total options length (112) exceeds 100 chars
2025-09-27 23:58:23,789 - __main__ - WARNING - Total options length (112) exceeds 100 chars
2025-09-27 23:58:23,789 - __main__ - WARNING - Total options length (180) exceeds 100 chars
2025-09-27 23:58:23,790 - __main__ - WARNING - Total options length (149) exceeds 100 chars
2025-09-27 23:58:23,790 - __main__ - WARNING - Total options length (130) exceeds 100 chars
2025-09-27 23:58:23,791 - __main__ - WARNING - Total options length (202) exceeds 100 chars
2025-09-27 23:58:23,791 - __main__ - WARNING - Total options length (132) exceeds 100 chars
2025-09-27 23:58:23,792 - __main__ - WARNING - Total options length (130) exceeds 100 chars
2025-09-27 23:58:23,792 - __main__ - WARNING - Total options length (123) exceeds 100 chars
2025-09-27 23:58:23,792 - __main__ - WARNING - Question must have exactly one correct option, found 0
2025-09-27 23:58:23,792 - __main__ - WARNING - Total options length (157) exceeds 100 chars
2025-09-27 23:58:23,793 - __main__ - WARNING - Question must have exactly one correct option, found 0
2025-09-27 23:58:23,793 - __main__ - WARNING - Total options length (126) exceeds 100 chars
2025-09-27 23:58:23,793 - __main__ - WARNING - Question must have exactly one correct option, found 0
2025-09-27 23:58:23,794 - __main__ - WARNING - Question must have exactly one correct option, found 0
2025-09-27 23:58:23,794 - __main__ - WARNING - Total options length (258) exceeds 100 chars
2025-09-27 23:58:23,794 - __main__ - WARNING - Total options length (116) exceeds 100 chars
2025-09-27 23:58:23,795 - __main__ - WARNING - Question must have exactly one correct option, found 0
2025-09-27 23:58:23,795 - __main__ - WARNING - Question must have exactly one correct option, found 0
2025-09-27 23:58:23,796 - __main__ - WARNING - Question must have exactly one correct option, found 0
2025-09-27 23:58:23,796 - __main__ - WARNING - Total options length (128) exceeds 100 chars
2025-09-27 23:58:23,796 - __main__ - WARNING - Total options length (164) exceeds 100 chars
2025-09-27 23:58:23,797 - __main__ - WARNING - Total options length (178) exceeds 100 chars
2025-09-27 23:58:23,797 - __main__ - WARNING - Question must have exactly one correct option, found 0
2025-09-27 23:58:23,797 - __main__ - WARNING - Total options length (127) exceeds 100 chars
2025-09-27 23:58:23,797 - __main__ - WARNING - Total options length (201) exceeds 100 chars
2025-09-27 23:58:23,798 - __main__ - WARNING - Total options length (134) exceeds 100 chars
2025-09-27 23:58:23,798 - __main__ - WARNING - Total options length (152) exceeds 100 chars
2025-09-27 23:58:23,799 - __main__ - WARNING - Question must have exactly one correct option, found 0
2025-09-27 23:58:23,799 - __main__ - WARNING - Total options length (109) exceeds 100 chars
2025-09-27 23:58:23,800 - __main__ - WARNING - Total options length (156) exceeds 100 chars
2025-09-27 23:58:23,800 - __main__ - WARNING - Total options length (198) exceeds 100 chars
2025-09-27 23:58:23,801 - __main__ - WARNING - Total options length (239) exceeds 100 chars
2025-09-27 23:58:23,801 - __main__ - WARNING - Option 2 too long: 117 chars
2025-09-27 23:58:23,802 - __main__ - WARNING - Total options length (210) exceeds 100 chars
2025-09-27 23:58:23,802 - __main__ - WARNING - Total options length (135) exceeds 100 chars
2025-09-27 23:58:23,803 - __main__ - WARNING - Total options length (179) exceeds 100 chars
2025-09-27 23:58:23,804 - __main__ - WARNING - Total options length (206) exceeds 100 chars
2025-09-27 23:58:23,804 - __main__ - WARNING - Total options length (165) exceeds 100 chars
2025-09-27 23:58:23,804 - __main__ - WARNING - Total options length (133) exceeds 100 chars
2025-09-27 23:58:23,805 - __main__ - WARNING - Total options length (163) exceeds 100 chars
2025-09-27 23:58:23,805 - __main__ - WARNING - Total options length (241) exceeds 100 chars
2025-09-27 23:58:23,805 - __main__ - WARNING - Total options length (139) exceeds 100 chars
2025-09-27 23:58:23,805 - __main__ - WARNING - Question must have exactly one correct option, found 0
2025-09-27 23:58:23,805 - __main__ - WARNING - Total options length (112) exceeds 100 chars
2025-09-27 23:58:23,805 - __main__ - WARNING - Total options length (130) exceeds 100 chars
2025-09-27 23:58:23,806 - __main__ - WARNING - Total options length (216) exceeds 100 chars
2025-09-27 23:58:23,806 - __main__ - WARNING - Total options length (132) exceeds 100 chars
2025-09-27 23:58:23,806 - __main__ - WARNING - Total options length (194) exceeds 100 chars
2025-09-27 23:58:23,806 - __main__ - WARNING - Total options length (194) exceeds 100 chars
2025-09-27 23:58:23,806 - __main__ - WARNING - Total options length (130) exceeds 100 chars
2025-09-27 23:58:23,807 - __main__ - WARNING - Total options length (123) exceeds 100 chars
2025-09-27 23:58:23,807 - __main__ - WARNING - Total options length (167) exceeds 100 chars
2025-09-27 23:58:23,807 - __main__ - WARNING - Total options length (223) exceeds 100 chars
2025-09-27 23:58:23,807 - __main__ - WARNING - Total options length (140) exceeds 100 chars
2025-09-27 23:58:23,807 - __main__ - WARNING - Option 2 too long: 102 chars
2025-09-27 23:58:23,807 - __main__ - WARNING - Total options length (182) exceeds 100 chars
2025-09-27 23:58:23,808 - __main__ - WARNING - Total options length (247) exceeds 100 chars
2025-09-27 23:58:23,808 - __main__ - WARNING - Total options length (150) exceeds 100 chars
2025-09-27 23:58:23,808 - __main__ - WARNING - Total options length (211) exceeds 100 chars
2025-09-27 23:58:23,808 - __main__ - WARNING - Total options length (118) exceeds 100 chars
2025-09-27 23:58:23,808 - __main__ - WARNING - Total options length (297) exceeds 100 chars
2025-09-27 23:58:23,808 - __main__ - WARNING - Total options length (175) exceeds 100 chars
2025-09-27 23:58:23,808 - __main__ - WARNING - Option 2 too long: 100 chars
2025-09-27 23:58:23,808 - __main__ - WARNING - Question must have exactly one correct option, found 0
2025-09-27 23:58:23,809 - __main__ - WARNING - Total options length (263) exceeds 100 chars
2025-09-27 23:58:23,809 - __main__ - WARNING - Total options length (176) exceeds 100 chars
2025-09-27 23:58:23,809 - __main__ - WARNING - Total options length (132) exceeds 100 chars
2025-09-27 23:58:23,809 - __main__ - WARNING - Total options length (174) exceeds 100 chars
2025-09-27 23:58:23,809 - __main__ - WARNING - Total options length (132) exceeds 100 chars
2025-09-27 23:58:23,810 - __main__ - WARNING - Total options length (111) exceeds 100 chars
2025-09-27 23:58:23,810 - __main__ - WARNING - Total options length (192) exceeds 100 chars
2025-09-27 23:58:23,810 - __main__ - WARNING - Total options length (137) exceeds 100 chars
2025-09-27 23:58:23,810 - __main__ - WARNING - Question must have exactly one correct option, found 0
2025-09-27 23:58:23,810 - __main__ - WARNING - Total options length (217) exceeds 100 chars
2025-09-27 23:58:23,811 - __main__ - WARNING - Total options length (185) exceeds 100 chars
2025-09-27 23:58:23,811 - __main__ - WARNING - Total options length (164) exceeds 100 chars
2025-09-27 23:58:23,811 - __main__ - WARNING - Total options length (105) exceeds 100 chars
2025-09-27 23:58:23,811 - __main__ - WARNING - Total options length (107) exceeds 100 chars
2025-09-27 23:58:23,811 - __main__ - WARNING - Total options length (119) exceeds 100 chars
2025-09-27 23:58:23,812 - __main__ - WARNING - Total options length (124) exceeds 100 chars
2025-09-27 23:58:23,812 - __main__ - WARNING - Total options length (158) exceeds 100 chars
2025-09-27 23:58:23,812 - __main__ - WARNING - Total options length (132) exceeds 100 chars
2025-09-27 23:58:23,812 - __main__ - WARNING - Total options length (235) exceeds 100 chars
2025-09-27 23:58:23,812 - __main__ - WARNING - Total options length (219) exceeds 100 chars
2025-09-27 23:58:23,813 - __main__ - WARNING - Total options length (128) exceeds 100 chars
2025-09-27 23:58:23,813 - __main__ - WARNING - Total options length (188) exceeds 100 chars
2025-09-27 23:58:23,813 - __main__ - WARNING - Total options length (193) exceeds 100 chars
2025-09-27 23:58:23,813 - __main__ - WARNING - Total options length (197) exceeds 100 chars
2025-09-27 23:58:23,813 - __main__ - WARNING - Total options length (175) exceeds 100 chars
2025-09-27 23:58:23,814 - __main__ - WARNING - Question must have exactly one correct option, found 0
2025-09-27 23:58:23,814 - __main__ - WARNING - Total options length (153) exceeds 100 chars
2025-09-27 23:58:23,841 - __main__ - WARNING - Total options length (151) exceeds 100 chars
2025-09-27 23:58:23,873 - __main__ - WARNING - Total options length (108) exceeds 100 chars
2025-09-27 23:58:23,874 - __main__ - WARNING - Total options length (125) exceeds 100 chars
2025-09-27 23:58:23,874 - __main__ - WARNING - Total options length (105) exceeds 100 chars
2025-09-27 23:58:23,875 - __main__ - WARNING - Total options length (138) exceeds 100 chars
2025-09-27 23:58:23,875 - __main__ - WARNING - Total options length (114) exceeds 100 chars
2025-09-27 23:58:23,876 - __main__ - WARNING - Total options length (118) exceeds 100 chars
2025-09-27 23:58:23,876 - __main__ - WARNING - Total options length (131) exceeds 100 chars
2025-09-27 23:58:23,877 - __main__ - WARNING - Total options length (153) exceeds 100 chars
2025-09-27 23:58:23,877 - __main__ - WARNING - Total options length (111) exceeds 100 chars
2025-09-27 23:58:23,878 - __main__ - WARNING - Total options length (136) exceeds 100 chars
2025-09-27 23:58:23,879 - __main__ - WARNING - Total options length (103) exceeds 100 chars
2025-09-27 23:58:23,879 - __main__ - WARNING - Total options length (123) exceeds 100 chars
2025-09-27 23:58:23,879 - __main__ - WARNING - Total options length (113) exceeds 100 chars
2025-09-27 23:58:23,880 - __main__ - WARNING - Total options length (122) exceeds 100 chars
2025-09-27 23:58:23,880 - __main__ - WARNING - Total options length (102) exceeds 100 chars
2025-09-27 23:58:23,881 - __main__ - WARNING - Total options length (108) exceeds 100 chars
2025-09-27 23:58:23,881 - __main__ - WARNING - Total options length (105) exceeds 100 chars
2025-09-27 23:58:23,881 - __main__ - WARNING - Total options length (101) exceeds 100 chars
2025-09-27 23:58:23,882 - __main__ - WARNING - Total options length (116) exceeds 100 chars
2025-09-27 23:58:23,882 - __main__ - WARNING - Total options length (117) exceeds 100 chars
2025-09-27 23:58:23,883 - __main__ - WARNING - Total options length (103) exceeds 100 chars
2025-09-27 23:58:23,884 - __main__ - WARNING - Total options length (155) exceeds 100 chars
2025-09-27 23:58:23,918 - __main__ - WARNING - Total options length (134) exceeds 100 chars
2025-09-27 23:58:23,918 - __main__ - WARNING - Total options length (122) exceeds 100 chars
2025-09-27 23:58:23,919 - __main__ - WARNING - Total options length (126) exceeds 100 chars
2025-09-27 23:58:23,920 - __main__ - WARNING - Total options length (150) exceeds 100 chars
2025-09-27 23:58:23,920 - __main__ - WARNING - Total options length (154) exceeds 100 chars
2025-09-27 23:58:23,984 - __main__ - WARNING - Total options length (102) exceeds 100 chars
2025-09-27 23:58:23,986 - __main__ - WARNING - Total options length (101) exceeds 100 chars
2025-09-27 23:58:23,986 - __main__ - WARNING - Total options length (103) exceeds 100 chars
2025-09-27 23:58:23,987 - __main__ - WARNING - Total options length (102) exceeds 100 chars
2025-09-27 23:58:23,988 - __main__ - WARNING - Total options length (101) exceeds 100 chars
2025-09-27 23:58:23,988 - __main__ - WARNING - Total options length (103) exceeds 100 chars
2025-09-27 23:58:24,020 - __main__ - WARNING - Total options length (103) exceeds 100 chars
2025-09-27 23:58:24,021 - __main__ - WARNING - Total options length (194) exceeds 100 chars
2025-09-27 23:58:24,021 - __main__ - WARNING - Total options length (175) exceeds 100 chars
2025-09-27 23:58:24,022 - __main__ - WARNING - Total options length (134) exceeds 100 chars
2025-09-27 23:58:24,022 - __main__ - WARNING - Total options length (127) exceeds 100 chars
2025-09-27 23:58:24,022 - __main__ - WARNING - Total options length (127) exceeds 100 chars
2025-09-27 23:58:24,023 - __main__ - WARNING - Total options length (119) exceeds 100 chars
2025-09-27 23:58:24,023 - __main__ - WARNING - Total options length (136) exceeds 100 chars
2025-09-27 23:58:24,023 - __main__ - WARNING - Total options length (127) exceeds 100 chars
2025-09-27 23:58:24,023 - __main__ - WARNING - Total options length (119) exceeds 100 chars
2025-09-27 23:58:24,023 - __main__ - WARNING - Total options length (119) exceeds 100 chars
2025-09-27 23:58:24,024 - __main__ - WARNING - Total options length (148) exceeds 100 chars
2025-09-27 23:58:24,024 - __main__ - WARNING - Total options length (131) exceeds 100 chars
2025-09-27 23:58:24,024 - __main__ - WARNING - Total options length (142) exceeds 100 chars
2025-09-27 23:58:24,024 - __main__ - WARNING - Total options length (168) exceeds 100 chars
2025-09-27 23:58:24,024 - __main__ - WARNING - Total options length (203) exceeds 100 chars
2025-09-27 23:58:24,025 - __main__ - WARNING - Total options length (190) exceeds 100 chars
2025-09-27 23:58:24,025 - __main__ - WARNING - Total options length (136) exceeds 100 chars
2025-09-27 23:58:24,025 - __main__ - WARNING - Total options length (164) exceeds 100 chars
2025-09-27 23:58:24,025 - __main__ - WARNING - Total options length (159) exceeds 100 chars
2025-09-27 23:58:24,025 - __main__ - WARNING - Total options length (134) exceeds 100 chars
2025-09-27 23:58:24,025 - __main__ - WARNING - Total options length (139) exceeds 100 chars
2025-09-27 23:58:24,025 - __main__ - WARNING - Total options length (150) exceeds 100 chars
2025-09-27 23:58:24,026 - __main__ - WARNING - Total options length (109) exceeds 100 chars
2025-09-27 23:58:24,026 - __main__ - WARNING - Total options length (136) exceeds 100 chars
2025-09-27 23:58:24,026 - __main__ - WARNING - Total options length (207) exceeds 100 chars
2025-09-27 23:58:24,026 - __main__ - WARNING - Total options length (159) exceeds 100 chars
2025-09-27 23:58:24,026 - __main__ - WARNING - Total options length (184) exceeds 100 chars
2025-09-27 23:58:24,027 - __main__ - WARNING - Question must have exactly one correct option, found 0
2025-09-27 23:58:24,027 - __main__ - WARNING - Total options length (248) exceeds 100 chars
2025-09-27 23:58:24,027 - __main__ - WARNING - Total options length (206) exceeds 100 chars
2025-09-27 23:58:24,028 - __main__ - WARNING - Total options length (120) exceeds 100 chars
2025-09-27 23:58:24,028 - __main__ - WARNING - Total options length (118) exceeds 100 chars
2025-09-27 23:58:24,028 - __main__ - WARNING - Total options length (119) exceeds 100 chars
2025-09-27 23:58:24,029 - __main__ - WARNING - Total options length (141) exceeds 100 chars
2025-09-27 23:58:24,029 - __main__ - WARNING - Total options length (223) exceeds 100 chars
2025-09-27 23:58:24,029 - __main__ - WARNING - Total options length (139) exceeds 100 chars
2025-09-27 23:58:24,030 - __main__ - WARNING - Total options length (143) exceeds 100 chars
2025-09-27 23:58:24,030 - __main__ - WARNING - Total options length (139) exceeds 100 chars
2025-09-27 23:58:24,030 - __main__ - WARNING - Total options length (110) exceeds 100 chars
2025-09-27 23:58:24,030 - __main__ - WARNING - Total options length (189) exceeds 100 chars
2025-09-27 23:58:24,030 - __main__ - WARNING - Total options length (164) exceeds 100 chars
2025-09-27 23:58:24,031 - __main__ - WARNING - Total options length (138) exceeds 100 chars
2025-09-27 23:58:24,031 - __main__ - WARNING - Total options length (106) exceeds 100 chars
2025-09-27 23:58:24,031 - __main__ - WARNING - Total options length (239) exceeds 100 chars
2025-09-27 23:58:24,031 - __main__ - WARNING - Total options length (213) exceeds 100 chars
2025-09-27 23:58:24,032 - __main__ - WARNING - Total options length (165) exceeds 100 chars
2025-09-27 23:58:24,032 - __main__ - WARNING - Total options length (119) exceeds 100 chars
2025-09-27 23:58:24,033 - __main__ - WARNING - Total options length (215) exceeds 100 chars
2025-09-27 23:58:24,033 - __main__ - WARNING - Total options length (139) exceeds 100 chars
2025-09-27 23:58:24,033 - __main__ - WARNING - Total options length (137) exceeds 100 chars
2025-09-27 23:58:24,033 - __main__ - WARNING - Total options length (127) exceeds 100 chars
2025-09-27 23:58:24,034 - __main__ - WARNING - Question must have exactly one correct option, found 0
2025-09-27 23:58:24,037 - __main__ - WARNING - Total options length (170) exceeds 100 chars
2025-09-27 23:58:24,037 - __main__ - WARNING - Total options length (176) exceeds 100 chars
2025-09-27 23:58:24,037 - __main__ - WARNING - Total options length (155) exceeds 100 chars
2025-09-27 23:58:24,038 - __main__ - WARNING - Total options length (191) exceeds 100 chars
2025-09-27 23:58:24,038 - __main__ - WARNING - Total options length (251) exceeds 100 chars
2025-09-27 23:58:24,038 - __main__ - WARNING - Total options length (213) exceeds 100 chars
2025-09-27 23:58:24,038 - __main__ - WARNING - Total options length (119) exceeds 100 chars
2025-09-27 23:58:24,039 - __main__ - WARNING - Total options length (231) exceeds 100 chars
2025-09-27 23:58:24,039 - __main__ - WARNING - Total options length (115) exceeds 100 chars
2025-09-27 23:58:24,039 - __main__ - WARNING - Total options length (116) exceeds 100 chars
2025-09-27 23:58:24,040 - __main__ - WARNING - Total options length (176) exceeds 100 chars
2025-09-27 23:58:24,040 - __main__ - WARNING - Total options length (127) exceeds 100 chars
2025-09-27 23:58:24,040 - __main__ - WARNING - Total options length (143) exceeds 100 chars
2025-09-27 23:58:24,040 - __main__ - WARNING - Total options length (233) exceeds 100 chars
2025-09-27 23:58:24,040 - __main__ - WARNING - Total options length (169) exceeds 100 chars
2025-09-27 23:58:24,040 - __main__ - WARNING - Total options length (209) exceeds 100 chars
2025-09-27 23:58:24,040 - __main__ - WARNING - Total options length (309) exceeds 100 chars
2025-09-27 23:58:24,041 - __main__ - WARNING - Total options length (109) exceeds 100 chars
2025-09-27 23:58:24,041 - __main__ - WARNING - Total options length (139) exceeds 100 chars
2025-09-27 23:58:24,041 - __main__ - WARNING - Total options length (101) exceeds 100 chars
2025-09-27 23:58:24,041 - __main__ - WARNING - Total options length (177) exceeds 100 chars
2025-09-27 23:58:24,041 - __main__ - WARNING - Total options length (140) exceeds 100 chars
2025-09-27 23:58:24,041 - __main__ - WARNING - Total options length (133) exceeds 100 chars
2025-09-27 23:58:24,041 - __main__ - WARNING - Total options length (130) exceeds 100 chars
2025-09-27 23:58:24,041 - __main__ - WARNING - Total options length (177) exceeds 100 chars
2025-09-27 23:58:24,041 - __main__ - WARNING - Total options length (257) exceeds 100 chars
2025-09-27 23:58:24,042 - __main__ - WARNING - Total options length (159) exceeds 100 chars
2025-09-27 23:58:24,042 - __main__ - WARNING - Total options length (110) exceeds 100 chars
2025-09-27 23:58:24,042 - __main__ - WARNING - Total options length (109) exceeds 100 chars
2025-09-27 23:58:24,043 - __main__ - WARNING - Total options length (113) exceeds 100 chars
2025-09-27 23:58:24,043 - __main__ - WARNING - Total options length (111) exceeds 100 chars
2025-09-27 23:58:24,043 - __main__ - WARNING - Total options length (232) exceeds 100 chars
2025-09-27 23:58:24,044 - __main__ - WARNING - Total options length (249) exceeds 100 chars
2025-09-27 23:58:24,044 - __main__ - WARNING - Question must have exactly one correct option, found 0
2025-09-27 23:58:24,044 - __main__ - WARNING - Total options length (115) exceeds 100 chars
2025-09-27 23:58:24,044 - __main__ - WARNING - Total options length (123) exceeds 100 chars
2025-09-27 23:58:24,045 - __main__ - WARNING - Total options length (191) exceeds 100 chars
2025-09-27 23:58:24,045 - __main__ - WARNING - Total options length (186) exceeds 100 chars
2025-09-27 23:58:24,045 - __main__ - WARNING - Total options length (249) exceeds 100 chars
2025-09-27 23:58:24,046 - __main__ - WARNING - Total options length (178) exceeds 100 chars
2025-09-27 23:58:24,046 - __main__ - WARNING - Total options length (178) exceeds 100 chars
2025-09-27 23:58:24,046 - __main__ - WARNING - Total options length (140) exceeds 100 chars
2025-09-27 23:58:24,046 - __main__ - WARNING - Total options length (115) exceeds 100 chars
2025-09-27 23:58:24,047 - __main__ - WARNING - Total options length (228) exceeds 100 chars
2025-09-27 23:58:24,047 - __main__ - WARNING - Total options length (201) exceeds 100 chars
2025-09-27 23:58:24,047 - __main__ - WARNING - Total options length (148) exceeds 100 chars
2025-09-27 23:58:24,047 - __main__ - WARNING - Total options length (159) exceeds 100 chars
2025-09-27 23:58:24,047 - __main__ - WARNING - Total options length (142) exceeds 100 chars
2025-09-27 23:58:24,048 - __main__ - WARNING - Total options length (257) exceeds 100 chars
2025-09-27 23:58:24,048 - __main__ - WARNING - Total options length (142) exceeds 100 chars
2025-09-27 23:58:24,048 - __main__ - WARNING - Total options length (137) exceeds 100 chars
2025-09-27 23:58:24,048 - __main__ - WARNING - Total options length (225) exceeds 100 chars
2025-09-27 23:58:24,049 - __main__ - WARNING - Total options length (119) exceeds 100 chars
2025-09-27 23:58:24,049 - __main__ - WARNING - Total options length (139) exceeds 100 chars
2025-09-27 23:58:24,050 - __main__ - WARNING - Total options length (144) exceeds 100 chars
2025-09-27 23:58:24,050 - __main__ - WARNING - Total options length (109) exceeds 100 chars
2025-09-27 23:58:24,050 - __main__ - WARNING - Total options length (215) exceeds 100 chars
2025-09-27 23:58:24,050 - __main__ - WARNING - Total options length (190) exceeds 100 chars
2025-09-27 23:58:24,051 - __main__ - WARNING - Total options length (167) exceeds 100 chars
2025-09-27 23:58:24,051 - __main__ - WARNING - Total options length (202) exceeds 100 chars
2025-09-27 23:58:24,051 - __main__ - WARNING - Total options length (128) exceeds 100 chars
2025-09-27 23:58:24,051 - __main__ - WARNING - Total options length (185) exceeds 100 chars
2025-09-27 23:58:24,052 - __main__ - WARNING - Total options length (168) exceeds 100 chars
2025-09-27 23:58:24,052 - __main__ - WARNING - Total options length (178) exceeds 100 chars
2025-09-27 23:58:24,052 - __main__ - WARNING - Total options length (158) exceeds 100 chars
2025-09-27 23:58:24,052 - __main__ - WARNING - Total options length (118) exceeds 100 chars
2025-09-27 23:58:24,052 - __main__ - WARNING - Total options length (183) exceeds 100 chars
2025-09-27 23:58:24,053 - __main__ - WARNING - Total options length (132) exceeds 100 chars
2025-09-27 23:58:24,053 - __main__ - WARNING - Total options length (139) exceeds 100 chars
2025-09-27 23:58:24,053 - __main__ - WARNING - Total options length (109) exceeds 100 chars
2025-09-27 23:58:24,053 - __main__ - WARNING - Total options length (185) exceeds 100 chars
2025-09-27 23:58:24,053 - __main__ - WARNING - Total options length (233) exceeds 100 chars
2025-09-27 23:58:24,053 - __main__ - WARNING - Total options length (180) exceeds 100 chars
2025-09-27 23:58:24,065 - __main__ - WARNING - Total options length (213) exceeds 100 chars
2025-09-27 23:58:24,066 - __main__ - WARNING - Total options length (180) exceeds 100 chars
2025-09-27 23:58:24,066 - __main__ - WARNING - Total options length (240) exceeds 100 chars
2025-09-27 23:58:24,067 - __main__ - WARNING - Total options length (201) exceeds 100 chars
2025-09-27 23:58:24,067 - __main__ - WARNING - Total options length (176) exceeds 100 chars
2025-09-27 23:58:24,067 - __main__ - WARNING - Total options length (106) exceeds 100 chars
2025-09-27 23:58:24,068 - __main__ - WARNING - Total options length (130) exceeds 100 chars
2025-09-27 23:58:24,068 - __main__ - WARNING - Total options length (178) exceeds 100 chars
2025-09-27 23:58:24,069 - __main__ - WARNING - Total options length (114) exceeds 100 chars
2025-09-27 23:58:24,069 - __main__ - WARNING - Total options length (163) exceeds 100 chars
2025-09-27 23:58:24,070 - __main__ - WARNING - Total options length (198) exceeds 100 chars
2025-09-27 23:58:24,070 - __main__ - WARNING - Option 2 too long: 100 chars
2025-09-27 23:58:24,071 - __main__ - WARNING - Total options length (163) exceeds 100 chars
2025-09-27 23:58:24,071 - __main__ - WARNING - Total options length (125) exceeds 100 chars
2025-09-27 23:58:24,071 - __main__ - WARNING - Total options length (131) exceeds 100 chars
2025-09-27 23:58:24,071 - __main__ - WARNING - Total options length (170) exceeds 100 chars
2025-09-27 23:58:24,072 - __main__ - WARNING - Total options length (111) exceeds 100 chars
2025-09-27 23:58:24,072 - __main__ - WARNING - Total options length (189) exceeds 100 chars
2025-09-27 23:58:24,072 - __main__ - WARNING - Total options length (125) exceeds 100 chars
2025-09-27 23:58:24,072 - __main__ - WARNING - Total options length (135) exceeds 100 chars
2025-09-27 23:58:24,072 - __main__ - WARNING - Total options length (217) exceeds 100 chars
2025-09-27 23:58:24,072 - __main__ - WARNING - Total options length (150) exceeds 100 chars
2025-09-27 23:58:24,072 - __main__ - WARNING - Total options length (155) exceeds 100 chars
2025-09-27 23:58:24,073 - __main__ - WARNING - Total options length (118) exceeds 100 chars
2025-09-27 23:58:24,073 - __main__ - WARNING - Total options length (104) exceeds 100 chars
2025-09-27 23:58:24,073 - __main__ - WARNING - Total options length (114) exceeds 100 chars
2025-09-27 23:58:24,073 - __main__ - WARNING - Total options length (120) exceeds 100 chars
2025-09-27 23:58:24,090 - __main__ - WARNING - Total options length (162) exceeds 100 chars
2025-09-27 23:58:24,091 - __main__ - WARNING - Total options length (102) exceeds 100 chars
2025-09-27 23:58:24,091 - __main__ - WARNING - Total options length (115) exceeds 100 chars
2025-09-27 23:58:24,092 - __main__ - WARNING - Total options length (101) exceeds 100 chars
2025-09-27 23:58:24,093 - __main__ - WARNING - Total options length (117) exceeds 100 chars
2025-09-27 23:58:24,093 - __main__ - WARNING - Total options length (162) exceeds 100 chars
2025-09-27 23:58:24,094 - __main__ - WARNING - Total options length (134) exceeds 100 chars
2025-09-27 23:58:24,094 - __main__ - WARNING - Total options length (197) exceeds 100 chars
2025-09-27 23:58:24,095 - __main__ - WARNING - Total options length (132) exceeds 100 chars
2025-09-27 23:58:24,095 - __main__ - WARNING - Total options length (136) exceeds 100 chars
2025-09-27 23:58:24,095 - __main__ - WARNING - Total options length (136) exceeds 100 chars
2025-09-27 23:58:24,096 - __main__ - WARNING - Total options length (147) exceeds 100 chars
2025-09-27 23:58:24,096 - __main__ - WARNING - Total options length (161) exceeds 100 chars
2025-09-27 23:58:24,097 - __main__ - WARNING - Total options length (129) exceeds 100 chars
2025-09-27 23:58:24,097 - __main__ - WARNING - Total options length (157) exceeds 100 chars
2025-09-27 23:58:24,097 - __main__ - WARNING - Total options length (186) exceeds 100 chars
2025-09-27 23:58:24,097 - __main__ - WARNING - Total options length (126) exceeds 100 chars
2025-09-27 23:58:24,098 - __main__ - WARNING - Total options length (128) exceeds 100 chars
2025-09-27 23:58:24,098 - __main__ - WARNING - Total options length (162) exceeds 100 chars
2025-09-27 23:58:24,098 - __main__ - WARNING - Total options length (166) exceeds 100 chars
2025-09-27 23:58:24,098 - __main__ - WARNING - Total options length (136) exceeds 100 chars
2025-09-27 23:58:24,129 - __main__ - WARNING - Total options length (172) exceeds 100 chars
2025-09-27 23:58:24,130 - __main__ - WARNING - Total options length (105) exceeds 100 chars
2025-09-27 23:58:24,130 - __main__ - WARNING - Total options length (119) exceeds 100 chars
2025-09-27 23:58:24,131 - __main__ - WARNING - Total options length (175) exceeds 100 chars
2025-09-27 23:58:24,131 - __main__ - WARNING - Total options length (135) exceeds 100 chars
2025-09-27 23:58:24,132 - __main__ - WARNING - Total options length (296) exceeds 100 chars
2025-09-27 23:58:24,132 - __main__ - WARNING - Total options length (155) exceeds 100 chars
2025-09-27 23:58:24,133 - __main__ - WARNING - Total options length (135) exceeds 100 chars
2025-09-27 23:58:24,133 - __main__ - WARNING - Total options length (124) exceeds 100 chars
2025-09-27 23:58:24,134 - __main__ - WARNING - Total options length (179) exceeds 100 chars
2025-09-27 23:58:24,134 - __main__ - WARNING - Total options length (166) exceeds 100 chars
2025-09-27 23:58:24,134 - __main__ - WARNING - Total options length (112) exceeds 100 chars
2025-09-27 23:58:24,135 - __main__ - WARNING - Total options length (237) exceeds 100 chars
2025-09-27 23:58:24,135 - __main__ - WARNING - Total options length (213) exceeds 100 chars
2025-09-27 23:58:24,136 - __main__ - WARNING - Total options length (139) exceeds 100 chars
2025-09-27 23:58:24,136 - __main__ - WARNING - Total options length (119) exceeds 100 chars
2025-09-27 23:58:24,137 - __main__ - WARNING - Total options length (115) exceeds 100 chars
2025-09-27 23:58:24,138 - __main__ - WARNING - Option 2 too long: 116 chars
2025-09-27 23:58:24,138 - __main__ - WARNING - Total options length (193) exceeds 100 chars
2025-09-27 23:58:24,138 - __main__ - WARNING - Total options length (221) exceeds 100 chars
2025-09-27 23:58:24,139 - __main__ - WARNING - Total options length (146) exceeds 100 chars
2025-09-27 23:58:24,139 - __main__ - WARNING - Total options length (195) exceeds 100 chars
2025-09-27 23:58:24,139 - __main__ - WARNING - Total options length (159) exceeds 100 chars
2025-09-27 23:58:24,140 - __main__ - WARNING - Total options length (195) exceeds 100 chars
2025-09-27 23:58:24,140 - __main__ - WARNING - Total options length (139) exceeds 100 chars
2025-09-27 23:58:24,140 - __main__ - WARNING - Total options length (195) exceeds 100 chars
2025-09-27 23:58:24,141 - __main__ - WARNING - Total options length (254) exceeds 100 chars
2025-09-27 23:58:24,141 - __main__ - WARNING - Total options length (176) exceeds 100 chars
2025-09-27 23:58:24,142 - __main__ - WARNING - Option 1 too long: 100 chars
2025-09-27 23:58:24,142 - __main__ - WARNING - Total options length (157) exceeds 100 chars
2025-09-27 23:58:24,143 - __main__ - WARNING - Option 2 too long: 117 chars
2025-09-27 23:58:24,143 - __main__ - WARNING - Question must have exactly one correct option, found 2
2025-09-27 23:58:24,143 - __main__ - WARNING - Total options length (235) exceeds 100 chars
2025-09-27 23:58:24,144 - __main__ - WARNING - Total options length (111) exceeds 100 chars
2025-09-27 23:58:24,147 - __main__ - WARNING - Question must have exactly one correct option, found 0
2025-09-27 23:58:24,147 - __main__ - WARNING - Total options length (149) exceeds 100 chars
2025-09-27 23:58:24,148 - __main__ - WARNING - Question must have exactly one correct option, found 0
2025-09-27 23:58:24,148 - __main__ - WARNING - Question must have exactly one correct option, found 0
2025-09-27 23:58:24,149 - __main__ - WARNING - Total options length (176) exceeds 100 chars
2025-09-27 23:58:24,149 - __main__ - WARNING - Total options length (128) exceeds 100 chars
2025-09-27 23:58:24,150 - __main__ - WARNING - Total options length (171) exceeds 100 chars
2025-09-27 23:58:24,150 - __main__ - WARNING - Total options length (132) exceeds 100 chars
2025-09-27 23:58:24,151 - __main__ - WARNING - Total options length (111) exceeds 100 chars
2025-09-27 23:58:24,151 - __main__ - WARNING - Total options length (187) exceeds 100 chars
2025-09-27 23:58:24,151 - __main__ - WARNING - Total options length (137) exceeds 100 chars
2025-09-27 23:58:24,152 - __main__ - WARNING - Question must have exactly one correct option, found 0
2025-09-27 23:58:24,152 - __main__ - WARNING - Total options length (217) exceeds 100 chars
2025-09-27 23:58:24,153 - __main__ - WARNING - Total options length (185) exceeds 100 chars
2025-09-27 23:58:24,154 - __main__ - WARNING - Question must have exactly one correct option, found 0
2025-09-27 23:58:24,155 - __main__ - WARNING - Total options length (103) exceeds 100 chars
2025-09-27 23:58:24,155 - __main__ - WARNING - Total options length (109) exceeds 100 chars
2025-09-27 23:58:24,156 - __main__ - WARNING - Question must have exactly one correct option, found 0
2025-09-27 23:58:24,156 - __main__ - WARNING - Total options length (114) exceeds 100 chars
2025-09-27 23:58:24,157 - __main__ - WARNING - Total options length (180) exceeds 100 chars
2025-09-27 23:58:24,157 - __main__ - WARNING - Total options length (142) exceeds 100 chars
2025-09-27 23:58:24,158 - __main__ - WARNING - Total options length (111) exceeds 100 chars
2025-09-27 23:58:24,158 - __main__ - WARNING - Total options length (158) exceeds 100 chars
2025-09-27 23:58:24,159 - __main__ - WARNING - Option 2 too long: 132 chars
2025-09-27 23:58:24,159 - __main__ - WARNING - Total options length (157) exceeds 100 chars
2025-09-27 23:58:24,160 - __main__ - WARNING - Total options length (211) exceeds 100 chars
2025-09-27 23:58:24,161 - __main__ - WARNING - Total options length (206) exceeds 100 chars
2025-09-27 23:58:24,161 - __main__ - WARNING - Total options length (112) exceeds 100 chars
2025-09-27 23:58:24,162 - __main__ - WARNING - Total options length (112) exceeds 100 chars
2025-09-27 23:58:24,163 - __main__ - WARNING - Total options length (180) exceeds 100 chars
2025-09-27 23:58:24,163 - __main__ - WARNING - Total options length (149) exceeds 100 chars
2025-09-27 23:58:24,163 - __main__ - WARNING - Total options length (130) exceeds 100 chars
2025-09-27 23:58:24,164 - __main__ - WARNING - Total options length (202) exceeds 100 chars
2025-09-27 23:58:24,164 - __main__ - WARNING - Total options length (132) exceeds 100 chars
2025-09-27 23:58:24,166 - __main__ - WARNING - Total options length (130) exceeds 100 chars
2025-09-27 23:58:24,166 - __main__ - WARNING - Total options length (123) exceeds 100 chars
2025-09-27 23:58:24,167 - __main__ - WARNING - Question must have exactly one correct option, found 0
2025-09-27 23:58:24,167 - __main__ - WARNING - Total options length (157) exceeds 100 chars
2025-09-27 23:58:24,168 - __main__ - WARNING - Question must have exactly one correct option, found 0
2025-09-27 23:58:24,168 - __main__ - WARNING - Total options length (126) exceeds 100 chars
2025-09-27 23:58:24,169 - __main__ - WARNING - Question must have exactly one correct option, found 0
2025-09-27 23:58:24,170 - __main__ - WARNING - Question must have exactly one correct option, found 0
2025-09-27 23:58:24,171 - __main__ - WARNING - Total options length (258) exceeds 100 chars
2025-09-27 23:58:24,171 - __main__ - WARNING - Total options length (116) exceeds 100 chars
2025-09-27 23:58:24,172 - __main__ - WARNING - Question must have exactly one correct option, found 0
2025-09-27 23:58:24,172 - __main__ - WARNING - Question must have exactly one correct option, found 0
2025-09-27 23:58:24,173 - __main__ - WARNING - Question must have exactly one correct option, found 0
2025-09-27 23:58:24,173 - __main__ - WARNING - Total options length (128) exceeds 100 chars
2025-09-27 23:58:24,174 - __main__ - WARNING - Total options length (164) exceeds 100 chars
2025-09-27 23:58:24,174 - __main__ - WARNING - Total options length (178) exceeds 100 chars
2025-09-27 23:58:24,175 - __main__ - WARNING - Question must have exactly one correct option, found 0
2025-09-27 23:58:24,175 - __main__ - WARNING - Total options length (127) exceeds 100 chars
2025-09-27 23:58:24,176 - __main__ - WARNING - Total options length (201) exceeds 100 chars
2025-09-27 23:58:24,176 - __main__ - WARNING - Total options length (134) exceeds 100 chars
2025-09-27 23:58:24,177 - __main__ - WARNING - Total options length (152) exceeds 100 chars
2025-09-27 23:58:24,177 - __main__ - WARNING - Question must have exactly one correct option, found 0
2025-09-27 23:58:24,177 - __main__ - WARNING - Total options length (109) exceeds 100 chars
2025-09-27 23:58:24,178 - __main__ - WARNING - Total options length (156) exceeds 100 chars
2025-09-27 23:58:24,178 - __main__ - WARNING - Total options length (198) exceeds 100 chars
2025-09-27 23:58:24,178 - __main__ - WARNING - Total options length (239) exceeds 100 chars
2025-09-27 23:58:24,178 - __main__ - WARNING - Option 2 too long: 117 chars
2025-09-27 23:58:24,178 - __main__ - WARNING - Total options length (210) exceeds 100 chars
2025-09-27 23:58:24,179 - __main__ - WARNING - Total options length (135) exceeds 100 chars
2025-09-27 23:58:24,179 - __main__ - WARNING - Total options length (179) exceeds 100 chars
2025-09-27 23:58:24,179 - __main__ - WARNING - Total options length (206) exceeds 100 chars
2025-09-27 23:58:24,179 - __main__ - WARNING - Total options length (165) exceeds 100 chars
2025-09-27 23:58:24,180 - __main__ - WARNING - Total options length (133) exceeds 100 chars
2025-09-27 23:58:24,180 - __main__ - WARNING - Total options length (163) exceeds 100 chars
2025-09-27 23:58:24,180 - __main__ - WARNING - Total options length (241) exceeds 100 chars
2025-09-27 23:58:24,181 - __main__ - WARNING - Total options length (139) exceeds 100 chars
2025-09-27 23:58:24,181 - __main__ - WARNING - Question must have exactly one correct option, found 0
2025-09-27 23:58:24,181 - __main__ - WARNING - Total options length (112) exceeds 100 chars
2025-09-27 23:58:24,182 - __main__ - WARNING - Total options length (130) exceeds 100 chars
2025-09-27 23:58:24,182 - __main__ - WARNING - Total options length (216) exceeds 100 chars
2025-09-27 23:58:24,183 - __main__ - WARNING - Total options length (132) exceeds 100 chars
2025-09-27 23:58:24,183 - __main__ - WARNING - Total options length (194) exceeds 100 chars
2025-09-27 23:58:24,183 - __main__ - WARNING - Total options length (194) exceeds 100 chars
2025-09-27 23:58:24,184 - __main__ - WARNING - Total options length (130) exceeds 100 chars
2025-09-27 23:58:24,184 - __main__ - WARNING - Total options length (123) exceeds 100 chars
2025-09-27 23:58:24,185 - __main__ - WARNING - Total options length (167) exceeds 100 chars
2025-09-27 23:58:24,186 - __main__ - WARNING - Total options length (223) exceeds 100 chars
2025-09-27 23:58:24,186 - __main__ - WARNING - Total options length (140) exceeds 100 chars
2025-09-27 23:58:24,187 - __main__ - WARNING - Option 2 too long: 102 chars
2025-09-27 23:58:24,187 - __main__ - WARNING - Total options length (182) exceeds 100 chars
2025-09-27 23:58:24,188 - __main__ - WARNING - Total options length (247) exceeds 100 chars
2025-09-27 23:58:24,188 - __main__ - WARNING - Total options length (150) exceeds 100 chars
2025-09-27 23:58:24,188 - __main__ - WARNING - Total options length (211) exceeds 100 chars
2025-09-27 23:58:24,189 - __main__ - WARNING - Total options length (118) exceeds 100 chars
2025-09-27 23:58:24,189 - __main__ - WARNING - Total options length (297) exceeds 100 chars
2025-09-27 23:58:24,190 - __main__ - WARNING - Total options length (175) exceeds 100 chars
2025-09-27 23:58:24,190 - __main__ - WARNING - Option 2 too long: 100 chars
2025-09-27 23:58:24,190 - __main__ - WARNING - Question must have exactly one correct option, found 0
2025-09-27 23:58:24,190 - __main__ - WARNING - Total options length (263) exceeds 100 chars
2025-09-27 23:58:24,191 - __main__ - WARNING - Total options length (176) exceeds 100 chars
2025-09-27 23:58:24,191 - __main__ - WARNING - Total options length (132) exceeds 100 chars
2025-09-27 23:58:24,192 - __main__ - WARNING - Total options length (174) exceeds 100 chars
2025-09-27 23:58:24,192 - __main__ - WARNING - Total options length (132) exceeds 100 chars
2025-09-27 23:58:24,192 - __main__ - WARNING - Total options length (111) exceeds 100 chars
2025-09-27 23:58:24,193 - __main__ - WARNING - Total options length (192) exceeds 100 chars
2025-09-27 23:58:24,193 - __main__ - WARNING - Total options length (137) exceeds 100 chars
2025-09-27 23:58:24,193 - __main__ - WARNING - Question must have exactly one correct option, found 0
2025-09-27 23:58:24,194 - __main__ - WARNING - Total options length (217) exceeds 100 chars
2025-09-27 23:58:24,194 - __main__ - WARNING - Total options length (185) exceeds 100 chars
2025-09-27 23:58:24,194 - __main__ - WARNING - Total options length (164) exceeds 100 chars
2025-09-27 23:58:24,195 - __main__ - WARNING - Total options length (105) exceeds 100 chars
2025-09-27 23:58:24,195 - __main__ - WARNING - Total options length (107) exceeds 100 chars
2025-09-27 23:58:24,196 - __main__ - WARNING - Total options length (119) exceeds 100 chars
2025-09-27 23:58:24,196 - __main__ - WARNING - Total options length (124) exceeds 100 chars
2025-09-27 23:58:24,196 - __main__ - WARNING - Total options length (158) exceeds 100 chars
2025-09-27 23:58:24,197 - __main__ - WARNING - Total options length (132) exceeds 100 chars
2025-09-27 23:58:24,197 - __main__ - WARNING - Total options length (235) exceeds 100 chars
2025-09-27 23:58:24,197 - __main__ - WARNING - Total options length (219) exceeds 100 chars
2025-09-27 23:58:24,197 - __main__ - WARNING - Total options length (128) exceeds 100 chars
2025-09-27 23:58:24,198 - __main__ - WARNING - Total options length (188) exceeds 100 chars
2025-09-27 23:58:24,198 - __main__ - WARNING - Total options length (193) exceeds 100 chars
2025-09-27 23:58:24,198 - __main__ - WARNING - Total options length (197) exceeds 100 chars
2025-09-27 23:58:24,198 - __main__ - WARNING - Total options length (175) exceeds 100 chars
2025-09-27 23:58:24,199 - __main__ - WARNING - Question must have exactly one correct option, found 0
2025-09-27 23:58:24,199 - __main__ - WARNING - Total options length (153) exceeds 100 chars
2025-09-27 23:58:24,243 - __main__ - WARNING - Total options length (102) exceeds 100 chars
2025-09-27 23:58:24,244 - __main__ - WARNING - Total options length (101) exceeds 100 chars
2025-09-27 23:58:24,245 - __main__ - WARNING - Total options length (224) exceeds 100 chars
2025-09-27 23:58:24,245 - __main__ - WARNING - Option 2 too long: 100 chars
2025-09-27 23:58:24,246 - __main__ - WARNING - Total options length (188) exceeds 100 chars
2025-09-27 23:58:24,246 - __main__ - WARNING - Total options length (222) exceeds 100 chars
2025-09-27 23:58:24,247 - __main__ - WARNING - Total options length (149) exceeds 100 chars
2025-09-27 23:58:24,247 - __main__ - WARNING - Total options length (104) exceeds 100 chars
2025-09-27 23:58:24,248 - __main__ - WARNING - Question must have exactly one correct option, found 2
2025-09-27 23:58:24,249 - __main__ - WARNING - Total options length (153) exceeds 100 chars
2025-09-27 23:58:24,249 - __main__ - WARNING - Total options length (227) exceeds 100 chars
2025-09-27 23:58:24,249 - __main__ - WARNING - Total options length (116) exceeds 100 chars
2025-09-27 23:58:24,250 - __main__ - WARNING - Total options length (162) exceeds 100 chars
2025-09-27 23:58:24,250 - __main__ - WARNING - Total options length (121) exceeds 100 chars
2025-09-27 23:58:24,250 - __main__ - WARNING - Total options length (179) exceeds 100 chars
2025-09-27 23:58:24,251 - __main__ - WARNING - Total options length (168) exceeds 100 chars
2025-09-27 23:58:24,252 - __main__ - WARNING - Question must have exactly one correct option, found 2
2025-09-27 23:58:24,252 - __main__ - WARNING - Total options length (156) exceeds 100 chars
2025-09-27 23:58:24,253 - __main__ - WARNING - Total options length (179) exceeds 100 chars
2025-09-27 23:58:24,253 - __main__ - WARNING - Total options length (103) exceeds 100 chars
2025-09-27 23:58:24,254 - __main__ - WARNING - Total options length (102) exceeds 100 chars
2025-09-27 23:58:24,254 - __main__ - WARNING - Total options length (101) exceeds 100 chars
2025-09-27 23:58:24,254 - __main__ - WARNING - Total options length (103) exceeds 100 chars
2025-09-27 23:58:24,284 - __main__ - WARNING - Total options length (103) exceeds 100 chars
2025-09-27 23:58:24,285 - __main__ - WARNING - Total options length (194) exceeds 100 chars
2025-09-27 23:58:24,286 - __main__ - WARNING - Total options length (175) exceeds 100 chars
2025-09-27 23:58:24,286 - __main__ - WARNING - Total options length (134) exceeds 100 chars
2025-09-27 23:58:24,286 - __main__ - WARNING - Total options length (127) exceeds 100 chars
2025-09-27 23:58:24,287 - __main__ - WARNING - Total options length (127) exceeds 100 chars
2025-09-27 23:58:24,287 - __main__ - WARNING - Total options length (119) exceeds 100 chars
2025-09-27 23:58:24,287 - __main__ - WARNING - Total options length (136) exceeds 100 chars
2025-09-27 23:58:24,287 - __main__ - WARNING - Total options length (127) exceeds 100 chars
2025-09-27 23:58:24,287 - __main__ - WARNING - Total options length (119) exceeds 100 chars
2025-09-27 23:58:24,287 - __main__ - WARNING - Total options length (119) exceeds 100 chars
2025-09-27 23:58:24,288 - __main__ - WARNING - Total options length (148) exceeds 100 chars
2025-09-27 23:58:24,288 - __main__ - WARNING - Total options length (131) exceeds 100 chars
2025-09-27 23:58:24,288 - __main__ - WARNING - Total options length (142) exceeds 100 chars
2025-09-27 23:58:24,288 - __main__ - WARNING - Total options length (168) exceeds 100 chars
2025-09-27 23:58:24,288 - __main__ - WARNING - Total options length (203) exceeds 100 chars
2025-09-27 23:58:24,288 - __main__ - WARNING - Total options length (190) exceeds 100 chars
2025-09-27 23:58:24,288 - __main__ - WARNING - Total options length (136) exceeds 100 chars
2025-09-27 23:58:24,289 - __main__ - WARNING - Total options length (164) exceeds 100 chars
2025-09-27 23:58:24,289 - __main__ - WARNING - Total options length (159) exceeds 100 chars
2025-09-27 23:58:24,289 - __main__ - WARNING - Total options length (134) exceeds 100 chars
2025-09-27 23:58:24,289 - __main__ - WARNING - Total options length (139) exceeds 100 chars
2025-09-27 23:58:24,289 - __main__ - WARNING - Total options length (150) exceeds 100 chars
2025-09-27 23:58:24,289 - __main__ - WARNING - Total options length (109) exceeds 100 chars
2025-09-27 23:58:24,289 - __main__ - WARNING - Total options length (136) exceeds 100 chars
2025-09-27 23:58:24,289 - __main__ - WARNING - Total options length (207) exceeds 100 chars
2025-09-27 23:58:24,290 - __main__ - WARNING - Total options length (159) exceeds 100 chars
2025-09-27 23:58:24,290 - __main__ - WARNING - Total options length (184) exceeds 100 chars
2025-09-27 23:58:24,290 - __main__ - WARNING - Question must have exactly one correct option, found 0
2025-09-27 23:58:24,290 - __main__ - WARNING - Total options length (248) exceeds 100 chars
2025-09-27 23:58:24,290 - __main__ - WARNING - Total options length (206) exceeds 100 chars
2025-09-27 23:58:24,290 - __main__ - WARNING - Total options length (120) exceeds 100 chars
2025-09-27 23:58:24,291 - __main__ - WARNING - Total options length (118) exceeds 100 chars
2025-09-27 23:58:24,291 - __main__ - WARNING - Total options length (119) exceeds 100 chars
2025-09-27 23:58:24,291 - __main__ - WARNING - Total options length (141) exceeds 100 chars
2025-09-27 23:58:24,291 - __main__ - WARNING - Total options length (223) exceeds 100 chars
2025-09-27 23:58:24,292 - __main__ - WARNING - Total options length (139) exceeds 100 chars
2025-09-27 23:58:24,292 - __main__ - WARNING - Total options length (143) exceeds 100 chars
2025-09-27 23:58:24,292 - __main__ - WARNING - Total options length (139) exceeds 100 chars
2025-09-27 23:58:24,295 - __main__ - WARNING - Total options length (110) exceeds 100 chars
2025-09-27 23:58:24,298 - __main__ - WARNING - Total options length (189) exceeds 100 chars
2025-09-27 23:58:24,299 - __main__ - WARNING - Total options length (164) exceeds 100 chars
2025-09-27 23:58:24,300 - __main__ - WARNING - Total options length (138) exceeds 100 chars
2025-09-27 23:58:24,301 - __main__ - WARNING - Total options length (106) exceeds 100 chars
2025-09-27 23:58:24,301 - __main__ - WARNING - Total options length (239) exceeds 100 chars
2025-09-27 23:58:24,304 - __main__ - WARNING - Total options length (213) exceeds 100 chars
2025-09-27 23:58:24,304 - __main__ - WARNING - Total options length (165) exceeds 100 chars
2025-09-27 23:58:24,305 - __main__ - WARNING - Total options length (119) exceeds 100 chars
2025-09-27 23:58:24,305 - __main__ - WARNING - Total options length (215) exceeds 100 chars
2025-09-27 23:58:24,306 - __main__ - WARNING - Total options length (139) exceeds 100 chars
2025-09-27 23:58:24,306 - __main__ - WARNING - Total options length (137) exceeds 100 chars
2025-09-27 23:58:24,307 - __main__ - WARNING - Total options length (127) exceeds 100 chars
2025-09-27 23:58:24,307 - __main__ - WARNING - Question must have exactly one correct option, found 0
2025-09-27 23:58:24,315 - __main__ - INFO - Created set.json with 118 questions.
2025-09-27 23:58:26,205 - httpx - INFO - HTTP Request: POST https://api.telegram.org/bot7481731907:AAGA8Rmu3eC5QUyhUcl4DuaVaH08qA9O4sE/getMe "HTTP/1.1 200 OK"
2025-09-27 23:58:26,902 - httpx - INFO - HTTP Request: POST https://api.telegram.org/bot7481731907:AAGA8Rmu3eC5QUyhUcl4DuaVaH08qA9O4sE/sendMessage "HTTP/1.1 200 OK"
2025-09-27 23:58:27,199 - httpx - INFO - HTTP Request: POST https://api.telegram.org/bot7481731907:AAGA8Rmu3eC5QUyhUcl4DuaVaH08qA9O4sE/deleteWebhook "HTTP/1.1 200 OK"
2025-09-27 23:58:27,201 - telegram.ext.Application - INFO - Application started
2025-09-27 23:58:28,400 - httpx - INFO - HTTP Request: POST https://api.telegram.org/bot7481731907:AAGA8Rmu3eC5QUyhUcl4DuaVaH08qA9O4sE/getUpdates "HTTP/1.1 409 Conflict"
2025-09-27 23:58:28,402 - telegram.ext.Updater - ERROR - Error while getting Updates: Conflict: terminated by other getUpdates request; make sure that only one bot instance is running
2025-09-27 23:58:28,402 - __main__ - ERROR - Exception while handling an update:
Traceback (most recent call last):
  File "C:\Users\Lenovo\AppData\Local\Packages\PythonSoftwareFoundation.Python.3.13_qbz5n2kfra8p0\LocalCache\local-packages\Python313\site-packages\telegram\ext\_updater.py", line 607, in _network_loop_retry
    if not await action_cb():
           ^^^^^^^^^^^^^^^^^
  File "C:\Users\Lenovo\AppData\Local\Packages\PythonSoftwareFoundation.Python.3.13_qbz5n2kfra8p0\LocalCache\local-packages\Python313\site-packages\telegram\ext\_updater.py", line 335, in polling_action_cb
    raise exc
  File "C:\Users\Lenovo\AppData\Local\Packages\PythonSoftwareFoundation.Python.3.13_qbz5n2kfra8p0\LocalCache\local-packages\Python313\site-packages\telegram\ext\_updater.py", line 320, in polling_action_cb
    updates = await self.bot.get_updates(
              ^^^^^^^^^^^^^^^^^^^^^^^^^^^
    ...<7 lines>...
    )
    ^
  File "C:\Users\Lenovo\AppData\Local\Packages\PythonSoftwareFoundation.Python.3.13_qbz5n2kfra8p0\LocalCache\local-packages\Python313\site-packages\telegram\ext\_extbot.py", line 543, in get_updates
    updates = await super().get_updates(
              ^^^^^^^^^^^^^^^^^^^^^^^^^^
    ...<9 lines>...
    )
    ^
  File "C:\Users\Lenovo\AppData\Local\Packages\PythonSoftwareFoundation.Python.3.13_qbz5n2kfra8p0\LocalCache\local-packages\Python313\site-packages\telegram\_bot.py", line 381, in decorator
    result = await func(self, *args, **kwargs)  # skipcq: PYL-E1102
             ^^^^^^^^^^^^^^^^^^^^^^^^^^^^^^^^^
  File "C:\Users\Lenovo\AppData\Local\Packages\PythonSoftwareFoundation.Python.3.13_qbz5n2kfra8p0\LocalCache\local-packages\Python313\site-packages\telegram\_bot.py", line 3661, in get_updates
    await self._post(
    ^^^^^^^^^^^^^^^^^
    ...<7 lines>...
    ),
    ^
  File "C:\Users\Lenovo\AppData\Local\Packages\PythonSoftwareFoundation.Python.3.13_qbz5n2kfra8p0\LocalCache\local-packages\Python313\site-packages\telegram\_bot.py", line 469, in _post
    return await self._do_post(
           ^^^^^^^^^^^^^^^^^^^^
    ...<6 lines>...
    )
    ^
  File "C:\Users\Lenovo\AppData\Local\Packages\PythonSoftwareFoundation.Python.3.13_qbz5n2kfra8p0\LocalCache\local-packages\Python313\site-packages\telegram\ext\_extbot.py", line 325, in _do_post
    return await super()._do_post(
           ^^^^^^^^^^^^^^^^^^^^^^^
    ...<6 lines>...
    )
    ^
  File "C:\Users\Lenovo\AppData\Local\Packages\PythonSoftwareFoundation.Python.3.13_qbz5n2kfra8p0\LocalCache\local-packages\Python313\site-packages\telegram\_bot.py", line 497, in _do_post
    return await request.post(
           ^^^^^^^^^^^^^^^^^^^
    ...<6 lines>...
    )
    ^
  File "C:\Users\Lenovo\AppData\Local\Packages\PythonSoftwareFoundation.Python.3.13_qbz5n2kfra8p0\LocalCache\local-packages\Python313\site-packages\telegram\request\_baserequest.py", line 168, in post
    result = await self._request_wrapper(
             ^^^^^^^^^^^^^^^^^^^^^^^^^^^^
    ...<7 lines>...
    )
    ^
  File "C:\Users\Lenovo\AppData\Local\Packages\PythonSoftwareFoundation.Python.3.13_qbz5n2kfra8p0\LocalCache\local-packages\Python313\site-packages\telegram\request\_baserequest.py", line 330, in _request_wrapper
    raise Conflict(message)
telegram.error.Conflict: Conflict: terminated by other getUpdates request; make sure that only one bot instance is running
2025-09-27 23:58:28,414 - __main__ - ERROR - Update None caused error Conflict: terminated by other getUpdates request; make sure that only one bot instance is running
2025-09-27 23:58:30,980 - httpx - INFO - HTTP Request: POST https://api.telegram.org/bot7481731907:AAGA8Rmu3eC5QUyhUcl4DuaVaH08qA9O4sE/getUpdates "HTTP/1.1 200 OK"
2025-09-27 23:58:31,534 - httpx - INFO - HTTP Request: POST https://api.telegram.org/bot7481731907:AAGA8Rmu3eC5QUyhUcl4DuaVaH08qA9O4sE/sendMessage "HTTP/1.1 200 OK"
2025-09-27 23:58:35,156 - httpx - INFO - HTTP Request: POST https://api.telegram.org/bot7481731907:AAGA8Rmu3eC5QUyhUcl4DuaVaH08qA9O4sE/getUpdates "HTTP/1.1 409 Conflict"
2025-09-27 23:58:35,157 - telegram.ext.Updater - ERROR - Error while getting Updates: Conflict: terminated by other getUpdates request; make sure that only one bot instance is running
2025-09-27 23:58:35,158 - __main__ - ERROR - Exception while handling an update:
Traceback (most recent call last):
  File "C:\Users\Lenovo\AppData\Local\Packages\PythonSoftwareFoundation.Python.3.13_qbz5n2kfra8p0\LocalCache\local-packages\Python313\site-packages\telegram\ext\_updater.py", line 607, in _network_loop_retry
    if not await action_cb():
           ^^^^^^^^^^^^^^^^^
  File "C:\Users\Lenovo\AppData\Local\Packages\PythonSoftwareFoundation.Python.3.13_qbz5n2kfra8p0\LocalCache\local-packages\Python313\site-packages\telegram\ext\_updater.py", line 335, in polling_action_cb
    raise exc
  File "C:\Users\Lenovo\AppData\Local\Packages\PythonSoftwareFoundation.Python.3.13_qbz5n2kfra8p0\LocalCache\local-packages\Python313\site-packages\telegram\ext\_updater.py", line 320, in polling_action_cb
    updates = await self.bot.get_updates(
              ^^^^^^^^^^^^^^^^^^^^^^^^^^^
    ...<7 lines>...
    )
    ^
  File "C:\Users\Lenovo\AppData\Local\Packages\PythonSoftwareFoundation.Python.3.13_qbz5n2kfra8p0\LocalCache\local-packages\Python313\site-packages\telegram\ext\_extbot.py", line 543, in get_updates
    updates = await super().get_updates(
              ^^^^^^^^^^^^^^^^^^^^^^^^^^
    ...<9 lines>...
    )
    ^
  File "C:\Users\Lenovo\AppData\Local\Packages\PythonSoftwareFoundation.Python.3.13_qbz5n2kfra8p0\LocalCache\local-packages\Python313\site-packages\telegram\_bot.py", line 381, in decorator
    result = await func(self, *args, **kwargs)  # skipcq: PYL-E1102
             ^^^^^^^^^^^^^^^^^^^^^^^^^^^^^^^^^
  File "C:\Users\Lenovo\AppData\Local\Packages\PythonSoftwareFoundation.Python.3.13_qbz5n2kfra8p0\LocalCache\local-packages\Python313\site-packages\telegram\_bot.py", line 3661, in get_updates
    await self._post(
    ^^^^^^^^^^^^^^^^^
    ...<7 lines>...
    ),
    ^
  File "C:\Users\Lenovo\AppData\Local\Packages\PythonSoftwareFoundation.Python.3.13_qbz5n2kfra8p0\LocalCache\local-packages\Python313\site-packages\telegram\_bot.py", line 469, in _post
    return await self._do_post(
           ^^^^^^^^^^^^^^^^^^^^
    ...<6 lines>...
    )
    ^
  File "C:\Users\Lenovo\AppData\Local\Packages\PythonSoftwareFoundation.Python.3.13_qbz5n2kfra8p0\LocalCache\local-packages\Python313\site-packages\telegram\ext\_extbot.py", line 325, in _do_post
    return await super()._do_post(
           ^^^^^^^^^^^^^^^^^^^^^^^
    ...<6 lines>...
    )
    ^
  File "C:\Users\Lenovo\AppData\Local\Packages\PythonSoftwareFoundation.Python.3.13_qbz5n2kfra8p0\LocalCache\local-packages\Python313\site-packages\telegram\_bot.py", line 497, in _do_post
    return await request.post(
           ^^^^^^^^^^^^^^^^^^^
    ...<6 lines>...
    )
    ^
  File "C:\Users\Lenovo\AppData\Local\Packages\PythonSoftwareFoundation.Python.3.13_qbz5n2kfra8p0\LocalCache\local-packages\Python313\site-packages\telegram\request\_baserequest.py", line 168, in post
    result = await self._request_wrapper(
             ^^^^^^^^^^^^^^^^^^^^^^^^^^^^
    ...<7 lines>...
    )
    ^
  File "C:\Users\Lenovo\AppData\Local\Packages\PythonSoftwareFoundation.Python.3.13_qbz5n2kfra8p0\LocalCache\local-packages\Python313\site-packages\telegram\request\_baserequest.py", line 330, in _request_wrapper
    raise Conflict(message)
telegram.error.Conflict: Conflict: terminated by other getUpdates request; make sure that only one bot instance is running
2025-09-27 23:58:35,164 - __main__ - ERROR - Update None caused error Conflict: terminated by other getUpdates request; make sure that only one bot instance is running
2025-09-27 23:58:42,635 - httpx - INFO - HTTP Request: POST https://api.telegram.org/bot7481731907:AAGA8Rmu3eC5QUyhUcl4DuaVaH08qA9O4sE/getUpdates "HTTP/1.1 409 Conflict"
2025-09-27 23:58:42,636 - telegram.ext.Updater - ERROR - Error while getting Updates: Conflict: terminated by other getUpdates request; make sure that only one bot instance is running
2025-09-27 23:58:42,636 - __main__ - ERROR - Exception while handling an update:
Traceback (most recent call last):
  File "C:\Users\Lenovo\AppData\Local\Packages\PythonSoftwareFoundation.Python.3.13_qbz5n2kfra8p0\LocalCache\local-packages\Python313\site-packages\telegram\ext\_updater.py", line 607, in _network_loop_retry
    if not await action_cb():
           ^^^^^^^^^^^^^^^^^
  File "C:\Users\Lenovo\AppData\Local\Packages\PythonSoftwareFoundation.Python.3.13_qbz5n2kfra8p0\LocalCache\local-packages\Python313\site-packages\telegram\ext\_updater.py", line 335, in polling_action_cb
    raise exc
  File "C:\Users\Lenovo\AppData\Local\Packages\PythonSoftwareFoundation.Python.3.13_qbz5n2kfra8p0\LocalCache\local-packages\Python313\site-packages\telegram\ext\_updater.py", line 320, in polling_action_cb
    updates = await self.bot.get_updates(
              ^^^^^^^^^^^^^^^^^^^^^^^^^^^
    ...<7 lines>...
    )
    ^
  File "C:\Users\Lenovo\AppData\Local\Packages\PythonSoftwareFoundation.Python.3.13_qbz5n2kfra8p0\LocalCache\local-packages\Python313\site-packages\telegram\ext\_extbot.py", line 543, in get_updates
    updates = await super().get_updates(
              ^^^^^^^^^^^^^^^^^^^^^^^^^^
    ...<9 lines>...
    )
    ^
  File "C:\Users\Lenovo\AppData\Local\Packages\PythonSoftwareFoundation.Python.3.13_qbz5n2kfra8p0\LocalCache\local-packages\Python313\site-packages\telegram\_bot.py", line 381, in decorator
    result = await func(self, *args, **kwargs)  # skipcq: PYL-E1102
             ^^^^^^^^^^^^^^^^^^^^^^^^^^^^^^^^^
  File "C:\Users\Lenovo\AppData\Local\Packages\PythonSoftwareFoundation.Python.3.13_qbz5n2kfra8p0\LocalCache\local-packages\Python313\site-packages\telegram\_bot.py", line 3661, in get_updates
    await self._post(
    ^^^^^^^^^^^^^^^^^
    ...<7 lines>...
    ),
    ^
  File "C:\Users\Lenovo\AppData\Local\Packages\PythonSoftwareFoundation.Python.3.13_qbz5n2kfra8p0\LocalCache\local-packages\Python313\site-packages\telegram\_bot.py", line 469, in _post
    return await self._do_post(
           ^^^^^^^^^^^^^^^^^^^^
    ...<6 lines>...
    )
    ^
  File "C:\Users\Lenovo\AppData\Local\Packages\PythonSoftwareFoundation.Python.3.13_qbz5n2kfra8p0\LocalCache\local-packages\Python313\site-packages\telegram\ext\_extbot.py", line 325, in _do_post
    return await super()._do_post(
           ^^^^^^^^^^^^^^^^^^^^^^^
    ...<6 lines>...
    )
    ^
  File "C:\Users\Lenovo\AppData\Local\Packages\PythonSoftwareFoundation.Python.3.13_qbz5n2kfra8p0\LocalCache\local-packages\Python313\site-packages\telegram\_bot.py", line 497, in _do_post
    return await request.post(
           ^^^^^^^^^^^^^^^^^^^
    ...<6 lines>...
    )
    ^
  File "C:\Users\Lenovo\AppData\Local\Packages\PythonSoftwareFoundation.Python.3.13_qbz5n2kfra8p0\LocalCache\local-packages\Python313\site-packages\telegram\request\_baserequest.py", line 168, in post
    result = await self._request_wrapper(
             ^^^^^^^^^^^^^^^^^^^^^^^^^^^^
    ...<7 lines>...
    )
    ^
  File "C:\Users\Lenovo\AppData\Local\Packages\PythonSoftwareFoundation.Python.3.13_qbz5n2kfra8p0\LocalCache\local-packages\Python313\site-packages\telegram\request\_baserequest.py", line 330, in _request_wrapper
    raise Conflict(message)
telegram.error.Conflict: Conflict: terminated by other getUpdates request; make sure that only one bot instance is running
2025-09-27 23:58:42,641 - __main__ - ERROR - Update None caused error Conflict: terminated by other getUpdates request; make sure that only one bot instance is running
2025-09-27 23:58:49,795 - httpx - INFO - HTTP Request: POST https://api.telegram.org/bot7481731907:AAGA8Rmu3eC5QUyhUcl4DuaVaH08qA9O4sE/getUpdates "HTTP/1.1 200 OK"
2025-09-27 23:58:51,027 - httpx - INFO - HTTP Request: POST https://api.telegram.org/bot7481731907:AAGA8Rmu3eC5QUyhUcl4DuaVaH08qA9O4sE/answerCallbackQuery "HTTP/1.1 200 OK"
2025-09-27 23:58:51,537 - httpx - INFO - HTTP Request: POST https://api.telegram.org/bot7481731907:AAGA8Rmu3eC5QUyhUcl4DuaVaH08qA9O4sE/editMessageText "HTTP/1.1 200 OK"
2025-09-27 23:58:51,909 - httpx - INFO - HTTP Request: POST https://api.telegram.org/bot7481731907:AAGA8Rmu3eC5QUyhUcl4DuaVaH08qA9O4sE/getUpdates "HTTP/1.1 409 Conflict"
2025-09-27 23:58:51,911 - telegram.ext.Updater - ERROR - Error while getting Updates: Conflict: terminated by other getUpdates request; make sure that only one bot instance is running
2025-09-27 23:58:51,912 - __main__ - ERROR - Exception while handling an update:
Traceback (most recent call last):
  File "C:\Users\Lenovo\AppData\Local\Packages\PythonSoftwareFoundation.Python.3.13_qbz5n2kfra8p0\LocalCache\local-packages\Python313\site-packages\telegram\ext\_updater.py", line 607, in _network_loop_retry
    if not await action_cb():
           ^^^^^^^^^^^^^^^^^
  File "C:\Users\Lenovo\AppData\Local\Packages\PythonSoftwareFoundation.Python.3.13_qbz5n2kfra8p0\LocalCache\local-packages\Python313\site-packages\telegram\ext\_updater.py", line 335, in polling_action_cb
    raise exc
  File "C:\Users\Lenovo\AppData\Local\Packages\PythonSoftwareFoundation.Python.3.13_qbz5n2kfra8p0\LocalCache\local-packages\Python313\site-packages\telegram\ext\_updater.py", line 320, in polling_action_cb
    updates = await self.bot.get_updates(
              ^^^^^^^^^^^^^^^^^^^^^^^^^^^
    ...<7 lines>...
    )
    ^
  File "C:\Users\Lenovo\AppData\Local\Packages\PythonSoftwareFoundation.Python.3.13_qbz5n2kfra8p0\LocalCache\local-packages\Python313\site-packages\telegram\ext\_extbot.py", line 543, in get_updates
    updates = await super().get_updates(
              ^^^^^^^^^^^^^^^^^^^^^^^^^^
    ...<9 lines>...
    )
    ^
  File "C:\Users\Lenovo\AppData\Local\Packages\PythonSoftwareFoundation.Python.3.13_qbz5n2kfra8p0\LocalCache\local-packages\Python313\site-packages\telegram\_bot.py", line 381, in decorator
    result = await func(self, *args, **kwargs)  # skipcq: PYL-E1102
             ^^^^^^^^^^^^^^^^^^^^^^^^^^^^^^^^^
  File "C:\Users\Lenovo\AppData\Local\Packages\PythonSoftwareFoundation.Python.3.13_qbz5n2kfra8p0\LocalCache\local-packages\Python313\site-packages\telegram\_bot.py", line 3661, in get_updates
    await self._post(
    ^^^^^^^^^^^^^^^^^
    ...<7 lines>...
    ),
    ^
  File "C:\Users\Lenovo\AppData\Local\Packages\PythonSoftwareFoundation.Python.3.13_qbz5n2kfra8p0\LocalCache\local-packages\Python313\site-packages\telegram\_bot.py", line 469, in _post
    return await self._do_post(
           ^^^^^^^^^^^^^^^^^^^^
    ...<6 lines>...
    )
    ^
  File "C:\Users\Lenovo\AppData\Local\Packages\PythonSoftwareFoundation.Python.3.13_qbz5n2kfra8p0\LocalCache\local-packages\Python313\site-packages\telegram\ext\_extbot.py", line 325, in _do_post
    return await super()._do_post(
           ^^^^^^^^^^^^^^^^^^^^^^^
    ...<6 lines>...
    )
    ^
  File "C:\Users\Lenovo\AppData\Local\Packages\PythonSoftwareFoundation.Python.3.13_qbz5n2kfra8p0\LocalCache\local-packages\Python313\site-packages\telegram\_bot.py", line 497, in _do_post
    return await request.post(
           ^^^^^^^^^^^^^^^^^^^
    ...<6 lines>...
    )
    ^
  File "C:\Users\Lenovo\AppData\Local\Packages\PythonSoftwareFoundation.Python.3.13_qbz5n2kfra8p0\LocalCache\local-packages\Python313\site-packages\telegram\request\_baserequest.py", line 168, in post
    result = await self._request_wrapper(
             ^^^^^^^^^^^^^^^^^^^^^^^^^^^^
    ...<7 lines>...
    )
    ^
  File "C:\Users\Lenovo\AppData\Local\Packages\PythonSoftwareFoundation.Python.3.13_qbz5n2kfra8p0\LocalCache\local-packages\Python313\site-packages\telegram\request\_baserequest.py", line 330, in _request_wrapper
    raise Conflict(message)
telegram.error.Conflict: Conflict: terminated by other getUpdates request; make sure that only one bot instance is running
2025-09-27 23:58:51,920 - __main__ - ERROR - Update None caused error Conflict: terminated by other getUpdates request; make sure that only one bot instance is running
2025-09-27 23:58:56,138 - httpx - INFO - HTTP Request: POST https://api.telegram.org/bot7481731907:AAGA8Rmu3eC5QUyhUcl4DuaVaH08qA9O4sE/getUpdates "HTTP/1.1 200 OK"
2025-09-27 23:58:56,606 - httpx - INFO - HTTP Request: POST https://api.telegram.org/bot7481731907:AAGA8Rmu3eC5QUyhUcl4DuaVaH08qA9O4sE/answerCallbackQuery "HTTP/1.1 200 OK"
2025-09-27 23:58:57,194 - httpx - INFO - HTTP Request: POST https://api.telegram.org/bot7481731907:AAGA8Rmu3eC5QUyhUcl4DuaVaH08qA9O4sE/answerCallbackQuery "HTTP/1.1 200 OK"
2025-09-27 23:58:57,846 - httpx - INFO - HTTP Request: POST https://api.telegram.org/bot7481731907:AAGA8Rmu3eC5QUyhUcl4DuaVaH08qA9O4sE/editMessageText "HTTP/1.1 400 Bad Request"
2025-09-27 23:58:57,848 - __main__ - ERROR - Error showing directory: Message is not modified: specified new message content and reply markup are exactly the same as a current content and reply markup of the message
2025-09-27 23:58:58,366 - httpx - INFO - HTTP Request: POST https://api.telegram.org/bot7481731907:AAGA8Rmu3eC5QUyhUcl4DuaVaH08qA9O4sE/editMessageText "HTTP/1.1 200 OK"
2025-09-27 23:59:03,071 - httpx - INFO - HTTP Request: POST https://api.telegram.org/bot7481731907:AAGA8Rmu3eC5QUyhUcl4DuaVaH08qA9O4sE/getUpdates "HTTP/1.1 409 Conflict"
2025-09-27 23:59:03,073 - telegram.ext.Updater - ERROR - Error while getting Updates: Conflict: terminated by other getUpdates request; make sure that only one bot instance is running
2025-09-27 23:59:03,073 - __main__ - ERROR - Exception while handling an update:
Traceback (most recent call last):
  File "C:\Users\Lenovo\AppData\Local\Packages\PythonSoftwareFoundation.Python.3.13_qbz5n2kfra8p0\LocalCache\local-packages\Python313\site-packages\telegram\ext\_updater.py", line 607, in _network_loop_retry
    if not await action_cb():
           ^^^^^^^^^^^^^^^^^
  File "C:\Users\Lenovo\AppData\Local\Packages\PythonSoftwareFoundation.Python.3.13_qbz5n2kfra8p0\LocalCache\local-packages\Python313\site-packages\telegram\ext\_updater.py", line 335, in polling_action_cb
    raise exc
  File "C:\Users\Lenovo\AppData\Local\Packages\PythonSoftwareFoundation.Python.3.13_qbz5n2kfra8p0\LocalCache\local-packages\Python313\site-packages\telegram\ext\_updater.py", line 320, in polling_action_cb
    updates = await self.bot.get_updates(
              ^^^^^^^^^^^^^^^^^^^^^^^^^^^
    ...<7 lines>...
    )
    ^
  File "C:\Users\Lenovo\AppData\Local\Packages\PythonSoftwareFoundation.Python.3.13_qbz5n2kfra8p0\LocalCache\local-packages\Python313\site-packages\telegram\ext\_extbot.py", line 543, in get_updates
    updates = await super().get_updates(
              ^^^^^^^^^^^^^^^^^^^^^^^^^^
    ...<9 lines>...
    )
    ^
  File "C:\Users\Lenovo\AppData\Local\Packages\PythonSoftwareFoundation.Python.3.13_qbz5n2kfra8p0\LocalCache\local-packages\Python313\site-packages\telegram\_bot.py", line 381, in decorator
    result = await func(self, *args, **kwargs)  # skipcq: PYL-E1102
             ^^^^^^^^^^^^^^^^^^^^^^^^^^^^^^^^^
  File "C:\Users\Lenovo\AppData\Local\Packages\PythonSoftwareFoundation.Python.3.13_qbz5n2kfra8p0\LocalCache\local-packages\Python313\site-packages\telegram\_bot.py", line 3661, in get_updates
    await self._post(
    ^^^^^^^^^^^^^^^^^
    ...<7 lines>...
    ),
    ^
  File "C:\Users\Lenovo\AppData\Local\Packages\PythonSoftwareFoundation.Python.3.13_qbz5n2kfra8p0\LocalCache\local-packages\Python313\site-packages\telegram\_bot.py", line 469, in _post
    return await self._do_post(
           ^^^^^^^^^^^^^^^^^^^^
    ...<6 lines>...
    )
    ^
  File "C:\Users\Lenovo\AppData\Local\Packages\PythonSoftwareFoundation.Python.3.13_qbz5n2kfra8p0\LocalCache\local-packages\Python313\site-packages\telegram\ext\_extbot.py", line 325, in _do_post
    return await super()._do_post(
           ^^^^^^^^^^^^^^^^^^^^^^^
    ...<6 lines>...
    )
    ^
  File "C:\Users\Lenovo\AppData\Local\Packages\PythonSoftwareFoundation.Python.3.13_qbz5n2kfra8p0\LocalCache\local-packages\Python313\site-packages\telegram\_bot.py", line 497, in _do_post
    return await request.post(
           ^^^^^^^^^^^^^^^^^^^
    ...<6 lines>...
    )
    ^
  File "C:\Users\Lenovo\AppData\Local\Packages\PythonSoftwareFoundation.Python.3.13_qbz5n2kfra8p0\LocalCache\local-packages\Python313\site-packages\telegram\request\_baserequest.py", line 168, in post
    result = await self._request_wrapper(
             ^^^^^^^^^^^^^^^^^^^^^^^^^^^^
    ...<7 lines>...
    )
    ^
  File "C:\Users\Lenovo\AppData\Local\Packages\PythonSoftwareFoundation.Python.3.13_qbz5n2kfra8p0\LocalCache\local-packages\Python313\site-packages\telegram\request\_baserequest.py", line 330, in _request_wrapper
    raise Conflict(message)
telegram.error.Conflict: Conflict: terminated by other getUpdates request; make sure that only one bot instance is running
2025-09-27 23:59:03,079 - __main__ - ERROR - Update None caused error Conflict: terminated by other getUpdates request; make sure that only one bot instance is running
2025-09-27 23:59:06,905 - httpx - INFO - HTTP Request: POST https://api.telegram.org/bot7481731907:AAGA8Rmu3eC5QUyhUcl4DuaVaH08qA9O4sE/getUpdates "HTTP/1.1 200 OK"
2025-09-27 23:59:08,041 - httpx - INFO - HTTP Request: POST https://api.telegram.org/bot7481731907:AAGA8Rmu3eC5QUyhUcl4DuaVaH08qA9O4sE/sendMessage "HTTP/1.1 200 OK"
2025-09-27 23:59:13,485 - httpx - INFO - HTTP Request: POST https://api.telegram.org/bot7481731907:AAGA8Rmu3eC5QUyhUcl4DuaVaH08qA9O4sE/getUpdates "HTTP/1.1 200 OK"
2025-09-27 23:59:14,711 - httpx - INFO - HTTP Request: POST https://api.telegram.org/bot7481731907:AAGA8Rmu3eC5QUyhUcl4DuaVaH08qA9O4sE/answerCallbackQuery "HTTP/1.1 200 OK"
2025-09-27 23:59:15,365 - httpx - INFO - HTTP Request: POST https://api.telegram.org/bot7481731907:AAGA8Rmu3eC5QUyhUcl4DuaVaH08qA9O4sE/editMessageText "HTTP/1.1 200 OK"
2025-09-27 23:59:16,495 - httpx - INFO - HTTP Request: POST https://api.telegram.org/bot7481731907:AAGA8Rmu3eC5QUyhUcl4DuaVaH08qA9O4sE/getUpdates "HTTP/1.1 409 Conflict"
2025-09-27 23:59:16,497 - telegram.ext.Updater - ERROR - Error while getting Updates: Conflict: terminated by other getUpdates request; make sure that only one bot instance is running
2025-09-27 23:59:16,497 - __main__ - ERROR - Exception while handling an update:
Traceback (most recent call last):
  File "C:\Users\Lenovo\AppData\Local\Packages\PythonSoftwareFoundation.Python.3.13_qbz5n2kfra8p0\LocalCache\local-packages\Python313\site-packages\telegram\ext\_updater.py", line 607, in _network_loop_retry
    if not await action_cb():
           ^^^^^^^^^^^^^^^^^
  File "C:\Users\Lenovo\AppData\Local\Packages\PythonSoftwareFoundation.Python.3.13_qbz5n2kfra8p0\LocalCache\local-packages\Python313\site-packages\telegram\ext\_updater.py", line 335, in polling_action_cb
    raise exc
  File "C:\Users\Lenovo\AppData\Local\Packages\PythonSoftwareFoundation.Python.3.13_qbz5n2kfra8p0\LocalCache\local-packages\Python313\site-packages\telegram\ext\_updater.py", line 320, in polling_action_cb
    updates = await self.bot.get_updates(
              ^^^^^^^^^^^^^^^^^^^^^^^^^^^
    ...<7 lines>...
    )
    ^
  File "C:\Users\Lenovo\AppData\Local\Packages\PythonSoftwareFoundation.Python.3.13_qbz5n2kfra8p0\LocalCache\local-packages\Python313\site-packages\telegram\ext\_extbot.py", line 543, in get_updates
    updates = await super().get_updates(
              ^^^^^^^^^^^^^^^^^^^^^^^^^^
    ...<9 lines>...
    )
    ^
  File "C:\Users\Lenovo\AppData\Local\Packages\PythonSoftwareFoundation.Python.3.13_qbz5n2kfra8p0\LocalCache\local-packages\Python313\site-packages\telegram\_bot.py", line 381, in decorator
    result = await func(self, *args, **kwargs)  # skipcq: PYL-E1102
             ^^^^^^^^^^^^^^^^^^^^^^^^^^^^^^^^^
  File "C:\Users\Lenovo\AppData\Local\Packages\PythonSoftwareFoundation.Python.3.13_qbz5n2kfra8p0\LocalCache\local-packages\Python313\site-packages\telegram\_bot.py", line 3661, in get_updates
    await self._post(
    ^^^^^^^^^^^^^^^^^
    ...<7 lines>...
    ),
    ^
  File "C:\Users\Lenovo\AppData\Local\Packages\PythonSoftwareFoundation.Python.3.13_qbz5n2kfra8p0\LocalCache\local-packages\Python313\site-packages\telegram\_bot.py", line 469, in _post
    return await self._do_post(
           ^^^^^^^^^^^^^^^^^^^^
    ...<6 lines>...
    )
    ^
  File "C:\Users\Lenovo\AppData\Local\Packages\PythonSoftwareFoundation.Python.3.13_qbz5n2kfra8p0\LocalCache\local-packages\Python313\site-packages\telegram\ext\_extbot.py", line 325, in _do_post
    return await super()._do_post(
           ^^^^^^^^^^^^^^^^^^^^^^^
    ...<6 lines>...
    )
    ^
  File "C:\Users\Lenovo\AppData\Local\Packages\PythonSoftwareFoundation.Python.3.13_qbz5n2kfra8p0\LocalCache\local-packages\Python313\site-packages\telegram\_bot.py", line 497, in _do_post
    return await request.post(
           ^^^^^^^^^^^^^^^^^^^
    ...<6 lines>...
    )
    ^
  File "C:\Users\Lenovo\AppData\Local\Packages\PythonSoftwareFoundation.Python.3.13_qbz5n2kfra8p0\LocalCache\local-packages\Python313\site-packages\telegram\request\_baserequest.py", line 168, in post
    result = await self._request_wrapper(
             ^^^^^^^^^^^^^^^^^^^^^^^^^^^^
    ...<7 lines>...
    )
    ^
  File "C:\Users\Lenovo\AppData\Local\Packages\PythonSoftwareFoundation.Python.3.13_qbz5n2kfra8p0\LocalCache\local-packages\Python313\site-packages\telegram\request\_baserequest.py", line 330, in _request_wrapper
    raise Conflict(message)
telegram.error.Conflict: Conflict: terminated by other getUpdates request; make sure that only one bot instance is running
2025-09-27 23:59:16,503 - __main__ - ERROR - Update None caused error Conflict: terminated by other getUpdates request; make sure that only one bot instance is running
2025-09-27 23:59:22,371 - httpx - INFO - HTTP Request: POST https://api.telegram.org/bot7481731907:AAGA8Rmu3eC5QUyhUcl4DuaVaH08qA9O4sE/getUpdates "HTTP/1.1 200 OK"
2025-09-27 23:59:23,459 - httpx - INFO - HTTP Request: POST https://api.telegram.org/bot7481731907:AAGA8Rmu3eC5QUyhUcl4DuaVaH08qA9O4sE/answerCallbackQuery "HTTP/1.1 200 OK"
2025-09-27 23:59:23,492 - __main__ - WARNING - Total options length (170) exceeds 100 chars
2025-09-27 23:59:23,492 - __main__ - WARNING - Total options length (176) exceeds 100 chars
2025-09-27 23:59:23,493 - __main__ - WARNING - Total options length (155) exceeds 100 chars
2025-09-27 23:59:23,493 - __main__ - WARNING - Total options length (191) exceeds 100 chars
2025-09-27 23:59:23,494 - __main__ - WARNING - Total options length (251) exceeds 100 chars
2025-09-27 23:59:23,494 - __main__ - WARNING - Total options length (213) exceeds 100 chars
2025-09-27 23:59:23,494 - __main__ - WARNING - Total options length (119) exceeds 100 chars
2025-09-27 23:59:23,494 - __main__ - WARNING - Total options length (231) exceeds 100 chars
2025-09-27 23:59:23,495 - __main__ - WARNING - Total options length (115) exceeds 100 chars
2025-09-27 23:59:23,495 - __main__ - WARNING - Total options length (116) exceeds 100 chars
2025-09-27 23:59:23,495 - __main__ - WARNING - Total options length (176) exceeds 100 chars
2025-09-27 23:59:23,495 - __main__ - WARNING - Total options length (127) exceeds 100 chars
2025-09-27 23:59:23,496 - __main__ - WARNING - Total options length (143) exceeds 100 chars
2025-09-27 23:59:23,496 - __main__ - WARNING - Total options length (233) exceeds 100 chars
2025-09-27 23:59:23,496 - __main__ - WARNING - Total options length (169) exceeds 100 chars
2025-09-27 23:59:23,497 - __main__ - WARNING - Total options length (209) exceeds 100 chars
2025-09-27 23:59:23,497 - __main__ - WARNING - Total options length (309) exceeds 100 chars
2025-09-27 23:59:23,497 - __main__ - WARNING - Total options length (109) exceeds 100 chars
2025-09-27 23:59:23,498 - __main__ - WARNING - Total options length (139) exceeds 100 chars
2025-09-27 23:59:23,498 - __main__ - WARNING - Total options length (101) exceeds 100 chars
2025-09-27 23:59:23,498 - __main__ - WARNING - Total options length (177) exceeds 100 chars
2025-09-27 23:59:23,499 - __main__ - WARNING - Total options length (140) exceeds 100 chars
2025-09-27 23:59:23,499 - __main__ - WARNING - Total options length (133) exceeds 100 chars
2025-09-27 23:59:23,499 - __main__ - WARNING - Total options length (130) exceeds 100 chars
2025-09-27 23:59:23,500 - __main__ - WARNING - Total options length (177) exceeds 100 chars
2025-09-27 23:59:23,501 - __main__ - WARNING - Total options length (257) exceeds 100 chars
2025-09-27 23:59:23,501 - __main__ - WARNING - Total options length (159) exceeds 100 chars
2025-09-27 23:59:23,502 - __main__ - WARNING - Total options length (110) exceeds 100 chars
2025-09-27 23:59:23,502 - __main__ - WARNING - Total options length (109) exceeds 100 chars
2025-09-27 23:59:23,502 - __main__ - WARNING - Total options length (113) exceeds 100 chars
2025-09-27 23:59:23,502 - __main__ - WARNING - Total options length (111) exceeds 100 chars
2025-09-27 23:59:23,503 - __main__ - WARNING - Total options length (232) exceeds 100 chars
2025-09-27 23:59:23,503 - __main__ - WARNING - Total options length (249) exceeds 100 chars
2025-09-27 23:59:23,503 - __main__ - WARNING - Question must have exactly one correct option, found 0
2025-09-27 23:59:23,503 - __main__ - WARNING - Total options length (115) exceeds 100 chars
2025-09-27 23:59:23,504 - __main__ - WARNING - Total options length (123) exceeds 100 chars
2025-09-27 23:59:23,504 - __main__ - WARNING - Total options length (191) exceeds 100 chars
2025-09-27 23:59:23,504 - __main__ - WARNING - Total options length (186) exceeds 100 chars
2025-09-27 23:59:23,504 - __main__ - WARNING - Total options length (249) exceeds 100 chars
2025-09-27 23:59:23,504 - __main__ - WARNING - Total options length (178) exceeds 100 chars
2025-09-27 23:59:23,505 - __main__ - WARNING - Total options length (178) exceeds 100 chars
2025-09-27 23:59:23,505 - __main__ - WARNING - Total options length (140) exceeds 100 chars
2025-09-27 23:59:23,505 - __main__ - WARNING - Total options length (115) exceeds 100 chars
2025-09-27 23:59:23,505 - __main__ - WARNING - Total options length (228) exceeds 100 chars
2025-09-27 23:59:23,505 - __main__ - WARNING - Total options length (201) exceeds 100 chars
2025-09-27 23:59:23,505 - __main__ - WARNING - Total options length (148) exceeds 100 chars
2025-09-27 23:59:23,505 - __main__ - WARNING - Total options length (159) exceeds 100 chars
2025-09-27 23:59:23,505 - __main__ - WARNING - Total options length (142) exceeds 100 chars
2025-09-27 23:59:23,506 - __main__ - WARNING - Total options length (257) exceeds 100 chars
2025-09-27 23:59:23,506 - __main__ - WARNING - Total options length (142) exceeds 100 chars
2025-09-27 23:59:23,506 - __main__ - WARNING - Total options length (137) exceeds 100 chars
2025-09-27 23:59:23,506 - __main__ - WARNING - Total options length (225) exceeds 100 chars
2025-09-27 23:59:23,506 - __main__ - WARNING - Total options length (119) exceeds 100 chars
2025-09-27 23:59:23,506 - __main__ - WARNING - Total options length (139) exceeds 100 chars
2025-09-27 23:59:23,506 - __main__ - WARNING - Total options length (144) exceeds 100 chars
2025-09-27 23:59:23,507 - __main__ - WARNING - Total options length (109) exceeds 100 chars
2025-09-27 23:59:23,507 - __main__ - WARNING - Total options length (215) exceeds 100 chars
2025-09-27 23:59:23,507 - __main__ - WARNING - Total options length (190) exceeds 100 chars
2025-09-27 23:59:23,507 - __main__ - WARNING - Total options length (167) exceeds 100 chars
2025-09-27 23:59:23,508 - __main__ - WARNING - Total options length (202) exceeds 100 chars
2025-09-27 23:59:23,508 - __main__ - WARNING - Total options length (128) exceeds 100 chars
2025-09-27 23:59:23,508 - __main__ - WARNING - Total options length (185) exceeds 100 chars
2025-09-27 23:59:23,509 - __main__ - WARNING - Total options length (168) exceeds 100 chars
2025-09-27 23:59:23,509 - __main__ - WARNING - Total options length (178) exceeds 100 chars
2025-09-27 23:59:23,509 - __main__ - WARNING - Total options length (158) exceeds 100 chars
2025-09-27 23:59:23,510 - __main__ - WARNING - Total options length (118) exceeds 100 chars
2025-09-27 23:59:23,510 - __main__ - WARNING - Total options length (183) exceeds 100 chars
2025-09-27 23:59:23,510 - __main__ - WARNING - Total options length (132) exceeds 100 chars
2025-09-27 23:59:23,510 - __main__ - WARNING - Total options length (139) exceeds 100 chars
2025-09-27 23:59:23,510 - __main__ - WARNING - Total options length (109) exceeds 100 chars
2025-09-27 23:59:23,510 - __main__ - WARNING - Total options length (185) exceeds 100 chars
2025-09-27 23:59:23,510 - __main__ - WARNING - Total options length (233) exceeds 100 chars
2025-09-27 23:59:23,510 - __main__ - WARNING - Total options length (180) exceeds 100 chars
2025-09-27 23:59:23,511 - __main__ - WARNING - Total options length (213) exceeds 100 chars
2025-09-27 23:59:23,511 - __main__ - WARNING - Total options length (180) exceeds 100 chars
2025-09-27 23:59:23,512 - __main__ - WARNING - Total options length (240) exceeds 100 chars
2025-09-27 23:59:23,512 - __main__ - WARNING - Total options length (201) exceeds 100 chars
2025-09-27 23:59:23,512 - __main__ - WARNING - Total options length (176) exceeds 100 chars
2025-09-27 23:59:23,512 - __main__ - WARNING - Total options length (106) exceeds 100 chars
2025-09-27 23:59:23,512 - __main__ - WARNING - Total options length (130) exceeds 100 chars
2025-09-27 23:59:23,512 - __main__ - WARNING - Total options length (178) exceeds 100 chars
2025-09-27 23:59:23,512 - __main__ - WARNING - Total options length (114) exceeds 100 chars
2025-09-27 23:59:23,513 - __main__ - WARNING - Total options length (163) exceeds 100 chars
2025-09-27 23:59:23,513 - __main__ - WARNING - Total options length (198) exceeds 100 chars
2025-09-27 23:59:23,513 - __main__ - WARNING - Option 2 too long: 100 chars
2025-09-27 23:59:23,513 - __main__ - WARNING - Total options length (163) exceeds 100 chars
2025-09-27 23:59:23,513 - __main__ - WARNING - Total options length (125) exceeds 100 chars
2025-09-27 23:59:23,513 - __main__ - WARNING - Total options length (131) exceeds 100 chars
2025-09-27 23:59:23,513 - __main__ - WARNING - Total options length (170) exceeds 100 chars
2025-09-27 23:59:23,513 - __main__ - WARNING - Total options length (111) exceeds 100 chars
2025-09-27 23:59:23,514 - __main__ - WARNING - Total options length (189) exceeds 100 chars
2025-09-27 23:59:23,514 - __main__ - WARNING - Total options length (125) exceeds 100 chars
2025-09-27 23:59:23,514 - __main__ - WARNING - Total options length (135) exceeds 100 chars
2025-09-27 23:59:23,514 - __main__ - WARNING - Total options length (217) exceeds 100 chars
2025-09-27 23:59:23,514 - __main__ - WARNING - Total options length (150) exceeds 100 chars
2025-09-27 23:59:23,514 - __main__ - WARNING - Total options length (155) exceeds 100 chars
2025-09-27 23:59:23,514 - __main__ - WARNING - Total options length (118) exceeds 100 chars
2025-09-27 23:59:23,514 - __main__ - WARNING - Total options length (104) exceeds 100 chars
2025-09-27 23:59:23,514 - __main__ - WARNING - Total options length (114) exceeds 100 chars
2025-09-27 23:59:23,515 - __main__ - WARNING - Total options length (120) exceeds 100 chars
2025-09-27 23:59:23,515 - __main__ - WARNING - Total options length (162) exceeds 100 chars
2025-09-27 23:59:23,516 - __main__ - WARNING - Total options length (102) exceeds 100 chars
2025-09-27 23:59:23,516 - __main__ - WARNING - Total options length (115) exceeds 100 chars
2025-09-27 23:59:23,516 - __main__ - WARNING - Total options length (101) exceeds 100 chars
2025-09-27 23:59:23,516 - __main__ - WARNING - Total options length (117) exceeds 100 chars
2025-09-27 23:59:23,516 - __main__ - WARNING - Total options length (162) exceeds 100 chars
2025-09-27 23:59:23,516 - __main__ - WARNING - Total options length (134) exceeds 100 chars
2025-09-27 23:59:23,516 - __main__ - WARNING - Total options length (197) exceeds 100 chars
2025-09-27 23:59:23,516 - __main__ - WARNING - Total options length (132) exceeds 100 chars
2025-09-27 23:59:23,516 - __main__ - WARNING - Total options length (136) exceeds 100 chars
2025-09-27 23:59:23,517 - __main__ - WARNING - Total options length (136) exceeds 100 chars
2025-09-27 23:59:23,517 - __main__ - WARNING - Total options length (147) exceeds 100 chars
2025-09-27 23:59:23,517 - __main__ - WARNING - Total options length (161) exceeds 100 chars
2025-09-27 23:59:23,517 - __main__ - WARNING - Total options length (129) exceeds 100 chars
2025-09-27 23:59:23,517 - __main__ - WARNING - Total options length (157) exceeds 100 chars
2025-09-27 23:59:23,517 - __main__ - WARNING - Total options length (186) exceeds 100 chars
2025-09-27 23:59:23,517 - __main__ - WARNING - Total options length (126) exceeds 100 chars
2025-09-27 23:59:23,517 - __main__ - WARNING - Total options length (128) exceeds 100 chars
2025-09-27 23:59:23,518 - __main__ - WARNING - Total options length (162) exceeds 100 chars
2025-09-27 23:59:23,518 - __main__ - WARNING - Total options length (166) exceeds 100 chars
2025-09-27 23:59:23,518 - __main__ - WARNING - Total options length (136) exceeds 100 chars
2025-09-27 23:59:23,518 - __main__ - WARNING - Total options length (172) exceeds 100 chars
2025-09-27 23:59:23,519 - __main__ - WARNING - Total options length (105) exceeds 100 chars
2025-09-27 23:59:23,519 - __main__ - WARNING - Total options length (119) exceeds 100 chars
2025-09-27 23:59:23,519 - __main__ - WARNING - Total options length (175) exceeds 100 chars
2025-09-27 23:59:23,519 - __main__ - WARNING - Total options length (135) exceeds 100 chars
2025-09-27 23:59:23,519 - __main__ - WARNING - Total options length (296) exceeds 100 chars
2025-09-27 23:59:23,519 - __main__ - WARNING - Total options length (155) exceeds 100 chars
2025-09-27 23:59:23,519 - __main__ - WARNING - Total options length (135) exceeds 100 chars
2025-09-27 23:59:23,519 - __main__ - WARNING - Total options length (124) exceeds 100 chars
2025-09-27 23:59:23,519 - __main__ - WARNING - Total options length (179) exceeds 100 chars
2025-09-27 23:59:23,519 - __main__ - WARNING - Total options length (166) exceeds 100 chars
2025-09-27 23:59:23,520 - __main__ - WARNING - Total options length (112) exceeds 100 chars
2025-09-27 23:59:23,520 - __main__ - WARNING - Total options length (237) exceeds 100 chars
2025-09-27 23:59:23,520 - __main__ - WARNING - Total options length (213) exceeds 100 chars
2025-09-27 23:59:23,520 - __main__ - WARNING - Total options length (139) exceeds 100 chars
2025-09-27 23:59:23,520 - __main__ - WARNING - Total options length (119) exceeds 100 chars
2025-09-27 23:59:23,520 - __main__ - WARNING - Total options length (115) exceeds 100 chars
2025-09-27 23:59:23,520 - __main__ - WARNING - Option 2 too long: 116 chars
2025-09-27 23:59:23,520 - __main__ - WARNING - Total options length (193) exceeds 100 chars
2025-09-27 23:59:23,520 - __main__ - WARNING - Total options length (221) exceeds 100 chars
2025-09-27 23:59:23,520 - __main__ - WARNING - Total options length (146) exceeds 100 chars
2025-09-27 23:59:23,520 - __main__ - WARNING - Total options length (195) exceeds 100 chars
2025-09-27 23:59:23,521 - __main__ - WARNING - Total options length (159) exceeds 100 chars
2025-09-27 23:59:23,521 - __main__ - WARNING - Total options length (195) exceeds 100 chars
2025-09-27 23:59:23,521 - __main__ - WARNING - Total options length (139) exceeds 100 chars
2025-09-27 23:59:23,521 - __main__ - WARNING - Total options length (195) exceeds 100 chars
2025-09-27 23:59:23,521 - __main__ - WARNING - Total options length (254) exceeds 100 chars
2025-09-27 23:59:23,521 - __main__ - WARNING - Total options length (176) exceeds 100 chars
2025-09-27 23:59:23,521 - __main__ - WARNING - Option 1 too long: 100 chars
2025-09-27 23:59:23,521 - __main__ - WARNING - Total options length (157) exceeds 100 chars
2025-09-27 23:59:23,521 - __main__ - WARNING - Option 2 too long: 117 chars
2025-09-27 23:59:23,521 - __main__ - WARNING - Question must have exactly one correct option, found 2
2025-09-27 23:59:23,521 - __main__ - WARNING - Total options length (235) exceeds 100 chars
2025-09-27 23:59:23,522 - __main__ - WARNING - Total options length (111) exceeds 100 chars
2025-09-27 23:59:23,523 - __main__ - WARNING - Question must have exactly one correct option, found 0
2025-09-27 23:59:23,523 - __main__ - WARNING - Total options length (149) exceeds 100 chars
2025-09-27 23:59:23,523 - __main__ - WARNING - Question must have exactly one correct option, found 0
2025-09-27 23:59:23,524 - __main__ - WARNING - Question must have exactly one correct option, found 0
2025-09-27 23:59:23,524 - __main__ - WARNING - Total options length (176) exceeds 100 chars
2025-09-27 23:59:23,524 - __main__ - WARNING - Total options length (128) exceeds 100 chars
2025-09-27 23:59:23,524 - __main__ - WARNING - Total options length (171) exceeds 100 chars
2025-09-27 23:59:23,524 - __main__ - WARNING - Total options length (132) exceeds 100 chars
2025-09-27 23:59:23,524 - __main__ - WARNING - Total options length (111) exceeds 100 chars
2025-09-27 23:59:23,525 - __main__ - WARNING - Total options length (187) exceeds 100 chars
2025-09-27 23:59:23,526 - __main__ - WARNING - Total options length (137) exceeds 100 chars
2025-09-27 23:59:23,526 - __main__ - WARNING - Question must have exactly one correct option, found 0
2025-09-27 23:59:23,526 - __main__ - WARNING - Total options length (217) exceeds 100 chars
2025-09-27 23:59:23,526 - __main__ - WARNING - Total options length (185) exceeds 100 chars
2025-09-27 23:59:23,526 - __main__ - WARNING - Question must have exactly one correct option, found 0
2025-09-27 23:59:23,526 - __main__ - WARNING - Total options length (103) exceeds 100 chars
2025-09-27 23:59:23,527 - __main__ - WARNING - Total options length (109) exceeds 100 chars
2025-09-27 23:59:23,527 - __main__ - WARNING - Question must have exactly one correct option, found 0
2025-09-27 23:59:23,527 - __main__ - WARNING - Total options length (114) exceeds 100 chars
2025-09-27 23:59:23,527 - __main__ - WARNING - Total options length (180) exceeds 100 chars
2025-09-27 23:59:23,527 - __main__ - WARNING - Total options length (142) exceeds 100 chars
2025-09-27 23:59:23,527 - __main__ - WARNING - Total options length (111) exceeds 100 chars
2025-09-27 23:59:23,527 - __main__ - WARNING - Total options length (158) exceeds 100 chars
2025-09-27 23:59:23,527 - __main__ - WARNING - Option 2 too long: 132 chars
2025-09-27 23:59:23,527 - __main__ - WARNING - Total options length (157) exceeds 100 chars
2025-09-27 23:59:23,527 - __main__ - WARNING - Total options length (211) exceeds 100 chars
2025-09-27 23:59:23,527 - __main__ - WARNING - Total options length (206) exceeds 100 chars
2025-09-27 23:59:23,528 - __main__ - WARNING - Total options length (112) exceeds 100 chars
2025-09-27 23:59:23,528 - __main__ - WARNING - Total options length (112) exceeds 100 chars
2025-09-27 23:59:23,528 - __main__ - WARNING - Total options length (180) exceeds 100 chars
2025-09-27 23:59:23,528 - __main__ - WARNING - Total options length (149) exceeds 100 chars
2025-09-27 23:59:23,528 - __main__ - WARNING - Total options length (130) exceeds 100 chars
2025-09-27 23:59:23,528 - __main__ - WARNING - Total options length (202) exceeds 100 chars
2025-09-27 23:59:23,528 - __main__ - WARNING - Total options length (132) exceeds 100 chars
2025-09-27 23:59:23,528 - __main__ - WARNING - Total options length (130) exceeds 100 chars
2025-09-27 23:59:23,529 - __main__ - WARNING - Total options length (123) exceeds 100 chars
2025-09-27 23:59:23,529 - __main__ - WARNING - Question must have exactly one correct option, found 0
2025-09-27 23:59:23,529 - __main__ - WARNING - Total options length (157) exceeds 100 chars
2025-09-27 23:59:23,529 - __main__ - WARNING - Question must have exactly one correct option, found 0
2025-09-27 23:59:23,529 - __main__ - WARNING - Total options length (126) exceeds 100 chars
2025-09-27 23:59:23,529 - __main__ - WARNING - Question must have exactly one correct option, found 0
2025-09-27 23:59:23,529 - __main__ - WARNING - Question must have exactly one correct option, found 0
2025-09-27 23:59:23,529 - __main__ - WARNING - Total options length (258) exceeds 100 chars
2025-09-27 23:59:23,529 - __main__ - WARNING - Total options length (116) exceeds 100 chars
2025-09-27 23:59:23,529 - __main__ - WARNING - Question must have exactly one correct option, found 0
2025-09-27 23:59:23,529 - __main__ - WARNING - Question must have exactly one correct option, found 0
2025-09-27 23:59:23,530 - __main__ - WARNING - Question must have exactly one correct option, found 0
2025-09-27 23:59:23,530 - __main__ - WARNING - Total options length (128) exceeds 100 chars
2025-09-27 23:59:23,530 - __main__ - WARNING - Total options length (164) exceeds 100 chars
2025-09-27 23:59:23,530 - __main__ - WARNING - Total options length (178) exceeds 100 chars
2025-09-27 23:59:23,530 - __main__ - WARNING - Question must have exactly one correct option, found 0
2025-09-27 23:59:23,530 - __main__ - WARNING - Total options length (127) exceeds 100 chars
2025-09-27 23:59:23,530 - __main__ - WARNING - Total options length (201) exceeds 100 chars
2025-09-27 23:59:23,530 - __main__ - WARNING - Total options length (134) exceeds 100 chars
2025-09-27 23:59:23,530 - __main__ - WARNING - Total options length (152) exceeds 100 chars
2025-09-27 23:59:23,530 - __main__ - WARNING - Question must have exactly one correct option, found 0
2025-09-27 23:59:23,530 - __main__ - WARNING - Total options length (109) exceeds 100 chars
2025-09-27 23:59:23,530 - __main__ - WARNING - Total options length (156) exceeds 100 chars
2025-09-27 23:59:23,530 - __main__ - WARNING - Total options length (198) exceeds 100 chars
2025-09-27 23:59:23,531 - __main__ - WARNING - Total options length (239) exceeds 100 chars
2025-09-27 23:59:23,531 - __main__ - WARNING - Option 2 too long: 117 chars
2025-09-27 23:59:23,531 - __main__ - WARNING - Total options length (210) exceeds 100 chars
2025-09-27 23:59:23,531 - __main__ - WARNING - Total options length (135) exceeds 100 chars
2025-09-27 23:59:23,531 - __main__ - WARNING - Total options length (179) exceeds 100 chars
2025-09-27 23:59:23,531 - __main__ - WARNING - Total options length (206) exceeds 100 chars
2025-09-27 23:59:23,531 - __main__ - WARNING - Total options length (165) exceeds 100 chars
2025-09-27 23:59:23,532 - __main__ - WARNING - Total options length (133) exceeds 100 chars
2025-09-27 23:59:23,532 - __main__ - WARNING - Total options length (163) exceeds 100 chars
2025-09-27 23:59:23,532 - __main__ - WARNING - Total options length (241) exceeds 100 chars
2025-09-27 23:59:23,532 - __main__ - WARNING - Total options length (139) exceeds 100 chars
2025-09-27 23:59:23,532 - __main__ - WARNING - Question must have exactly one correct option, found 0
2025-09-27 23:59:23,532 - __main__ - WARNING - Total options length (112) exceeds 100 chars
2025-09-27 23:59:23,532 - __main__ - WARNING - Total options length (130) exceeds 100 chars
2025-09-27 23:59:23,532 - __main__ - WARNING - Total options length (216) exceeds 100 chars
2025-09-27 23:59:23,532 - __main__ - WARNING - Total options length (132) exceeds 100 chars
2025-09-27 23:59:23,533 - __main__ - WARNING - Total options length (194) exceeds 100 chars
2025-09-27 23:59:23,533 - __main__ - WARNING - Total options length (194) exceeds 100 chars
2025-09-27 23:59:23,533 - __main__ - WARNING - Total options length (130) exceeds 100 chars
2025-09-27 23:59:23,533 - __main__ - WARNING - Total options length (123) exceeds 100 chars
2025-09-27 23:59:23,533 - __main__ - WARNING - Total options length (167) exceeds 100 chars
2025-09-27 23:59:23,533 - __main__ - WARNING - Total options length (223) exceeds 100 chars
2025-09-27 23:59:23,533 - __main__ - WARNING - Total options length (140) exceeds 100 chars
2025-09-27 23:59:23,534 - __main__ - WARNING - Option 2 too long: 102 chars
2025-09-27 23:59:23,534 - __main__ - WARNING - Total options length (182) exceeds 100 chars
2025-09-27 23:59:23,534 - __main__ - WARNING - Total options length (247) exceeds 100 chars
2025-09-27 23:59:23,534 - __main__ - WARNING - Total options length (150) exceeds 100 chars
2025-09-27 23:59:23,534 - __main__ - WARNING - Total options length (211) exceeds 100 chars
2025-09-27 23:59:23,534 - __main__ - WARNING - Total options length (118) exceeds 100 chars
2025-09-27 23:59:23,534 - __main__ - WARNING - Total options length (297) exceeds 100 chars
2025-09-27 23:59:23,534 - __main__ - WARNING - Total options length (175) exceeds 100 chars
2025-09-27 23:59:23,535 - __main__ - WARNING - Option 2 too long: 100 chars
2025-09-27 23:59:23,535 - __main__ - WARNING - Question must have exactly one correct option, found 0
2025-09-27 23:59:23,535 - __main__ - WARNING - Total options length (263) exceeds 100 chars
2025-09-27 23:59:23,535 - __main__ - WARNING - Total options length (176) exceeds 100 chars
2025-09-27 23:59:23,535 - __main__ - WARNING - Total options length (132) exceeds 100 chars
2025-09-27 23:59:23,535 - __main__ - WARNING - Total options length (174) exceeds 100 chars
2025-09-27 23:59:23,535 - __main__ - WARNING - Total options length (132) exceeds 100 chars
2025-09-27 23:59:23,535 - __main__ - WARNING - Total options length (111) exceeds 100 chars
2025-09-27 23:59:23,535 - __main__ - WARNING - Total options length (192) exceeds 100 chars
2025-09-27 23:59:23,535 - __main__ - WARNING - Total options length (137) exceeds 100 chars
2025-09-27 23:59:23,536 - __main__ - WARNING - Question must have exactly one correct option, found 0
2025-09-27 23:59:23,536 - __main__ - WARNING - Total options length (217) exceeds 100 chars
2025-09-27 23:59:23,536 - __main__ - WARNING - Total options length (185) exceeds 100 chars
2025-09-27 23:59:23,536 - __main__ - WARNING - Total options length (164) exceeds 100 chars
2025-09-27 23:59:23,536 - __main__ - WARNING - Total options length (105) exceeds 100 chars
2025-09-27 23:59:23,536 - __main__ - WARNING - Total options length (107) exceeds 100 chars
2025-09-27 23:59:23,536 - __main__ - WARNING - Total options length (119) exceeds 100 chars
2025-09-27 23:59:23,536 - __main__ - WARNING - Total options length (124) exceeds 100 chars
2025-09-27 23:59:23,536 - __main__ - WARNING - Total options length (158) exceeds 100 chars
2025-09-27 23:59:23,537 - __main__ - WARNING - Total options length (132) exceeds 100 chars
2025-09-27 23:59:23,537 - __main__ - WARNING - Total options length (235) exceeds 100 chars
2025-09-27 23:59:23,537 - __main__ - WARNING - Total options length (219) exceeds 100 chars
2025-09-27 23:59:23,537 - __main__ - WARNING - Total options length (128) exceeds 100 chars
2025-09-27 23:59:23,537 - __main__ - WARNING - Total options length (188) exceeds 100 chars
2025-09-27 23:59:23,537 - __main__ - WARNING - Total options length (193) exceeds 100 chars
2025-09-27 23:59:23,537 - __main__ - WARNING - Total options length (197) exceeds 100 chars
2025-09-27 23:59:23,537 - __main__ - WARNING - Total options length (175) exceeds 100 chars
2025-09-27 23:59:23,537 - __main__ - WARNING - Question must have exactly one correct option, found 0
2025-09-27 23:59:23,537 - __main__ - WARNING - Total options length (153) exceeds 100 chars
2025-09-27 23:59:23,538 - __main__ - WARNING - Total options length (102) exceeds 100 chars
2025-09-27 23:59:23,538 - __main__ - WARNING - Total options length (101) exceeds 100 chars
2025-09-27 23:59:23,538 - __main__ - WARNING - Total options length (224) exceeds 100 chars
2025-09-27 23:59:23,539 - __main__ - WARNING - Option 2 too long: 100 chars
2025-09-27 23:59:23,539 - __main__ - WARNING - Total options length (188) exceeds 100 chars
2025-09-27 23:59:23,539 - __main__ - WARNING - Total options length (222) exceeds 100 chars
2025-09-27 23:59:23,539 - __main__ - WARNING - Total options length (149) exceeds 100 chars
2025-09-27 23:59:23,539 - __main__ - WARNING - Total options length (104) exceeds 100 chars
2025-09-27 23:59:23,539 - __main__ - WARNING - Question must have exactly one correct option, found 2
2025-09-27 23:59:23,539 - __main__ - WARNING - Total options length (153) exceeds 100 chars
2025-09-27 23:59:23,539 - __main__ - WARNING - Total options length (227) exceeds 100 chars
2025-09-27 23:59:23,540 - __main__ - WARNING - Total options length (116) exceeds 100 chars
2025-09-27 23:59:23,540 - __main__ - WARNING - Total options length (162) exceeds 100 chars
2025-09-27 23:59:23,540 - __main__ - WARNING - Total options length (121) exceeds 100 chars
2025-09-27 23:59:23,540 - __main__ - WARNING - Total options length (179) exceeds 100 chars
2025-09-27 23:59:23,540 - __main__ - WARNING - Total options length (168) exceeds 100 chars
2025-09-27 23:59:23,540 - __main__ - WARNING - Question must have exactly one correct option, found 2
2025-09-27 23:59:23,541 - __main__ - WARNING - Total options length (156) exceeds 100 chars
2025-09-27 23:59:23,541 - __main__ - WARNING - Total options length (179) exceeds 100 chars
2025-09-27 23:59:23,541 - __main__ - WARNING - Total options length (103) exceeds 100 chars
2025-09-27 23:59:23,541 - __main__ - WARNING - Total options length (102) exceeds 100 chars
2025-09-27 23:59:23,541 - __main__ - WARNING - Total options length (101) exceeds 100 chars
2025-09-27 23:59:23,542 - __main__ - WARNING - Total options length (103) exceeds 100 chars
2025-09-27 23:59:23,543 - __main__ - WARNING - Total options length (103) exceeds 100 chars
2025-09-27 23:59:23,543 - __main__ - WARNING - Total options length (194) exceeds 100 chars
2025-09-27 23:59:23,543 - __main__ - WARNING - Total options length (175) exceeds 100 chars
2025-09-27 23:59:23,544 - __main__ - WARNING - Total options length (134) exceeds 100 chars
2025-09-27 23:59:23,544 - __main__ - WARNING - Total options length (127) exceeds 100 chars
2025-09-27 23:59:23,544 - __main__ - WARNING - Total options length (127) exceeds 100 chars
2025-09-27 23:59:23,544 - __main__ - WARNING - Total options length (119) exceeds 100 chars
2025-09-27 23:59:23,544 - __main__ - WARNING - Total options length (136) exceeds 100 chars
2025-09-27 23:59:23,544 - __main__ - WARNING - Total options length (127) exceeds 100 chars
2025-09-27 23:59:23,544 - __main__ - WARNING - Total options length (119) exceeds 100 chars
2025-09-27 23:59:23,544 - __main__ - WARNING - Total options length (119) exceeds 100 chars
2025-09-27 23:59:23,544 - __main__ - WARNING - Total options length (148) exceeds 100 chars
2025-09-27 23:59:23,544 - __main__ - WARNING - Total options length (131) exceeds 100 chars
2025-09-27 23:59:23,544 - __main__ - WARNING - Total options length (142) exceeds 100 chars
2025-09-27 23:59:23,545 - __main__ - WARNING - Total options length (168) exceeds 100 chars
2025-09-27 23:59:23,545 - __main__ - WARNING - Total options length (203) exceeds 100 chars
2025-09-27 23:59:23,545 - __main__ - WARNING - Total options length (190) exceeds 100 chars
2025-09-27 23:59:23,545 - __main__ - WARNING - Total options length (136) exceeds 100 chars
2025-09-27 23:59:23,545 - __main__ - WARNING - Total options length (164) exceeds 100 chars
2025-09-27 23:59:23,545 - __main__ - WARNING - Total options length (159) exceeds 100 chars
2025-09-27 23:59:23,545 - __main__ - WARNING - Total options length (134) exceeds 100 chars
2025-09-27 23:59:23,545 - __main__ - WARNING - Total options length (139) exceeds 100 chars
2025-09-27 23:59:23,545 - __main__ - WARNING - Total options length (150) exceeds 100 chars
2025-09-27 23:59:23,546 - __main__ - WARNING - Total options length (109) exceeds 100 chars
2025-09-27 23:59:23,546 - __main__ - WARNING - Total options length (136) exceeds 100 chars
2025-09-27 23:59:23,546 - __main__ - WARNING - Total options length (207) exceeds 100 chars
2025-09-27 23:59:23,546 - __main__ - WARNING - Total options length (159) exceeds 100 chars
2025-09-27 23:59:23,546 - __main__ - WARNING - Total options length (184) exceeds 100 chars
2025-09-27 23:59:23,546 - __main__ - WARNING - Question must have exactly one correct option, found 0
2025-09-27 23:59:23,546 - __main__ - WARNING - Total options length (248) exceeds 100 chars
2025-09-27 23:59:23,546 - __main__ - WARNING - Total options length (206) exceeds 100 chars
2025-09-27 23:59:23,546 - __main__ - WARNING - Total options length (120) exceeds 100 chars
2025-09-27 23:59:23,546 - __main__ - WARNING - Total options length (118) exceeds 100 chars
2025-09-27 23:59:23,547 - __main__ - WARNING - Total options length (119) exceeds 100 chars
2025-09-27 23:59:23,547 - __main__ - WARNING - Total options length (141) exceeds 100 chars
2025-09-27 23:59:23,547 - __main__ - WARNING - Total options length (223) exceeds 100 chars
2025-09-27 23:59:23,547 - __main__ - WARNING - Total options length (139) exceeds 100 chars
2025-09-27 23:59:23,547 - __main__ - WARNING - Total options length (143) exceeds 100 chars
2025-09-27 23:59:23,547 - __main__ - WARNING - Total options length (139) exceeds 100 chars
2025-09-27 23:59:23,547 - __main__ - WARNING - Total options length (110) exceeds 100 chars
2025-09-27 23:59:23,547 - __main__ - WARNING - Total options length (189) exceeds 100 chars
2025-09-27 23:59:23,547 - __main__ - WARNING - Total options length (164) exceeds 100 chars
2025-09-27 23:59:23,547 - __main__ - WARNING - Total options length (138) exceeds 100 chars
2025-09-27 23:59:23,547 - __main__ - WARNING - Total options length (106) exceeds 100 chars
2025-09-27 23:59:23,547 - __main__ - WARNING - Total options length (239) exceeds 100 chars
2025-09-27 23:59:23,548 - __main__ - WARNING - Total options length (213) exceeds 100 chars
2025-09-27 23:59:23,548 - __main__ - WARNING - Total options length (165) exceeds 100 chars
2025-09-27 23:59:23,548 - __main__ - WARNING - Total options length (119) exceeds 100 chars
2025-09-27 23:59:23,548 - __main__ - WARNING - Total options length (215) exceeds 100 chars
2025-09-27 23:59:23,548 - __main__ - WARNING - Total options length (139) exceeds 100 chars
2025-09-27 23:59:23,548 - __main__ - WARNING - Total options length (137) exceeds 100 chars
2025-09-27 23:59:23,548 - __main__ - WARNING - Total options length (127) exceeds 100 chars
2025-09-27 23:59:23,548 - __main__ - WARNING - Question must have exactly one correct option, found 0
2025-09-27 23:59:23,550 - __main__ - INFO - Created set.json with 35 questions.
2025-09-27 23:59:24,032 - httpx - INFO - HTTP Request: POST https://api.telegram.org/bot7481731907:AAGA8Rmu3eC5QUyhUcl4DuaVaH08qA9O4sE/editMessageText "HTTP/1.1 200 OK"
2025-09-27 23:59:26,891 - httpx - INFO - HTTP Request: POST https://api.telegram.org/bot7481731907:AAGA8Rmu3eC5QUyhUcl4DuaVaH08qA9O4sE/getUpdates "HTTP/1.1 200 OK"
2025-09-27 23:59:27,509 - httpx - INFO - HTTP Request: POST https://api.telegram.org/bot7481731907:AAGA8Rmu3eC5QUyhUcl4DuaVaH08qA9O4sE/sendPoll "HTTP/1.1 200 OK"
2025-09-27 23:59:33,886 - httpx - INFO - HTTP Request: POST https://api.telegram.org/bot7481731907:AAGA8Rmu3eC5QUyhUcl4DuaVaH08qA9O4sE/getUpdates "HTTP/1.1 409 Conflict"
2025-09-27 23:59:33,888 - telegram.ext.Updater - ERROR - Error while getting Updates: Conflict: terminated by other getUpdates request; make sure that only one bot instance is running
2025-09-27 23:59:33,889 - __main__ - ERROR - Exception while handling an update:
Traceback (most recent call last):
  File "C:\Users\Lenovo\AppData\Local\Packages\PythonSoftwareFoundation.Python.3.13_qbz5n2kfra8p0\LocalCache\local-packages\Python313\site-packages\telegram\ext\_updater.py", line 607, in _network_loop_retry
    if not await action_cb():
           ^^^^^^^^^^^^^^^^^
  File "C:\Users\Lenovo\AppData\Local\Packages\PythonSoftwareFoundation.Python.3.13_qbz5n2kfra8p0\LocalCache\local-packages\Python313\site-packages\telegram\ext\_updater.py", line 335, in polling_action_cb
    raise exc
  File "C:\Users\Lenovo\AppData\Local\Packages\PythonSoftwareFoundation.Python.3.13_qbz5n2kfra8p0\LocalCache\local-packages\Python313\site-packages\telegram\ext\_updater.py", line 320, in polling_action_cb
    updates = await self.bot.get_updates(
              ^^^^^^^^^^^^^^^^^^^^^^^^^^^
    ...<7 lines>...
    )
    ^
  File "C:\Users\Lenovo\AppData\Local\Packages\PythonSoftwareFoundation.Python.3.13_qbz5n2kfra8p0\LocalCache\local-packages\Python313\site-packages\telegram\ext\_extbot.py", line 543, in get_updates
    updates = await super().get_updates(
              ^^^^^^^^^^^^^^^^^^^^^^^^^^
    ...<9 lines>...
    )
    ^
  File "C:\Users\Lenovo\AppData\Local\Packages\PythonSoftwareFoundation.Python.3.13_qbz5n2kfra8p0\LocalCache\local-packages\Python313\site-packages\telegram\_bot.py", line 381, in decorator
    result = await func(self, *args, **kwargs)  # skipcq: PYL-E1102
             ^^^^^^^^^^^^^^^^^^^^^^^^^^^^^^^^^
  File "C:\Users\Lenovo\AppData\Local\Packages\PythonSoftwareFoundation.Python.3.13_qbz5n2kfra8p0\LocalCache\local-packages\Python313\site-packages\telegram\_bot.py", line 3661, in get_updates
    await self._post(
    ^^^^^^^^^^^^^^^^^
    ...<7 lines>...
    ),
    ^
  File "C:\Users\Lenovo\AppData\Local\Packages\PythonSoftwareFoundation.Python.3.13_qbz5n2kfra8p0\LocalCache\local-packages\Python313\site-packages\telegram\_bot.py", line 469, in _post
    return await self._do_post(
           ^^^^^^^^^^^^^^^^^^^^
    ...<6 lines>...
    )
    ^
  File "C:\Users\Lenovo\AppData\Local\Packages\PythonSoftwareFoundation.Python.3.13_qbz5n2kfra8p0\LocalCache\local-packages\Python313\site-packages\telegram\ext\_extbot.py", line 325, in _do_post
    return await super()._do_post(
           ^^^^^^^^^^^^^^^^^^^^^^^
    ...<6 lines>...
    )
    ^
  File "C:\Users\Lenovo\AppData\Local\Packages\PythonSoftwareFoundation.Python.3.13_qbz5n2kfra8p0\LocalCache\local-packages\Python313\site-packages\telegram\_bot.py", line 497, in _do_post
    return await request.post(
           ^^^^^^^^^^^^^^^^^^^
    ...<6 lines>...
    )
    ^
  File "C:\Users\Lenovo\AppData\Local\Packages\PythonSoftwareFoundation.Python.3.13_qbz5n2kfra8p0\LocalCache\local-packages\Python313\site-packages\telegram\request\_baserequest.py", line 168, in post
    result = await self._request_wrapper(
             ^^^^^^^^^^^^^^^^^^^^^^^^^^^^
    ...<7 lines>...
    )
    ^
  File "C:\Users\Lenovo\AppData\Local\Packages\PythonSoftwareFoundation.Python.3.13_qbz5n2kfra8p0\LocalCache\local-packages\Python313\site-packages\telegram\request\_baserequest.py", line 330, in _request_wrapper
    raise Conflict(message)
telegram.error.Conflict: Conflict: terminated by other getUpdates request; make sure that only one bot instance is running
2025-09-27 23:59:33,893 - __main__ - ERROR - Update None caused error Conflict: terminated by other getUpdates request; make sure that only one bot instance is running
2025-09-27 23:59:38,304 - httpx - INFO - HTTP Request: POST https://api.telegram.org/bot7481731907:AAGA8Rmu3eC5QUyhUcl4DuaVaH08qA9O4sE/getUpdates "HTTP/1.1 200 OK"
2025-09-27 23:59:49,016 - httpx - INFO - HTTP Request: POST https://api.telegram.org/bot7481731907:AAGA8Rmu3eC5QUyhUcl4DuaVaH08qA9O4sE/sendPoll "HTTP/1.1 200 OK"
2025-09-27 23:59:57,078 - httpx - INFO - HTTP Request: POST https://api.telegram.org/bot7481731907:AAGA8Rmu3eC5QUyhUcl4DuaVaH08qA9O4sE/getUpdates "HTTP/1.1 409 Conflict"
2025-09-27 23:59:57,079 - telegram.ext.Updater - ERROR - Error while getting Updates: Conflict: terminated by other getUpdates request; make sure that only one bot instance is running
2025-09-27 23:59:57,080 - __main__ - ERROR - Exception while handling an update:
Traceback (most recent call last):
  File "C:\Users\Lenovo\AppData\Local\Packages\PythonSoftwareFoundation.Python.3.13_qbz5n2kfra8p0\LocalCache\local-packages\Python313\site-packages\telegram\ext\_updater.py", line 607, in _network_loop_retry
    if not await action_cb():
           ^^^^^^^^^^^^^^^^^
  File "C:\Users\Lenovo\AppData\Local\Packages\PythonSoftwareFoundation.Python.3.13_qbz5n2kfra8p0\LocalCache\local-packages\Python313\site-packages\telegram\ext\_updater.py", line 335, in polling_action_cb
    raise exc
  File "C:\Users\Lenovo\AppData\Local\Packages\PythonSoftwareFoundation.Python.3.13_qbz5n2kfra8p0\LocalCache\local-packages\Python313\site-packages\telegram\ext\_updater.py", line 320, in polling_action_cb
    updates = await self.bot.get_updates(
              ^^^^^^^^^^^^^^^^^^^^^^^^^^^
    ...<7 lines>...
    )
    ^
  File "C:\Users\Lenovo\AppData\Local\Packages\PythonSoftwareFoundation.Python.3.13_qbz5n2kfra8p0\LocalCache\local-packages\Python313\site-packages\telegram\ext\_extbot.py", line 543, in get_updates
    updates = await super().get_updates(
              ^^^^^^^^^^^^^^^^^^^^^^^^^^
    ...<9 lines>...
    )
    ^
  File "C:\Users\Lenovo\AppData\Local\Packages\PythonSoftwareFoundation.Python.3.13_qbz5n2kfra8p0\LocalCache\local-packages\Python313\site-packages\telegram\_bot.py", line 381, in decorator
    result = await func(self, *args, **kwargs)  # skipcq: PYL-E1102
             ^^^^^^^^^^^^^^^^^^^^^^^^^^^^^^^^^
  File "C:\Users\Lenovo\AppData\Local\Packages\PythonSoftwareFoundation.Python.3.13_qbz5n2kfra8p0\LocalCache\local-packages\Python313\site-packages\telegram\_bot.py", line 3661, in get_updates
    await self._post(
    ^^^^^^^^^^^^^^^^^
    ...<7 lines>...
    ),
    ^
  File "C:\Users\Lenovo\AppData\Local\Packages\PythonSoftwareFoundation.Python.3.13_qbz5n2kfra8p0\LocalCache\local-packages\Python313\site-packages\telegram\_bot.py", line 469, in _post
    return await self._do_post(
           ^^^^^^^^^^^^^^^^^^^^
    ...<6 lines>...
    )
    ^
  File "C:\Users\Lenovo\AppData\Local\Packages\PythonSoftwareFoundation.Python.3.13_qbz5n2kfra8p0\LocalCache\local-packages\Python313\site-packages\telegram\ext\_extbot.py", line 325, in _do_post
    return await super()._do_post(
           ^^^^^^^^^^^^^^^^^^^^^^^
    ...<6 lines>...
    )
    ^
  File "C:\Users\Lenovo\AppData\Local\Packages\PythonSoftwareFoundation.Python.3.13_qbz5n2kfra8p0\LocalCache\local-packages\Python313\site-packages\telegram\_bot.py", line 497, in _do_post
    return await request.post(
           ^^^^^^^^^^^^^^^^^^^
    ...<6 lines>...
    )
    ^
  File "C:\Users\Lenovo\AppData\Local\Packages\PythonSoftwareFoundation.Python.3.13_qbz5n2kfra8p0\LocalCache\local-packages\Python313\site-packages\telegram\request\_baserequest.py", line 168, in post
    result = await self._request_wrapper(
             ^^^^^^^^^^^^^^^^^^^^^^^^^^^^
    ...<7 lines>...
    )
    ^
  File "C:\Users\Lenovo\AppData\Local\Packages\PythonSoftwareFoundation.Python.3.13_qbz5n2kfra8p0\LocalCache\local-packages\Python313\site-packages\telegram\request\_baserequest.py", line 330, in _request_wrapper
    raise Conflict(message)
telegram.error.Conflict: Conflict: terminated by other getUpdates request; make sure that only one bot instance is running
2025-09-27 23:59:57,085 - __main__ - ERROR - Update None caused error Conflict: terminated by other getUpdates request; make sure that only one bot instance is running
2025-09-28 00:00:06,321 - httpx - INFO - HTTP Request: POST https://api.telegram.org/bot7481731907:AAGA8Rmu3eC5QUyhUcl4DuaVaH08qA9O4sE/getUpdates "HTTP/1.1 200 OK"
2025-09-28 00:00:10,121 - httpx - INFO - HTTP Request: POST https://api.telegram.org/bot7481731907:AAGA8Rmu3eC5QUyhUcl4DuaVaH08qA9O4sE/sendPoll "HTTP/1.1 200 OK"
2025-09-28 00:00:18,628 - httpx - INFO - HTTP Request: POST https://api.telegram.org/bot7481731907:AAGA8Rmu3eC5QUyhUcl4DuaVaH08qA9O4sE/getUpdates "HTTP/1.1 200 OK"
2025-09-28 00:00:28,987 - httpx - INFO - HTTP Request: POST https://api.telegram.org/bot7481731907:AAGA8Rmu3eC5QUyhUcl4DuaVaH08qA9O4sE/getUpdates "HTTP/1.1 409 Conflict"
2025-09-28 00:00:28,989 - telegram.ext.Updater - ERROR - Error while getting Updates: Conflict: terminated by other getUpdates request; make sure that only one bot instance is running
2025-09-28 00:00:28,989 - __main__ - ERROR - Exception while handling an update:
Traceback (most recent call last):
  File "C:\Users\Lenovo\AppData\Local\Packages\PythonSoftwareFoundation.Python.3.13_qbz5n2kfra8p0\LocalCache\local-packages\Python313\site-packages\telegram\ext\_updater.py", line 607, in _network_loop_retry
    if not await action_cb():
           ^^^^^^^^^^^^^^^^^
  File "C:\Users\Lenovo\AppData\Local\Packages\PythonSoftwareFoundation.Python.3.13_qbz5n2kfra8p0\LocalCache\local-packages\Python313\site-packages\telegram\ext\_updater.py", line 335, in polling_action_cb
    raise exc
  File "C:\Users\Lenovo\AppData\Local\Packages\PythonSoftwareFoundation.Python.3.13_qbz5n2kfra8p0\LocalCache\local-packages\Python313\site-packages\telegram\ext\_updater.py", line 320, in polling_action_cb
    updates = await self.bot.get_updates(
              ^^^^^^^^^^^^^^^^^^^^^^^^^^^
    ...<7 lines>...
    )
    ^
  File "C:\Users\Lenovo\AppData\Local\Packages\PythonSoftwareFoundation.Python.3.13_qbz5n2kfra8p0\LocalCache\local-packages\Python313\site-packages\telegram\ext\_extbot.py", line 543, in get_updates
    updates = await super().get_updates(
              ^^^^^^^^^^^^^^^^^^^^^^^^^^
    ...<9 lines>...
    )
    ^
  File "C:\Users\Lenovo\AppData\Local\Packages\PythonSoftwareFoundation.Python.3.13_qbz5n2kfra8p0\LocalCache\local-packages\Python313\site-packages\telegram\_bot.py", line 381, in decorator
    result = await func(self, *args, **kwargs)  # skipcq: PYL-E1102
             ^^^^^^^^^^^^^^^^^^^^^^^^^^^^^^^^^
  File "C:\Users\Lenovo\AppData\Local\Packages\PythonSoftwareFoundation.Python.3.13_qbz5n2kfra8p0\LocalCache\local-packages\Python313\site-packages\telegram\_bot.py", line 3661, in get_updates
    await self._post(
    ^^^^^^^^^^^^^^^^^
    ...<7 lines>...
    ),
    ^
  File "C:\Users\Lenovo\AppData\Local\Packages\PythonSoftwareFoundation.Python.3.13_qbz5n2kfra8p0\LocalCache\local-packages\Python313\site-packages\telegram\_bot.py", line 469, in _post
    return await self._do_post(
           ^^^^^^^^^^^^^^^^^^^^
    ...<6 lines>...
    )
    ^
  File "C:\Users\Lenovo\AppData\Local\Packages\PythonSoftwareFoundation.Python.3.13_qbz5n2kfra8p0\LocalCache\local-packages\Python313\site-packages\telegram\ext\_extbot.py", line 325, in _do_post
    return await super()._do_post(
           ^^^^^^^^^^^^^^^^^^^^^^^
    ...<6 lines>...
    )
    ^
  File "C:\Users\Lenovo\AppData\Local\Packages\PythonSoftwareFoundation.Python.3.13_qbz5n2kfra8p0\LocalCache\local-packages\Python313\site-packages\telegram\_bot.py", line 497, in _do_post
    return await request.post(
           ^^^^^^^^^^^^^^^^^^^
    ...<6 lines>...
    )
    ^
  File "C:\Users\Lenovo\AppData\Local\Packages\PythonSoftwareFoundation.Python.3.13_qbz5n2kfra8p0\LocalCache\local-packages\Python313\site-packages\telegram\request\_baserequest.py", line 168, in post
    result = await self._request_wrapper(
             ^^^^^^^^^^^^^^^^^^^^^^^^^^^^
    ...<7 lines>...
    )
    ^
  File "C:\Users\Lenovo\AppData\Local\Packages\PythonSoftwareFoundation.Python.3.13_qbz5n2kfra8p0\LocalCache\local-packages\Python313\site-packages\telegram\request\_baserequest.py", line 330, in _request_wrapper
    raise Conflict(message)
telegram.error.Conflict: Conflict: terminated by other getUpdates request; make sure that only one bot instance is running
2025-09-28 00:00:28,994 - __main__ - ERROR - Update None caused error Conflict: terminated by other getUpdates request; make sure that only one bot instance is running
2025-09-28 00:00:31,290 - httpx - INFO - HTTP Request: POST https://api.telegram.org/bot7481731907:AAGA8Rmu3eC5QUyhUcl4DuaVaH08qA9O4sE/sendPoll "HTTP/1.1 200 OK"
2025-09-28 00:00:41,590 - httpx - INFO - HTTP Request: POST https://api.telegram.org/bot7481731907:AAGA8Rmu3eC5QUyhUcl4DuaVaH08qA9O4sE/getUpdates "HTTP/1.1 200 OK"
2025-09-28 00:00:52,633 - httpx - INFO - HTTP Request: POST https://api.telegram.org/bot7481731907:AAGA8Rmu3eC5QUyhUcl4DuaVaH08qA9O4sE/sendPoll "HTTP/1.1 200 OK"
2025-09-28 00:01:01,606 - httpx - INFO - HTTP Request: POST https://api.telegram.org/bot7481731907:AAGA8Rmu3eC5QUyhUcl4DuaVaH08qA9O4sE/getUpdates "HTTP/1.1 200 OK"
2025-09-28 00:01:04,811 - httpx - INFO - HTTP Request: POST https://api.telegram.org/bot7481731907:AAGA8Rmu3eC5QUyhUcl4DuaVaH08qA9O4sE/getUpdates "HTTP/1.1 409 Conflict"
2025-09-28 00:01:04,813 - telegram.ext.Updater - ERROR - Error while getting Updates: Conflict: terminated by other getUpdates request; make sure that only one bot instance is running
2025-09-28 00:01:04,814 - __main__ - ERROR - Exception while handling an update:
Traceback (most recent call last):
  File "C:\Users\Lenovo\AppData\Local\Packages\PythonSoftwareFoundation.Python.3.13_qbz5n2kfra8p0\LocalCache\local-packages\Python313\site-packages\telegram\ext\_updater.py", line 607, in _network_loop_retry
    if not await action_cb():
           ^^^^^^^^^^^^^^^^^
  File "C:\Users\Lenovo\AppData\Local\Packages\PythonSoftwareFoundation.Python.3.13_qbz5n2kfra8p0\LocalCache\local-packages\Python313\site-packages\telegram\ext\_updater.py", line 335, in polling_action_cb
    raise exc
  File "C:\Users\Lenovo\AppData\Local\Packages\PythonSoftwareFoundation.Python.3.13_qbz5n2kfra8p0\LocalCache\local-packages\Python313\site-packages\telegram\ext\_updater.py", line 320, in polling_action_cb
    updates = await self.bot.get_updates(
              ^^^^^^^^^^^^^^^^^^^^^^^^^^^
    ...<7 lines>...
    )
    ^
  File "C:\Users\Lenovo\AppData\Local\Packages\PythonSoftwareFoundation.Python.3.13_qbz5n2kfra8p0\LocalCache\local-packages\Python313\site-packages\telegram\ext\_extbot.py", line 543, in get_updates
    updates = await super().get_updates(
              ^^^^^^^^^^^^^^^^^^^^^^^^^^
    ...<9 lines>...
    )
    ^
  File "C:\Users\Lenovo\AppData\Local\Packages\PythonSoftwareFoundation.Python.3.13_qbz5n2kfra8p0\LocalCache\local-packages\Python313\site-packages\telegram\_bot.py", line 381, in decorator
    result = await func(self, *args, **kwargs)  # skipcq: PYL-E1102
             ^^^^^^^^^^^^^^^^^^^^^^^^^^^^^^^^^
  File "C:\Users\Lenovo\AppData\Local\Packages\PythonSoftwareFoundation.Python.3.13_qbz5n2kfra8p0\LocalCache\local-packages\Python313\site-packages\telegram\_bot.py", line 3661, in get_updates
    await self._post(
    ^^^^^^^^^^^^^^^^^
    ...<7 lines>...
    ),
    ^
  File "C:\Users\Lenovo\AppData\Local\Packages\PythonSoftwareFoundation.Python.3.13_qbz5n2kfra8p0\LocalCache\local-packages\Python313\site-packages\telegram\_bot.py", line 469, in _post
    return await self._do_post(
           ^^^^^^^^^^^^^^^^^^^^
    ...<6 lines>...
    )
    ^
  File "C:\Users\Lenovo\AppData\Local\Packages\PythonSoftwareFoundation.Python.3.13_qbz5n2kfra8p0\LocalCache\local-packages\Python313\site-packages\telegram\ext\_extbot.py", line 325, in _do_post
    return await super()._do_post(
           ^^^^^^^^^^^^^^^^^^^^^^^
    ...<6 lines>...
    )
    ^
  File "C:\Users\Lenovo\AppData\Local\Packages\PythonSoftwareFoundation.Python.3.13_qbz5n2kfra8p0\LocalCache\local-packages\Python313\site-packages\telegram\_bot.py", line 497, in _do_post
    return await request.post(
           ^^^^^^^^^^^^^^^^^^^
    ...<6 lines>...
    )
    ^
  File "C:\Users\Lenovo\AppData\Local\Packages\PythonSoftwareFoundation.Python.3.13_qbz5n2kfra8p0\LocalCache\local-packages\Python313\site-packages\telegram\request\_baserequest.py", line 168, in post
    result = await self._request_wrapper(
             ^^^^^^^^^^^^^^^^^^^^^^^^^^^^
    ...<7 lines>...
    )
    ^
  File "C:\Users\Lenovo\AppData\Local\Packages\PythonSoftwareFoundation.Python.3.13_qbz5n2kfra8p0\LocalCache\local-packages\Python313\site-packages\telegram\request\_baserequest.py", line 330, in _request_wrapper
    raise Conflict(message)
telegram.error.Conflict: Conflict: terminated by other getUpdates request; make sure that only one bot instance is running
2025-09-28 00:01:04,820 - __main__ - ERROR - Update None caused error Conflict: terminated by other getUpdates request; make sure that only one bot instance is running
2025-09-28 00:01:14,124 - httpx - INFO - HTTP Request: POST https://api.telegram.org/bot7481731907:AAGA8Rmu3eC5QUyhUcl4DuaVaH08qA9O4sE/sendPoll "HTTP/1.1 200 OK"
2025-09-28 00:01:21,021 - httpx - INFO - HTTP Request: POST https://api.telegram.org/bot7481731907:AAGA8Rmu3eC5QUyhUcl4DuaVaH08qA9O4sE/getUpdates "HTTP/1.1 200 OK"
2025-09-28 00:01:35,343 - httpx - INFO - HTTP Request: POST https://api.telegram.org/bot7481731907:AAGA8Rmu3eC5QUyhUcl4DuaVaH08qA9O4sE/sendPoll "HTTP/1.1 200 OK"
2025-09-28 00:01:40,711 - httpx - INFO - HTTP Request: POST https://api.telegram.org/bot7481731907:AAGA8Rmu3eC5QUyhUcl4DuaVaH08qA9O4sE/getUpdates "HTTP/1.1 409 Conflict"
2025-09-28 00:01:40,712 - telegram.ext.Updater - ERROR - Error while getting Updates: Conflict: terminated by other getUpdates request; make sure that only one bot instance is running
2025-09-28 00:01:40,713 - __main__ - ERROR - Exception while handling an update:
Traceback (most recent call last):
  File "C:\Users\Lenovo\AppData\Local\Packages\PythonSoftwareFoundation.Python.3.13_qbz5n2kfra8p0\LocalCache\local-packages\Python313\site-packages\telegram\ext\_updater.py", line 607, in _network_loop_retry
    if not await action_cb():
           ^^^^^^^^^^^^^^^^^
  File "C:\Users\Lenovo\AppData\Local\Packages\PythonSoftwareFoundation.Python.3.13_qbz5n2kfra8p0\LocalCache\local-packages\Python313\site-packages\telegram\ext\_updater.py", line 335, in polling_action_cb
    raise exc
  File "C:\Users\Lenovo\AppData\Local\Packages\PythonSoftwareFoundation.Python.3.13_qbz5n2kfra8p0\LocalCache\local-packages\Python313\site-packages\telegram\ext\_updater.py", line 320, in polling_action_cb
    updates = await self.bot.get_updates(
              ^^^^^^^^^^^^^^^^^^^^^^^^^^^
    ...<7 lines>...
    )
    ^
  File "C:\Users\Lenovo\AppData\Local\Packages\PythonSoftwareFoundation.Python.3.13_qbz5n2kfra8p0\LocalCache\local-packages\Python313\site-packages\telegram\ext\_extbot.py", line 543, in get_updates
    updates = await super().get_updates(
              ^^^^^^^^^^^^^^^^^^^^^^^^^^
    ...<9 lines>...
    )
    ^
  File "C:\Users\Lenovo\AppData\Local\Packages\PythonSoftwareFoundation.Python.3.13_qbz5n2kfra8p0\LocalCache\local-packages\Python313\site-packages\telegram\_bot.py", line 381, in decorator
    result = await func(self, *args, **kwargs)  # skipcq: PYL-E1102
             ^^^^^^^^^^^^^^^^^^^^^^^^^^^^^^^^^
  File "C:\Users\Lenovo\AppData\Local\Packages\PythonSoftwareFoundation.Python.3.13_qbz5n2kfra8p0\LocalCache\local-packages\Python313\site-packages\telegram\_bot.py", line 3661, in get_updates
    await self._post(
    ^^^^^^^^^^^^^^^^^
    ...<7 lines>...
    ),
    ^
  File "C:\Users\Lenovo\AppData\Local\Packages\PythonSoftwareFoundation.Python.3.13_qbz5n2kfra8p0\LocalCache\local-packages\Python313\site-packages\telegram\_bot.py", line 469, in _post
    return await self._do_post(
           ^^^^^^^^^^^^^^^^^^^^
    ...<6 lines>...
    )
    ^
  File "C:\Users\Lenovo\AppData\Local\Packages\PythonSoftwareFoundation.Python.3.13_qbz5n2kfra8p0\LocalCache\local-packages\Python313\site-packages\telegram\ext\_extbot.py", line 325, in _do_post
    return await super()._do_post(
           ^^^^^^^^^^^^^^^^^^^^^^^
    ...<6 lines>...
    )
    ^
  File "C:\Users\Lenovo\AppData\Local\Packages\PythonSoftwareFoundation.Python.3.13_qbz5n2kfra8p0\LocalCache\local-packages\Python313\site-packages\telegram\_bot.py", line 497, in _do_post
    return await request.post(
           ^^^^^^^^^^^^^^^^^^^
    ...<6 lines>...
    )
    ^
  File "C:\Users\Lenovo\AppData\Local\Packages\PythonSoftwareFoundation.Python.3.13_qbz5n2kfra8p0\LocalCache\local-packages\Python313\site-packages\telegram\request\_baserequest.py", line 168, in post
    result = await self._request_wrapper(
             ^^^^^^^^^^^^^^^^^^^^^^^^^^^^
    ...<7 lines>...
    )
    ^
  File "C:\Users\Lenovo\AppData\Local\Packages\PythonSoftwareFoundation.Python.3.13_qbz5n2kfra8p0\LocalCache\local-packages\Python313\site-packages\telegram\request\_baserequest.py", line 330, in _request_wrapper
    raise Conflict(message)
telegram.error.Conflict: Conflict: terminated by other getUpdates request; make sure that only one bot instance is running
2025-09-28 00:01:40,718 - __main__ - ERROR - Update None caused error Conflict: terminated by other getUpdates request; make sure that only one bot instance is running
2025-09-28 00:01:50,505 - httpx - INFO - HTTP Request: POST https://api.telegram.org/bot7481731907:AAGA8Rmu3eC5QUyhUcl4DuaVaH08qA9O4sE/getUpdates "HTTP/1.1 200 OK"
2025-09-28 00:01:56,748 - httpx - INFO - HTTP Request: POST https://api.telegram.org/bot7481731907:AAGA8Rmu3eC5QUyhUcl4DuaVaH08qA9O4sE/sendPoll "HTTP/1.1 200 OK"
2025-09-28 00:02:10,259 - httpx - INFO - HTTP Request: POST https://api.telegram.org/bot7481731907:AAGA8Rmu3eC5QUyhUcl4DuaVaH08qA9O4sE/getUpdates "HTTP/1.1 200 OK"
2025-09-28 00:02:16,535 - httpx - INFO - HTTP Request: POST https://api.telegram.org/bot7481731907:AAGA8Rmu3eC5QUyhUcl4DuaVaH08qA9O4sE/getUpdates "HTTP/1.1 409 Conflict"
2025-09-28 00:02:16,537 - telegram.ext.Updater - ERROR - Error while getting Updates: Conflict: terminated by other getUpdates request; make sure that only one bot instance is running
2025-09-28 00:02:16,538 - __main__ - ERROR - Exception while handling an update:
Traceback (most recent call last):
  File "C:\Users\Lenovo\AppData\Local\Packages\PythonSoftwareFoundation.Python.3.13_qbz5n2kfra8p0\LocalCache\local-packages\Python313\site-packages\telegram\ext\_updater.py", line 607, in _network_loop_retry
    if not await action_cb():
           ^^^^^^^^^^^^^^^^^
  File "C:\Users\Lenovo\AppData\Local\Packages\PythonSoftwareFoundation.Python.3.13_qbz5n2kfra8p0\LocalCache\local-packages\Python313\site-packages\telegram\ext\_updater.py", line 335, in polling_action_cb
    raise exc
  File "C:\Users\Lenovo\AppData\Local\Packages\PythonSoftwareFoundation.Python.3.13_qbz5n2kfra8p0\LocalCache\local-packages\Python313\site-packages\telegram\ext\_updater.py", line 320, in polling_action_cb
    updates = await self.bot.get_updates(
              ^^^^^^^^^^^^^^^^^^^^^^^^^^^
    ...<7 lines>...
    )
    ^
  File "C:\Users\Lenovo\AppData\Local\Packages\PythonSoftwareFoundation.Python.3.13_qbz5n2kfra8p0\LocalCache\local-packages\Python313\site-packages\telegram\ext\_extbot.py", line 543, in get_updates
    updates = await super().get_updates(
              ^^^^^^^^^^^^^^^^^^^^^^^^^^
    ...<9 lines>...
    )
    ^
  File "C:\Users\Lenovo\AppData\Local\Packages\PythonSoftwareFoundation.Python.3.13_qbz5n2kfra8p0\LocalCache\local-packages\Python313\site-packages\telegram\_bot.py", line 381, in decorator
    result = await func(self, *args, **kwargs)  # skipcq: PYL-E1102
             ^^^^^^^^^^^^^^^^^^^^^^^^^^^^^^^^^
  File "C:\Users\Lenovo\AppData\Local\Packages\PythonSoftwareFoundation.Python.3.13_qbz5n2kfra8p0\LocalCache\local-packages\Python313\site-packages\telegram\_bot.py", line 3661, in get_updates
    await self._post(
    ^^^^^^^^^^^^^^^^^
    ...<7 lines>...
    ),
    ^
  File "C:\Users\Lenovo\AppData\Local\Packages\PythonSoftwareFoundation.Python.3.13_qbz5n2kfra8p0\LocalCache\local-packages\Python313\site-packages\telegram\_bot.py", line 469, in _post
    return await self._do_post(
           ^^^^^^^^^^^^^^^^^^^^
    ...<6 lines>...
    )
    ^
  File "C:\Users\Lenovo\AppData\Local\Packages\PythonSoftwareFoundation.Python.3.13_qbz5n2kfra8p0\LocalCache\local-packages\Python313\site-packages\telegram\ext\_extbot.py", line 325, in _do_post
    return await super()._do_post(
           ^^^^^^^^^^^^^^^^^^^^^^^
    ...<6 lines>...
    )
    ^
  File "C:\Users\Lenovo\AppData\Local\Packages\PythonSoftwareFoundation.Python.3.13_qbz5n2kfra8p0\LocalCache\local-packages\Python313\site-packages\telegram\_bot.py", line 497, in _do_post
    return await request.post(
           ^^^^^^^^^^^^^^^^^^^
    ...<6 lines>...
    )
    ^
  File "C:\Users\Lenovo\AppData\Local\Packages\PythonSoftwareFoundation.Python.3.13_qbz5n2kfra8p0\LocalCache\local-packages\Python313\site-packages\telegram\request\_baserequest.py", line 168, in post
    result = await self._request_wrapper(
             ^^^^^^^^^^^^^^^^^^^^^^^^^^^^
    ...<7 lines>...
    )
    ^
  File "C:\Users\Lenovo\AppData\Local\Packages\PythonSoftwareFoundation.Python.3.13_qbz5n2kfra8p0\LocalCache\local-packages\Python313\site-packages\telegram\request\_baserequest.py", line 330, in _request_wrapper
    raise Conflict(message)
telegram.error.Conflict: Conflict: terminated by other getUpdates request; make sure that only one bot instance is running
2025-09-28 00:02:16,543 - __main__ - ERROR - Update None caused error Conflict: terminated by other getUpdates request; make sure that only one bot instance is running
2025-09-28 00:02:18,151 - httpx - INFO - HTTP Request: POST https://api.telegram.org/bot7481731907:AAGA8Rmu3eC5QUyhUcl4DuaVaH08qA9O4sE/sendPoll "HTTP/1.1 200 OK"
2025-09-28 00:02:26,170 - httpx - INFO - HTTP Request: POST https://api.telegram.org/bot7481731907:AAGA8Rmu3eC5QUyhUcl4DuaVaH08qA9O4sE/getUpdates "HTTP/1.1 200 OK"
2025-09-28 00:02:39,446 - httpx - INFO - HTTP Request: POST https://api.telegram.org/bot7481731907:AAGA8Rmu3eC5QUyhUcl4DuaVaH08qA9O4sE/sendPoll "HTTP/1.1 200 OK"
2025-09-28 00:02:52,451 - httpx - INFO - HTTP Request: POST https://api.telegram.org/bot7481731907:AAGA8Rmu3eC5QUyhUcl4DuaVaH08qA9O4sE/getUpdates "HTTP/1.1 409 Conflict"
2025-09-28 00:02:52,452 - telegram.ext.Updater - ERROR - Error while getting Updates: Conflict: terminated by other getUpdates request; make sure that only one bot instance is running
2025-09-28 00:02:52,452 - __main__ - ERROR - Exception while handling an update:
Traceback (most recent call last):
  File "C:\Users\Lenovo\AppData\Local\Packages\PythonSoftwareFoundation.Python.3.13_qbz5n2kfra8p0\LocalCache\local-packages\Python313\site-packages\telegram\ext\_updater.py", line 607, in _network_loop_retry
    if not await action_cb():
           ^^^^^^^^^^^^^^^^^
  File "C:\Users\Lenovo\AppData\Local\Packages\PythonSoftwareFoundation.Python.3.13_qbz5n2kfra8p0\LocalCache\local-packages\Python313\site-packages\telegram\ext\_updater.py", line 335, in polling_action_cb
    raise exc
  File "C:\Users\Lenovo\AppData\Local\Packages\PythonSoftwareFoundation.Python.3.13_qbz5n2kfra8p0\LocalCache\local-packages\Python313\site-packages\telegram\ext\_updater.py", line 320, in polling_action_cb
    updates = await self.bot.get_updates(
              ^^^^^^^^^^^^^^^^^^^^^^^^^^^
    ...<7 lines>...
    )
    ^
  File "C:\Users\Lenovo\AppData\Local\Packages\PythonSoftwareFoundation.Python.3.13_qbz5n2kfra8p0\LocalCache\local-packages\Python313\site-packages\telegram\ext\_extbot.py", line 543, in get_updates
    updates = await super().get_updates(
              ^^^^^^^^^^^^^^^^^^^^^^^^^^
    ...<9 lines>...
    )
    ^
  File "C:\Users\Lenovo\AppData\Local\Packages\PythonSoftwareFoundation.Python.3.13_qbz5n2kfra8p0\LocalCache\local-packages\Python313\site-packages\telegram\_bot.py", line 381, in decorator
    result = await func(self, *args, **kwargs)  # skipcq: PYL-E1102
             ^^^^^^^^^^^^^^^^^^^^^^^^^^^^^^^^^
  File "C:\Users\Lenovo\AppData\Local\Packages\PythonSoftwareFoundation.Python.3.13_qbz5n2kfra8p0\LocalCache\local-packages\Python313\site-packages\telegram\_bot.py", line 3661, in get_updates
    await self._post(
    ^^^^^^^^^^^^^^^^^
    ...<7 lines>...
    ),
    ^
  File "C:\Users\Lenovo\AppData\Local\Packages\PythonSoftwareFoundation.Python.3.13_qbz5n2kfra8p0\LocalCache\local-packages\Python313\site-packages\telegram\_bot.py", line 469, in _post
    return await self._do_post(
           ^^^^^^^^^^^^^^^^^^^^
    ...<6 lines>...
    )
    ^
  File "C:\Users\Lenovo\AppData\Local\Packages\PythonSoftwareFoundation.Python.3.13_qbz5n2kfra8p0\LocalCache\local-packages\Python313\site-packages\telegram\ext\_extbot.py", line 325, in _do_post
    return await super()._do_post(
           ^^^^^^^^^^^^^^^^^^^^^^^
    ...<6 lines>...
    )
    ^
  File "C:\Users\Lenovo\AppData\Local\Packages\PythonSoftwareFoundation.Python.3.13_qbz5n2kfra8p0\LocalCache\local-packages\Python313\site-packages\telegram\_bot.py", line 497, in _do_post
    return await request.post(
           ^^^^^^^^^^^^^^^^^^^
    ...<6 lines>...
    )
    ^
  File "C:\Users\Lenovo\AppData\Local\Packages\PythonSoftwareFoundation.Python.3.13_qbz5n2kfra8p0\LocalCache\local-packages\Python313\site-packages\telegram\request\_baserequest.py", line 168, in post
    result = await self._request_wrapper(
             ^^^^^^^^^^^^^^^^^^^^^^^^^^^^
    ...<7 lines>...
    )
    ^
  File "C:\Users\Lenovo\AppData\Local\Packages\PythonSoftwareFoundation.Python.3.13_qbz5n2kfra8p0\LocalCache\local-packages\Python313\site-packages\telegram\request\_baserequest.py", line 330, in _request_wrapper
    raise Conflict(message)
telegram.error.Conflict: Conflict: terminated by other getUpdates request; make sure that only one bot instance is running
2025-09-28 00:02:52,457 - __main__ - ERROR - Update None caused error Conflict: terminated by other getUpdates request; make sure that only one bot instance is running
2025-09-28 00:02:54,302 - httpx - INFO - HTTP Request: POST https://api.telegram.org/bot7481731907:AAGA8Rmu3eC5QUyhUcl4DuaVaH08qA9O4sE/getUpdates "HTTP/1.1 200 OK"
2025-09-28 00:03:00,516 - httpx - INFO - HTTP Request: POST https://api.telegram.org/bot7481731907:AAGA8Rmu3eC5QUyhUcl4DuaVaH08qA9O4sE/getUpdates "HTTP/1.1 409 Conflict"
2025-09-28 00:03:00,517 - telegram.ext.Updater - ERROR - Error while getting Updates: Conflict: terminated by other getUpdates request; make sure that only one bot instance is running
2025-09-28 00:03:00,518 - __main__ - ERROR - Exception while handling an update:
Traceback (most recent call last):
  File "C:\Users\Lenovo\AppData\Local\Packages\PythonSoftwareFoundation.Python.3.13_qbz5n2kfra8p0\LocalCache\local-packages\Python313\site-packages\telegram\ext\_updater.py", line 607, in _network_loop_retry
    if not await action_cb():
           ^^^^^^^^^^^^^^^^^
  File "C:\Users\Lenovo\AppData\Local\Packages\PythonSoftwareFoundation.Python.3.13_qbz5n2kfra8p0\LocalCache\local-packages\Python313\site-packages\telegram\ext\_updater.py", line 335, in polling_action_cb
    raise exc
  File "C:\Users\Lenovo\AppData\Local\Packages\PythonSoftwareFoundation.Python.3.13_qbz5n2kfra8p0\LocalCache\local-packages\Python313\site-packages\telegram\ext\_updater.py", line 320, in polling_action_cb
    updates = await self.bot.get_updates(
              ^^^^^^^^^^^^^^^^^^^^^^^^^^^
    ...<7 lines>...
    )
    ^
  File "C:\Users\Lenovo\AppData\Local\Packages\PythonSoftwareFoundation.Python.3.13_qbz5n2kfra8p0\LocalCache\local-packages\Python313\site-packages\telegram\ext\_extbot.py", line 543, in get_updates
    updates = await super().get_updates(
              ^^^^^^^^^^^^^^^^^^^^^^^^^^
    ...<9 lines>...
    )
    ^
  File "C:\Users\Lenovo\AppData\Local\Packages\PythonSoftwareFoundation.Python.3.13_qbz5n2kfra8p0\LocalCache\local-packages\Python313\site-packages\telegram\_bot.py", line 381, in decorator
    result = await func(self, *args, **kwargs)  # skipcq: PYL-E1102
             ^^^^^^^^^^^^^^^^^^^^^^^^^^^^^^^^^
  File "C:\Users\Lenovo\AppData\Local\Packages\PythonSoftwareFoundation.Python.3.13_qbz5n2kfra8p0\LocalCache\local-packages\Python313\site-packages\telegram\_bot.py", line 3661, in get_updates
    await self._post(
    ^^^^^^^^^^^^^^^^^
    ...<7 lines>...
    ),
    ^
  File "C:\Users\Lenovo\AppData\Local\Packages\PythonSoftwareFoundation.Python.3.13_qbz5n2kfra8p0\LocalCache\local-packages\Python313\site-packages\telegram\_bot.py", line 469, in _post
    return await self._do_post(
           ^^^^^^^^^^^^^^^^^^^^
    ...<6 lines>...
    )
    ^
  File "C:\Users\Lenovo\AppData\Local\Packages\PythonSoftwareFoundation.Python.3.13_qbz5n2kfra8p0\LocalCache\local-packages\Python313\site-packages\telegram\ext\_extbot.py", line 325, in _do_post
    return await super()._do_post(
           ^^^^^^^^^^^^^^^^^^^^^^^
    ...<6 lines>...
    )
    ^
  File "C:\Users\Lenovo\AppData\Local\Packages\PythonSoftwareFoundation.Python.3.13_qbz5n2kfra8p0\LocalCache\local-packages\Python313\site-packages\telegram\_bot.py", line 497, in _do_post
    return await request.post(
           ^^^^^^^^^^^^^^^^^^^
    ...<6 lines>...
    )
    ^
  File "C:\Users\Lenovo\AppData\Local\Packages\PythonSoftwareFoundation.Python.3.13_qbz5n2kfra8p0\LocalCache\local-packages\Python313\site-packages\telegram\request\_baserequest.py", line 168, in post
    result = await self._request_wrapper(
             ^^^^^^^^^^^^^^^^^^^^^^^^^^^^
    ...<7 lines>...
    )
    ^
  File "C:\Users\Lenovo\AppData\Local\Packages\PythonSoftwareFoundation.Python.3.13_qbz5n2kfra8p0\LocalCache\local-packages\Python313\site-packages\telegram\request\_baserequest.py", line 330, in _request_wrapper
    raise Conflict(message)
telegram.error.Conflict: Conflict: terminated by other getUpdates request; make sure that only one bot instance is running
2025-09-28 00:03:00,523 - __main__ - ERROR - Update None caused error Conflict: terminated by other getUpdates request; make sure that only one bot instance is running
2025-09-28 00:03:00,855 - httpx - INFO - HTTP Request: POST https://api.telegram.org/bot7481731907:AAGA8Rmu3eC5QUyhUcl4DuaVaH08qA9O4sE/sendPoll "HTTP/1.1 200 OK"
2025-09-28 00:03:07,955 - httpx - INFO - HTTP Request: POST https://api.telegram.org/bot7481731907:AAGA8Rmu3eC5QUyhUcl4DuaVaH08qA9O4sE/getUpdates "HTTP/1.1 409 Conflict"
2025-09-28 00:03:07,956 - telegram.ext.Updater - ERROR - Error while getting Updates: Conflict: terminated by other getUpdates request; make sure that only one bot instance is running
2025-09-28 00:03:07,957 - __main__ - ERROR - Exception while handling an update:
Traceback (most recent call last):
  File "C:\Users\Lenovo\AppData\Local\Packages\PythonSoftwareFoundation.Python.3.13_qbz5n2kfra8p0\LocalCache\local-packages\Python313\site-packages\telegram\ext\_updater.py", line 607, in _network_loop_retry
    if not await action_cb():
           ^^^^^^^^^^^^^^^^^
  File "C:\Users\Lenovo\AppData\Local\Packages\PythonSoftwareFoundation.Python.3.13_qbz5n2kfra8p0\LocalCache\local-packages\Python313\site-packages\telegram\ext\_updater.py", line 335, in polling_action_cb
    raise exc
  File "C:\Users\Lenovo\AppData\Local\Packages\PythonSoftwareFoundation.Python.3.13_qbz5n2kfra8p0\LocalCache\local-packages\Python313\site-packages\telegram\ext\_updater.py", line 320, in polling_action_cb
    updates = await self.bot.get_updates(
              ^^^^^^^^^^^^^^^^^^^^^^^^^^^
    ...<7 lines>...
    )
    ^
  File "C:\Users\Lenovo\AppData\Local\Packages\PythonSoftwareFoundation.Python.3.13_qbz5n2kfra8p0\LocalCache\local-packages\Python313\site-packages\telegram\ext\_extbot.py", line 543, in get_updates
    updates = await super().get_updates(
              ^^^^^^^^^^^^^^^^^^^^^^^^^^
    ...<9 lines>...
    )
    ^
  File "C:\Users\Lenovo\AppData\Local\Packages\PythonSoftwareFoundation.Python.3.13_qbz5n2kfra8p0\LocalCache\local-packages\Python313\site-packages\telegram\_bot.py", line 381, in decorator
    result = await func(self, *args, **kwargs)  # skipcq: PYL-E1102
             ^^^^^^^^^^^^^^^^^^^^^^^^^^^^^^^^^
  File "C:\Users\Lenovo\AppData\Local\Packages\PythonSoftwareFoundation.Python.3.13_qbz5n2kfra8p0\LocalCache\local-packages\Python313\site-packages\telegram\_bot.py", line 3661, in get_updates
    await self._post(
    ^^^^^^^^^^^^^^^^^
    ...<7 lines>...
    ),
    ^
  File "C:\Users\Lenovo\AppData\Local\Packages\PythonSoftwareFoundation.Python.3.13_qbz5n2kfra8p0\LocalCache\local-packages\Python313\site-packages\telegram\_bot.py", line 469, in _post
    return await self._do_post(
           ^^^^^^^^^^^^^^^^^^^^
    ...<6 lines>...
    )
    ^
  File "C:\Users\Lenovo\AppData\Local\Packages\PythonSoftwareFoundation.Python.3.13_qbz5n2kfra8p0\LocalCache\local-packages\Python313\site-packages\telegram\ext\_extbot.py", line 325, in _do_post
    return await super()._do_post(
           ^^^^^^^^^^^^^^^^^^^^^^^
    ...<6 lines>...
    )
    ^
  File "C:\Users\Lenovo\AppData\Local\Packages\PythonSoftwareFoundation.Python.3.13_qbz5n2kfra8p0\LocalCache\local-packages\Python313\site-packages\telegram\_bot.py", line 497, in _do_post
    return await request.post(
           ^^^^^^^^^^^^^^^^^^^
    ...<6 lines>...
    )
    ^
  File "C:\Users\Lenovo\AppData\Local\Packages\PythonSoftwareFoundation.Python.3.13_qbz5n2kfra8p0\LocalCache\local-packages\Python313\site-packages\telegram\request\_baserequest.py", line 168, in post
    result = await self._request_wrapper(
             ^^^^^^^^^^^^^^^^^^^^^^^^^^^^
    ...<7 lines>...
    )
    ^
  File "C:\Users\Lenovo\AppData\Local\Packages\PythonSoftwareFoundation.Python.3.13_qbz5n2kfra8p0\LocalCache\local-packages\Python313\site-packages\telegram\request\_baserequest.py", line 330, in _request_wrapper
    raise Conflict(message)
telegram.error.Conflict: Conflict: terminated by other getUpdates request; make sure that only one bot instance is running
2025-09-28 00:03:07,962 - __main__ - ERROR - Update None caused error Conflict: terminated by other getUpdates request; make sure that only one bot instance is running
2025-09-28 00:03:10,617 - httpx - INFO - HTTP Request: POST https://api.telegram.org/bot7481731907:AAGA8Rmu3eC5QUyhUcl4DuaVaH08qA9O4sE/getUpdates "HTTP/1.1 200 OK"
2025-09-28 00:03:16,820 - httpx - INFO - HTTP Request: POST https://api.telegram.org/bot7481731907:AAGA8Rmu3eC5QUyhUcl4DuaVaH08qA9O4sE/getUpdates "HTTP/1.1 409 Conflict"
2025-09-28 00:03:16,821 - telegram.ext.Updater - ERROR - Error while getting Updates: Conflict: terminated by other getUpdates request; make sure that only one bot instance is running
2025-09-28 00:03:16,822 - __main__ - ERROR - Exception while handling an update:
Traceback (most recent call last):
  File "C:\Users\Lenovo\AppData\Local\Packages\PythonSoftwareFoundation.Python.3.13_qbz5n2kfra8p0\LocalCache\local-packages\Python313\site-packages\telegram\ext\_updater.py", line 607, in _network_loop_retry
    if not await action_cb():
           ^^^^^^^^^^^^^^^^^
  File "C:\Users\Lenovo\AppData\Local\Packages\PythonSoftwareFoundation.Python.3.13_qbz5n2kfra8p0\LocalCache\local-packages\Python313\site-packages\telegram\ext\_updater.py", line 335, in polling_action_cb
    raise exc
  File "C:\Users\Lenovo\AppData\Local\Packages\PythonSoftwareFoundation.Python.3.13_qbz5n2kfra8p0\LocalCache\local-packages\Python313\site-packages\telegram\ext\_updater.py", line 320, in polling_action_cb
    updates = await self.bot.get_updates(
              ^^^^^^^^^^^^^^^^^^^^^^^^^^^
    ...<7 lines>...
    )
    ^
  File "C:\Users\Lenovo\AppData\Local\Packages\PythonSoftwareFoundation.Python.3.13_qbz5n2kfra8p0\LocalCache\local-packages\Python313\site-packages\telegram\ext\_extbot.py", line 543, in get_updates
    updates = await super().get_updates(
              ^^^^^^^^^^^^^^^^^^^^^^^^^^
    ...<9 lines>...
    )
    ^
  File "C:\Users\Lenovo\AppData\Local\Packages\PythonSoftwareFoundation.Python.3.13_qbz5n2kfra8p0\LocalCache\local-packages\Python313\site-packages\telegram\_bot.py", line 381, in decorator
    result = await func(self, *args, **kwargs)  # skipcq: PYL-E1102
             ^^^^^^^^^^^^^^^^^^^^^^^^^^^^^^^^^
  File "C:\Users\Lenovo\AppData\Local\Packages\PythonSoftwareFoundation.Python.3.13_qbz5n2kfra8p0\LocalCache\local-packages\Python313\site-packages\telegram\_bot.py", line 3661, in get_updates
    await self._post(
    ^^^^^^^^^^^^^^^^^
    ...<7 lines>...
    ),
    ^
  File "C:\Users\Lenovo\AppData\Local\Packages\PythonSoftwareFoundation.Python.3.13_qbz5n2kfra8p0\LocalCache\local-packages\Python313\site-packages\telegram\_bot.py", line 469, in _post
    return await self._do_post(
           ^^^^^^^^^^^^^^^^^^^^
    ...<6 lines>...
    )
    ^
  File "C:\Users\Lenovo\AppData\Local\Packages\PythonSoftwareFoundation.Python.3.13_qbz5n2kfra8p0\LocalCache\local-packages\Python313\site-packages\telegram\ext\_extbot.py", line 325, in _do_post
    return await super()._do_post(
           ^^^^^^^^^^^^^^^^^^^^^^^
    ...<6 lines>...
    )
    ^
  File "C:\Users\Lenovo\AppData\Local\Packages\PythonSoftwareFoundation.Python.3.13_qbz5n2kfra8p0\LocalCache\local-packages\Python313\site-packages\telegram\_bot.py", line 497, in _do_post
    return await request.post(
           ^^^^^^^^^^^^^^^^^^^
    ...<6 lines>...
    )
    ^
  File "C:\Users\Lenovo\AppData\Local\Packages\PythonSoftwareFoundation.Python.3.13_qbz5n2kfra8p0\LocalCache\local-packages\Python313\site-packages\telegram\request\_baserequest.py", line 168, in post
    result = await self._request_wrapper(
             ^^^^^^^^^^^^^^^^^^^^^^^^^^^^
    ...<7 lines>...
    )
    ^
  File "C:\Users\Lenovo\AppData\Local\Packages\PythonSoftwareFoundation.Python.3.13_qbz5n2kfra8p0\LocalCache\local-packages\Python313\site-packages\telegram\request\_baserequest.py", line 330, in _request_wrapper
    raise Conflict(message)
telegram.error.Conflict: Conflict: terminated by other getUpdates request; make sure that only one bot instance is running
2025-09-28 00:03:16,827 - __main__ - ERROR - Update None caused error Conflict: terminated by other getUpdates request; make sure that only one bot instance is running
2025-09-28 00:03:22,248 - httpx - INFO - HTTP Request: POST https://api.telegram.org/bot7481731907:AAGA8Rmu3eC5QUyhUcl4DuaVaH08qA9O4sE/sendPoll "HTTP/1.1 200 OK"
2025-09-28 00:03:24,222 - httpx - INFO - HTTP Request: POST https://api.telegram.org/bot7481731907:AAGA8Rmu3eC5QUyhUcl4DuaVaH08qA9O4sE/getUpdates "HTTP/1.1 409 Conflict"
2025-09-28 00:03:24,223 - telegram.ext.Updater - ERROR - Error while getting Updates: Conflict: terminated by other getUpdates request; make sure that only one bot instance is running
2025-09-28 00:03:24,224 - __main__ - ERROR - Exception while handling an update:
Traceback (most recent call last):
  File "C:\Users\Lenovo\AppData\Local\Packages\PythonSoftwareFoundation.Python.3.13_qbz5n2kfra8p0\LocalCache\local-packages\Python313\site-packages\telegram\ext\_updater.py", line 607, in _network_loop_retry
    if not await action_cb():
           ^^^^^^^^^^^^^^^^^
  File "C:\Users\Lenovo\AppData\Local\Packages\PythonSoftwareFoundation.Python.3.13_qbz5n2kfra8p0\LocalCache\local-packages\Python313\site-packages\telegram\ext\_updater.py", line 335, in polling_action_cb
    raise exc
  File "C:\Users\Lenovo\AppData\Local\Packages\PythonSoftwareFoundation.Python.3.13_qbz5n2kfra8p0\LocalCache\local-packages\Python313\site-packages\telegram\ext\_updater.py", line 320, in polling_action_cb
    updates = await self.bot.get_updates(
              ^^^^^^^^^^^^^^^^^^^^^^^^^^^
    ...<7 lines>...
    )
    ^
  File "C:\Users\Lenovo\AppData\Local\Packages\PythonSoftwareFoundation.Python.3.13_qbz5n2kfra8p0\LocalCache\local-packages\Python313\site-packages\telegram\ext\_extbot.py", line 543, in get_updates
    updates = await super().get_updates(
              ^^^^^^^^^^^^^^^^^^^^^^^^^^
    ...<9 lines>...
    )
    ^
  File "C:\Users\Lenovo\AppData\Local\Packages\PythonSoftwareFoundation.Python.3.13_qbz5n2kfra8p0\LocalCache\local-packages\Python313\site-packages\telegram\_bot.py", line 381, in decorator
    result = await func(self, *args, **kwargs)  # skipcq: PYL-E1102
             ^^^^^^^^^^^^^^^^^^^^^^^^^^^^^^^^^
  File "C:\Users\Lenovo\AppData\Local\Packages\PythonSoftwareFoundation.Python.3.13_qbz5n2kfra8p0\LocalCache\local-packages\Python313\site-packages\telegram\_bot.py", line 3661, in get_updates
    await self._post(
    ^^^^^^^^^^^^^^^^^
    ...<7 lines>...
    ),
    ^
  File "C:\Users\Lenovo\AppData\Local\Packages\PythonSoftwareFoundation.Python.3.13_qbz5n2kfra8p0\LocalCache\local-packages\Python313\site-packages\telegram\_bot.py", line 469, in _post
    return await self._do_post(
           ^^^^^^^^^^^^^^^^^^^^
    ...<6 lines>...
    )
    ^
  File "C:\Users\Lenovo\AppData\Local\Packages\PythonSoftwareFoundation.Python.3.13_qbz5n2kfra8p0\LocalCache\local-packages\Python313\site-packages\telegram\ext\_extbot.py", line 325, in _do_post
    return await super()._do_post(
           ^^^^^^^^^^^^^^^^^^^^^^^
    ...<6 lines>...
    )
    ^
  File "C:\Users\Lenovo\AppData\Local\Packages\PythonSoftwareFoundation.Python.3.13_qbz5n2kfra8p0\LocalCache\local-packages\Python313\site-packages\telegram\_bot.py", line 497, in _do_post
    return await request.post(
           ^^^^^^^^^^^^^^^^^^^
    ...<6 lines>...
    )
    ^
  File "C:\Users\Lenovo\AppData\Local\Packages\PythonSoftwareFoundation.Python.3.13_qbz5n2kfra8p0\LocalCache\local-packages\Python313\site-packages\telegram\request\_baserequest.py", line 168, in post
    result = await self._request_wrapper(
             ^^^^^^^^^^^^^^^^^^^^^^^^^^^^
    ...<7 lines>...
    )
    ^
  File "C:\Users\Lenovo\AppData\Local\Packages\PythonSoftwareFoundation.Python.3.13_qbz5n2kfra8p0\LocalCache\local-packages\Python313\site-packages\telegram\request\_baserequest.py", line 330, in _request_wrapper
    raise Conflict(message)
telegram.error.Conflict: Conflict: terminated by other getUpdates request; make sure that only one bot instance is running
2025-09-28 00:03:24,227 - __main__ - ERROR - Update None caused error Conflict: terminated by other getUpdates request; make sure that only one bot instance is running
2025-09-28 00:03:27,562 - httpx - INFO - HTTP Request: POST https://api.telegram.org/bot7481731907:AAGA8Rmu3eC5QUyhUcl4DuaVaH08qA9O4sE/getUpdates "HTTP/1.1 200 OK"
2025-09-28 00:03:30,606 - httpx - INFO - HTTP Request: POST https://api.telegram.org/bot7481731907:AAGA8Rmu3eC5QUyhUcl4DuaVaH08qA9O4sE/getUpdates "HTTP/1.1 409 Conflict"
2025-09-28 00:03:30,607 - telegram.ext.Updater - ERROR - Error while getting Updates: Conflict: terminated by other getUpdates request; make sure that only one bot instance is running
2025-09-28 00:03:30,608 - __main__ - ERROR - Exception while handling an update:
Traceback (most recent call last):
  File "C:\Users\Lenovo\AppData\Local\Packages\PythonSoftwareFoundation.Python.3.13_qbz5n2kfra8p0\LocalCache\local-packages\Python313\site-packages\telegram\ext\_updater.py", line 607, in _network_loop_retry
    if not await action_cb():
           ^^^^^^^^^^^^^^^^^
  File "C:\Users\Lenovo\AppData\Local\Packages\PythonSoftwareFoundation.Python.3.13_qbz5n2kfra8p0\LocalCache\local-packages\Python313\site-packages\telegram\ext\_updater.py", line 335, in polling_action_cb
    raise exc
  File "C:\Users\Lenovo\AppData\Local\Packages\PythonSoftwareFoundation.Python.3.13_qbz5n2kfra8p0\LocalCache\local-packages\Python313\site-packages\telegram\ext\_updater.py", line 320, in polling_action_cb
    updates = await self.bot.get_updates(
              ^^^^^^^^^^^^^^^^^^^^^^^^^^^
    ...<7 lines>...
    )
    ^
  File "C:\Users\Lenovo\AppData\Local\Packages\PythonSoftwareFoundation.Python.3.13_qbz5n2kfra8p0\LocalCache\local-packages\Python313\site-packages\telegram\ext\_extbot.py", line 543, in get_updates
    updates = await super().get_updates(
              ^^^^^^^^^^^^^^^^^^^^^^^^^^
    ...<9 lines>...
    )
    ^
  File "C:\Users\Lenovo\AppData\Local\Packages\PythonSoftwareFoundation.Python.3.13_qbz5n2kfra8p0\LocalCache\local-packages\Python313\site-packages\telegram\_bot.py", line 381, in decorator
    result = await func(self, *args, **kwargs)  # skipcq: PYL-E1102
             ^^^^^^^^^^^^^^^^^^^^^^^^^^^^^^^^^
  File "C:\Users\Lenovo\AppData\Local\Packages\PythonSoftwareFoundation.Python.3.13_qbz5n2kfra8p0\LocalCache\local-packages\Python313\site-packages\telegram\_bot.py", line 3661, in get_updates
    await self._post(
    ^^^^^^^^^^^^^^^^^
    ...<7 lines>...
    ),
    ^
  File "C:\Users\Lenovo\AppData\Local\Packages\PythonSoftwareFoundation.Python.3.13_qbz5n2kfra8p0\LocalCache\local-packages\Python313\site-packages\telegram\_bot.py", line 469, in _post
    return await self._do_post(
           ^^^^^^^^^^^^^^^^^^^^
    ...<6 lines>...
    )
    ^
  File "C:\Users\Lenovo\AppData\Local\Packages\PythonSoftwareFoundation.Python.3.13_qbz5n2kfra8p0\LocalCache\local-packages\Python313\site-packages\telegram\ext\_extbot.py", line 325, in _do_post
    return await super()._do_post(
           ^^^^^^^^^^^^^^^^^^^^^^^
    ...<6 lines>...
    )
    ^
  File "C:\Users\Lenovo\AppData\Local\Packages\PythonSoftwareFoundation.Python.3.13_qbz5n2kfra8p0\LocalCache\local-packages\Python313\site-packages\telegram\_bot.py", line 497, in _do_post
    return await request.post(
           ^^^^^^^^^^^^^^^^^^^
    ...<6 lines>...
    )
    ^
  File "C:\Users\Lenovo\AppData\Local\Packages\PythonSoftwareFoundation.Python.3.13_qbz5n2kfra8p0\LocalCache\local-packages\Python313\site-packages\telegram\request\_baserequest.py", line 168, in post
    result = await self._request_wrapper(
             ^^^^^^^^^^^^^^^^^^^^^^^^^^^^
    ...<7 lines>...
    )
    ^
  File "C:\Users\Lenovo\AppData\Local\Packages\PythonSoftwareFoundation.Python.3.13_qbz5n2kfra8p0\LocalCache\local-packages\Python313\site-packages\telegram\request\_baserequest.py", line 330, in _request_wrapper
    raise Conflict(message)
telegram.error.Conflict: Conflict: terminated by other getUpdates request; make sure that only one bot instance is running
2025-09-28 00:03:30,612 - __main__ - ERROR - Update None caused error Conflict: terminated by other getUpdates request; make sure that only one bot instance is running
2025-09-28 00:03:41,719 - httpx - INFO - HTTP Request: POST https://api.telegram.org/bot7481731907:AAGA8Rmu3eC5QUyhUcl4DuaVaH08qA9O4sE/getUpdates "HTTP/1.1 409 Conflict"
2025-09-28 00:03:41,721 - telegram.ext.Updater - ERROR - Error while getting Updates: Conflict: terminated by other getUpdates request; make sure that only one bot instance is running
2025-09-28 00:03:41,722 - __main__ - ERROR - Exception while handling an update:
Traceback (most recent call last):
  File "C:\Users\Lenovo\AppData\Local\Packages\PythonSoftwareFoundation.Python.3.13_qbz5n2kfra8p0\LocalCache\local-packages\Python313\site-packages\telegram\ext\_updater.py", line 607, in _network_loop_retry
    if not await action_cb():
           ^^^^^^^^^^^^^^^^^
  File "C:\Users\Lenovo\AppData\Local\Packages\PythonSoftwareFoundation.Python.3.13_qbz5n2kfra8p0\LocalCache\local-packages\Python313\site-packages\telegram\ext\_updater.py", line 335, in polling_action_cb
    raise exc
  File "C:\Users\Lenovo\AppData\Local\Packages\PythonSoftwareFoundation.Python.3.13_qbz5n2kfra8p0\LocalCache\local-packages\Python313\site-packages\telegram\ext\_updater.py", line 320, in polling_action_cb
    updates = await self.bot.get_updates(
              ^^^^^^^^^^^^^^^^^^^^^^^^^^^
    ...<7 lines>...
    )
    ^
  File "C:\Users\Lenovo\AppData\Local\Packages\PythonSoftwareFoundation.Python.3.13_qbz5n2kfra8p0\LocalCache\local-packages\Python313\site-packages\telegram\ext\_extbot.py", line 543, in get_updates
    updates = await super().get_updates(
              ^^^^^^^^^^^^^^^^^^^^^^^^^^
    ...<9 lines>...
    )
    ^
  File "C:\Users\Lenovo\AppData\Local\Packages\PythonSoftwareFoundation.Python.3.13_qbz5n2kfra8p0\LocalCache\local-packages\Python313\site-packages\telegram\_bot.py", line 381, in decorator
    result = await func(self, *args, **kwargs)  # skipcq: PYL-E1102
             ^^^^^^^^^^^^^^^^^^^^^^^^^^^^^^^^^
  File "C:\Users\Lenovo\AppData\Local\Packages\PythonSoftwareFoundation.Python.3.13_qbz5n2kfra8p0\LocalCache\local-packages\Python313\site-packages\telegram\_bot.py", line 3661, in get_updates
    await self._post(
    ^^^^^^^^^^^^^^^^^
    ...<7 lines>...
    ),
    ^
  File "C:\Users\Lenovo\AppData\Local\Packages\PythonSoftwareFoundation.Python.3.13_qbz5n2kfra8p0\LocalCache\local-packages\Python313\site-packages\telegram\_bot.py", line 469, in _post
    return await self._do_post(
           ^^^^^^^^^^^^^^^^^^^^
    ...<6 lines>...
    )
    ^
  File "C:\Users\Lenovo\AppData\Local\Packages\PythonSoftwareFoundation.Python.3.13_qbz5n2kfra8p0\LocalCache\local-packages\Python313\site-packages\telegram\ext\_extbot.py", line 325, in _do_post
    return await super()._do_post(
           ^^^^^^^^^^^^^^^^^^^^^^^
    ...<6 lines>...
    )
    ^
  File "C:\Users\Lenovo\AppData\Local\Packages\PythonSoftwareFoundation.Python.3.13_qbz5n2kfra8p0\LocalCache\local-packages\Python313\site-packages\telegram\_bot.py", line 497, in _do_post
    return await request.post(
           ^^^^^^^^^^^^^^^^^^^
    ...<6 lines>...
    )
    ^
  File "C:\Users\Lenovo\AppData\Local\Packages\PythonSoftwareFoundation.Python.3.13_qbz5n2kfra8p0\LocalCache\local-packages\Python313\site-packages\telegram\request\_baserequest.py", line 168, in post
    result = await self._request_wrapper(
             ^^^^^^^^^^^^^^^^^^^^^^^^^^^^
    ...<7 lines>...
    )
    ^
  File "C:\Users\Lenovo\AppData\Local\Packages\PythonSoftwareFoundation.Python.3.13_qbz5n2kfra8p0\LocalCache\local-packages\Python313\site-packages\telegram\request\_baserequest.py", line 330, in _request_wrapper
    raise Conflict(message)
telegram.error.Conflict: Conflict: terminated by other getUpdates request; make sure that only one bot instance is running
2025-09-28 00:03:41,727 - __main__ - ERROR - Update None caused error Conflict: terminated by other getUpdates request; make sure that only one bot instance is running
2025-09-28 00:03:44,202 - httpx - INFO - HTTP Request: POST https://api.telegram.org/bot7481731907:AAGA8Rmu3eC5QUyhUcl4DuaVaH08qA9O4sE/sendPoll "HTTP/1.1 200 OK"
2025-09-28 00:03:53,230 - httpx - INFO - HTTP Request: POST https://api.telegram.org/bot7481731907:AAGA8Rmu3eC5QUyhUcl4DuaVaH08qA9O4sE/getUpdates "HTTP/1.1 409 Conflict"
2025-09-28 00:03:53,231 - telegram.ext.Updater - ERROR - Error while getting Updates: Conflict: terminated by other getUpdates request; make sure that only one bot instance is running
2025-09-28 00:03:53,232 - __main__ - ERROR - Exception while handling an update:
Traceback (most recent call last):
  File "C:\Users\Lenovo\AppData\Local\Packages\PythonSoftwareFoundation.Python.3.13_qbz5n2kfra8p0\LocalCache\local-packages\Python313\site-packages\telegram\ext\_updater.py", line 607, in _network_loop_retry
    if not await action_cb():
           ^^^^^^^^^^^^^^^^^
  File "C:\Users\Lenovo\AppData\Local\Packages\PythonSoftwareFoundation.Python.3.13_qbz5n2kfra8p0\LocalCache\local-packages\Python313\site-packages\telegram\ext\_updater.py", line 335, in polling_action_cb
    raise exc
  File "C:\Users\Lenovo\AppData\Local\Packages\PythonSoftwareFoundation.Python.3.13_qbz5n2kfra8p0\LocalCache\local-packages\Python313\site-packages\telegram\ext\_updater.py", line 320, in polling_action_cb
    updates = await self.bot.get_updates(
              ^^^^^^^^^^^^^^^^^^^^^^^^^^^
    ...<7 lines>...
    )
    ^
  File "C:\Users\Lenovo\AppData\Local\Packages\PythonSoftwareFoundation.Python.3.13_qbz5n2kfra8p0\LocalCache\local-packages\Python313\site-packages\telegram\ext\_extbot.py", line 543, in get_updates
    updates = await super().get_updates(
              ^^^^^^^^^^^^^^^^^^^^^^^^^^
    ...<9 lines>...
    )
    ^
  File "C:\Users\Lenovo\AppData\Local\Packages\PythonSoftwareFoundation.Python.3.13_qbz5n2kfra8p0\LocalCache\local-packages\Python313\site-packages\telegram\_bot.py", line 381, in decorator
    result = await func(self, *args, **kwargs)  # skipcq: PYL-E1102
             ^^^^^^^^^^^^^^^^^^^^^^^^^^^^^^^^^
  File "C:\Users\Lenovo\AppData\Local\Packages\PythonSoftwareFoundation.Python.3.13_qbz5n2kfra8p0\LocalCache\local-packages\Python313\site-packages\telegram\_bot.py", line 3661, in get_updates
    await self._post(
    ^^^^^^^^^^^^^^^^^
    ...<7 lines>...
    ),
    ^
  File "C:\Users\Lenovo\AppData\Local\Packages\PythonSoftwareFoundation.Python.3.13_qbz5n2kfra8p0\LocalCache\local-packages\Python313\site-packages\telegram\_bot.py", line 469, in _post
    return await self._do_post(
           ^^^^^^^^^^^^^^^^^^^^
    ...<6 lines>...
    )
    ^
  File "C:\Users\Lenovo\AppData\Local\Packages\PythonSoftwareFoundation.Python.3.13_qbz5n2kfra8p0\LocalCache\local-packages\Python313\site-packages\telegram\ext\_extbot.py", line 325, in _do_post
    return await super()._do_post(
           ^^^^^^^^^^^^^^^^^^^^^^^
    ...<6 lines>...
    )
    ^
  File "C:\Users\Lenovo\AppData\Local\Packages\PythonSoftwareFoundation.Python.3.13_qbz5n2kfra8p0\LocalCache\local-packages\Python313\site-packages\telegram\_bot.py", line 497, in _do_post
    return await request.post(
           ^^^^^^^^^^^^^^^^^^^
    ...<6 lines>...
    )
    ^
  File "C:\Users\Lenovo\AppData\Local\Packages\PythonSoftwareFoundation.Python.3.13_qbz5n2kfra8p0\LocalCache\local-packages\Python313\site-packages\telegram\request\_baserequest.py", line 168, in post
    result = await self._request_wrapper(
             ^^^^^^^^^^^^^^^^^^^^^^^^^^^^
    ...<7 lines>...
    )
    ^
  File "C:\Users\Lenovo\AppData\Local\Packages\PythonSoftwareFoundation.Python.3.13_qbz5n2kfra8p0\LocalCache\local-packages\Python313\site-packages\telegram\request\_baserequest.py", line 330, in _request_wrapper
    raise Conflict(message)
telegram.error.Conflict: Conflict: terminated by other getUpdates request; make sure that only one bot instance is running
2025-09-28 00:03:53,237 - __main__ - ERROR - Update None caused error Conflict: terminated by other getUpdates request; make sure that only one bot instance is running
2025-09-28 00:04:01,862 - httpx - INFO - HTTP Request: POST https://api.telegram.org/bot7481731907:AAGA8Rmu3eC5QUyhUcl4DuaVaH08qA9O4sE/getUpdates "HTTP/1.1 409 Conflict"
2025-09-28 00:04:01,863 - telegram.ext.Updater - ERROR - Error while getting Updates: Conflict: terminated by other getUpdates request; make sure that only one bot instance is running
2025-09-28 00:04:01,864 - __main__ - ERROR - Exception while handling an update:
Traceback (most recent call last):
  File "C:\Users\Lenovo\AppData\Local\Packages\PythonSoftwareFoundation.Python.3.13_qbz5n2kfra8p0\LocalCache\local-packages\Python313\site-packages\telegram\ext\_updater.py", line 607, in _network_loop_retry
    if not await action_cb():
           ^^^^^^^^^^^^^^^^^
  File "C:\Users\Lenovo\AppData\Local\Packages\PythonSoftwareFoundation.Python.3.13_qbz5n2kfra8p0\LocalCache\local-packages\Python313\site-packages\telegram\ext\_updater.py", line 335, in polling_action_cb
    raise exc
  File "C:\Users\Lenovo\AppData\Local\Packages\PythonSoftwareFoundation.Python.3.13_qbz5n2kfra8p0\LocalCache\local-packages\Python313\site-packages\telegram\ext\_updater.py", line 320, in polling_action_cb
    updates = await self.bot.get_updates(
              ^^^^^^^^^^^^^^^^^^^^^^^^^^^
    ...<7 lines>...
    )
    ^
  File "C:\Users\Lenovo\AppData\Local\Packages\PythonSoftwareFoundation.Python.3.13_qbz5n2kfra8p0\LocalCache\local-packages\Python313\site-packages\telegram\ext\_extbot.py", line 543, in get_updates
    updates = await super().get_updates(
              ^^^^^^^^^^^^^^^^^^^^^^^^^^
    ...<9 lines>...
    )
    ^
  File "C:\Users\Lenovo\AppData\Local\Packages\PythonSoftwareFoundation.Python.3.13_qbz5n2kfra8p0\LocalCache\local-packages\Python313\site-packages\telegram\_bot.py", line 381, in decorator
    result = await func(self, *args, **kwargs)  # skipcq: PYL-E1102
             ^^^^^^^^^^^^^^^^^^^^^^^^^^^^^^^^^
  File "C:\Users\Lenovo\AppData\Local\Packages\PythonSoftwareFoundation.Python.3.13_qbz5n2kfra8p0\LocalCache\local-packages\Python313\site-packages\telegram\_bot.py", line 3661, in get_updates
    await self._post(
    ^^^^^^^^^^^^^^^^^
    ...<7 lines>...
    ),
    ^
  File "C:\Users\Lenovo\AppData\Local\Packages\PythonSoftwareFoundation.Python.3.13_qbz5n2kfra8p0\LocalCache\local-packages\Python313\site-packages\telegram\_bot.py", line 469, in _post
    return await self._do_post(
           ^^^^^^^^^^^^^^^^^^^^
    ...<6 lines>...
    )
    ^
  File "C:\Users\Lenovo\AppData\Local\Packages\PythonSoftwareFoundation.Python.3.13_qbz5n2kfra8p0\LocalCache\local-packages\Python313\site-packages\telegram\ext\_extbot.py", line 325, in _do_post
    return await super()._do_post(
           ^^^^^^^^^^^^^^^^^^^^^^^
    ...<6 lines>...
    )
    ^
  File "C:\Users\Lenovo\AppData\Local\Packages\PythonSoftwareFoundation.Python.3.13_qbz5n2kfra8p0\LocalCache\local-packages\Python313\site-packages\telegram\_bot.py", line 497, in _do_post
    return await request.post(
           ^^^^^^^^^^^^^^^^^^^
    ...<6 lines>...
    )
    ^
  File "C:\Users\Lenovo\AppData\Local\Packages\PythonSoftwareFoundation.Python.3.13_qbz5n2kfra8p0\LocalCache\local-packages\Python313\site-packages\telegram\request\_baserequest.py", line 168, in post
    result = await self._request_wrapper(
             ^^^^^^^^^^^^^^^^^^^^^^^^^^^^
    ...<7 lines>...
    )
    ^
  File "C:\Users\Lenovo\AppData\Local\Packages\PythonSoftwareFoundation.Python.3.13_qbz5n2kfra8p0\LocalCache\local-packages\Python313\site-packages\telegram\request\_baserequest.py", line 330, in _request_wrapper
    raise Conflict(message)
telegram.error.Conflict: Conflict: terminated by other getUpdates request; make sure that only one bot instance is running
2025-09-28 00:04:01,869 - __main__ - ERROR - Update None caused error Conflict: terminated by other getUpdates request; make sure that only one bot instance is running
2025-09-28 00:04:05,359 - httpx - INFO - HTTP Request: POST https://api.telegram.org/bot7481731907:AAGA8Rmu3eC5QUyhUcl4DuaVaH08qA9O4sE/sendPoll "HTTP/1.1 200 OK"
2025-09-28 00:04:13,582 - httpx - INFO - HTTP Request: POST https://api.telegram.org/bot7481731907:AAGA8Rmu3eC5QUyhUcl4DuaVaH08qA9O4sE/getUpdates "HTTP/1.1 409 Conflict"
2025-09-28 00:04:13,583 - telegram.ext.Updater - ERROR - Error while getting Updates: Conflict: terminated by other getUpdates request; make sure that only one bot instance is running
2025-09-28 00:04:13,583 - __main__ - ERROR - Exception while handling an update:
Traceback (most recent call last):
  File "C:\Users\Lenovo\AppData\Local\Packages\PythonSoftwareFoundation.Python.3.13_qbz5n2kfra8p0\LocalCache\local-packages\Python313\site-packages\telegram\ext\_updater.py", line 607, in _network_loop_retry
    if not await action_cb():
           ^^^^^^^^^^^^^^^^^
  File "C:\Users\Lenovo\AppData\Local\Packages\PythonSoftwareFoundation.Python.3.13_qbz5n2kfra8p0\LocalCache\local-packages\Python313\site-packages\telegram\ext\_updater.py", line 335, in polling_action_cb
    raise exc
  File "C:\Users\Lenovo\AppData\Local\Packages\PythonSoftwareFoundation.Python.3.13_qbz5n2kfra8p0\LocalCache\local-packages\Python313\site-packages\telegram\ext\_updater.py", line 320, in polling_action_cb
    updates = await self.bot.get_updates(
              ^^^^^^^^^^^^^^^^^^^^^^^^^^^
    ...<7 lines>...
    )
    ^
  File "C:\Users\Lenovo\AppData\Local\Packages\PythonSoftwareFoundation.Python.3.13_qbz5n2kfra8p0\LocalCache\local-packages\Python313\site-packages\telegram\ext\_extbot.py", line 543, in get_updates
    updates = await super().get_updates(
              ^^^^^^^^^^^^^^^^^^^^^^^^^^
    ...<9 lines>...
    )
    ^
  File "C:\Users\Lenovo\AppData\Local\Packages\PythonSoftwareFoundation.Python.3.13_qbz5n2kfra8p0\LocalCache\local-packages\Python313\site-packages\telegram\_bot.py", line 381, in decorator
    result = await func(self, *args, **kwargs)  # skipcq: PYL-E1102
             ^^^^^^^^^^^^^^^^^^^^^^^^^^^^^^^^^
  File "C:\Users\Lenovo\AppData\Local\Packages\PythonSoftwareFoundation.Python.3.13_qbz5n2kfra8p0\LocalCache\local-packages\Python313\site-packages\telegram\_bot.py", line 3661, in get_updates
    await self._post(
    ^^^^^^^^^^^^^^^^^
    ...<7 lines>...
    ),
    ^
  File "C:\Users\Lenovo\AppData\Local\Packages\PythonSoftwareFoundation.Python.3.13_qbz5n2kfra8p0\LocalCache\local-packages\Python313\site-packages\telegram\_bot.py", line 469, in _post
    return await self._do_post(
           ^^^^^^^^^^^^^^^^^^^^
    ...<6 lines>...
    )
    ^
  File "C:\Users\Lenovo\AppData\Local\Packages\PythonSoftwareFoundation.Python.3.13_qbz5n2kfra8p0\LocalCache\local-packages\Python313\site-packages\telegram\ext\_extbot.py", line 325, in _do_post
    return await super()._do_post(
           ^^^^^^^^^^^^^^^^^^^^^^^
    ...<6 lines>...
    )
    ^
  File "C:\Users\Lenovo\AppData\Local\Packages\PythonSoftwareFoundation.Python.3.13_qbz5n2kfra8p0\LocalCache\local-packages\Python313\site-packages\telegram\_bot.py", line 497, in _do_post
    return await request.post(
           ^^^^^^^^^^^^^^^^^^^
    ...<6 lines>...
    )
    ^
  File "C:\Users\Lenovo\AppData\Local\Packages\PythonSoftwareFoundation.Python.3.13_qbz5n2kfra8p0\LocalCache\local-packages\Python313\site-packages\telegram\request\_baserequest.py", line 168, in post
    result = await self._request_wrapper(
             ^^^^^^^^^^^^^^^^^^^^^^^^^^^^
    ...<7 lines>...
    )
    ^
  File "C:\Users\Lenovo\AppData\Local\Packages\PythonSoftwareFoundation.Python.3.13_qbz5n2kfra8p0\LocalCache\local-packages\Python313\site-packages\telegram\request\_baserequest.py", line 330, in _request_wrapper
    raise Conflict(message)
telegram.error.Conflict: Conflict: terminated by other getUpdates request; make sure that only one bot instance is running
2025-09-28 00:04:13,588 - __main__ - ERROR - Update None caused error Conflict: terminated by other getUpdates request; make sure that only one bot instance is running
2025-09-28 00:04:26,621 - httpx - INFO - HTTP Request: POST https://api.telegram.org/bot7481731907:AAGA8Rmu3eC5QUyhUcl4DuaVaH08qA9O4sE/sendPoll "HTTP/1.1 200 OK"
2025-09-28 00:04:27,286 - httpx - INFO - HTTP Request: POST https://api.telegram.org/bot7481731907:AAGA8Rmu3eC5QUyhUcl4DuaVaH08qA9O4sE/getUpdates "HTTP/1.1 409 Conflict"
2025-09-28 00:04:27,287 - telegram.ext.Updater - ERROR - Error while getting Updates: Conflict: terminated by other getUpdates request; make sure that only one bot instance is running
2025-09-28 00:04:27,288 - __main__ - ERROR - Exception while handling an update:
Traceback (most recent call last):
  File "C:\Users\Lenovo\AppData\Local\Packages\PythonSoftwareFoundation.Python.3.13_qbz5n2kfra8p0\LocalCache\local-packages\Python313\site-packages\telegram\ext\_updater.py", line 607, in _network_loop_retry
    if not await action_cb():
           ^^^^^^^^^^^^^^^^^
  File "C:\Users\Lenovo\AppData\Local\Packages\PythonSoftwareFoundation.Python.3.13_qbz5n2kfra8p0\LocalCache\local-packages\Python313\site-packages\telegram\ext\_updater.py", line 335, in polling_action_cb
    raise exc
  File "C:\Users\Lenovo\AppData\Local\Packages\PythonSoftwareFoundation.Python.3.13_qbz5n2kfra8p0\LocalCache\local-packages\Python313\site-packages\telegram\ext\_updater.py", line 320, in polling_action_cb
    updates = await self.bot.get_updates(
              ^^^^^^^^^^^^^^^^^^^^^^^^^^^
    ...<7 lines>...
    )
    ^
  File "C:\Users\Lenovo\AppData\Local\Packages\PythonSoftwareFoundation.Python.3.13_qbz5n2kfra8p0\LocalCache\local-packages\Python313\site-packages\telegram\ext\_extbot.py", line 543, in get_updates
    updates = await super().get_updates(
              ^^^^^^^^^^^^^^^^^^^^^^^^^^
    ...<9 lines>...
    )
    ^
  File "C:\Users\Lenovo\AppData\Local\Packages\PythonSoftwareFoundation.Python.3.13_qbz5n2kfra8p0\LocalCache\local-packages\Python313\site-packages\telegram\_bot.py", line 381, in decorator
    result = await func(self, *args, **kwargs)  # skipcq: PYL-E1102
             ^^^^^^^^^^^^^^^^^^^^^^^^^^^^^^^^^
  File "C:\Users\Lenovo\AppData\Local\Packages\PythonSoftwareFoundation.Python.3.13_qbz5n2kfra8p0\LocalCache\local-packages\Python313\site-packages\telegram\_bot.py", line 3661, in get_updates
    await self._post(
    ^^^^^^^^^^^^^^^^^
    ...<7 lines>...
    ),
    ^
  File "C:\Users\Lenovo\AppData\Local\Packages\PythonSoftwareFoundation.Python.3.13_qbz5n2kfra8p0\LocalCache\local-packages\Python313\site-packages\telegram\_bot.py", line 469, in _post
    return await self._do_post(
           ^^^^^^^^^^^^^^^^^^^^
    ...<6 lines>...
    )
    ^
  File "C:\Users\Lenovo\AppData\Local\Packages\PythonSoftwareFoundation.Python.3.13_qbz5n2kfra8p0\LocalCache\local-packages\Python313\site-packages\telegram\ext\_extbot.py", line 325, in _do_post
    return await super()._do_post(
           ^^^^^^^^^^^^^^^^^^^^^^^
    ...<6 lines>...
    )
    ^
  File "C:\Users\Lenovo\AppData\Local\Packages\PythonSoftwareFoundation.Python.3.13_qbz5n2kfra8p0\LocalCache\local-packages\Python313\site-packages\telegram\_bot.py", line 497, in _do_post
    return await request.post(
           ^^^^^^^^^^^^^^^^^^^
    ...<6 lines>...
    )
    ^
  File "C:\Users\Lenovo\AppData\Local\Packages\PythonSoftwareFoundation.Python.3.13_qbz5n2kfra8p0\LocalCache\local-packages\Python313\site-packages\telegram\request\_baserequest.py", line 168, in post
    result = await self._request_wrapper(
             ^^^^^^^^^^^^^^^^^^^^^^^^^^^^
    ...<7 lines>...
    )
    ^
  File "C:\Users\Lenovo\AppData\Local\Packages\PythonSoftwareFoundation.Python.3.13_qbz5n2kfra8p0\LocalCache\local-packages\Python313\site-packages\telegram\request\_baserequest.py", line 330, in _request_wrapper
    raise Conflict(message)
telegram.error.Conflict: Conflict: terminated by other getUpdates request; make sure that only one bot instance is running
2025-09-28 00:04:27,293 - __main__ - ERROR - Update None caused error Conflict: terminated by other getUpdates request; make sure that only one bot instance is running
2025-09-28 00:04:44,499 - httpx - INFO - HTTP Request: POST https://api.telegram.org/bot7481731907:AAGA8Rmu3eC5QUyhUcl4DuaVaH08qA9O4sE/getUpdates "HTTP/1.1 409 Conflict"
2025-09-28 00:04:44,500 - telegram.ext.Updater - ERROR - Error while getting Updates: Conflict: terminated by other getUpdates request; make sure that only one bot instance is running
2025-09-28 00:04:44,501 - __main__ - ERROR - Exception while handling an update:
Traceback (most recent call last):
  File "C:\Users\Lenovo\AppData\Local\Packages\PythonSoftwareFoundation.Python.3.13_qbz5n2kfra8p0\LocalCache\local-packages\Python313\site-packages\telegram\ext\_updater.py", line 607, in _network_loop_retry
    if not await action_cb():
           ^^^^^^^^^^^^^^^^^
  File "C:\Users\Lenovo\AppData\Local\Packages\PythonSoftwareFoundation.Python.3.13_qbz5n2kfra8p0\LocalCache\local-packages\Python313\site-packages\telegram\ext\_updater.py", line 335, in polling_action_cb
    raise exc
  File "C:\Users\Lenovo\AppData\Local\Packages\PythonSoftwareFoundation.Python.3.13_qbz5n2kfra8p0\LocalCache\local-packages\Python313\site-packages\telegram\ext\_updater.py", line 320, in polling_action_cb
    updates = await self.bot.get_updates(
              ^^^^^^^^^^^^^^^^^^^^^^^^^^^
    ...<7 lines>...
    )
    ^
  File "C:\Users\Lenovo\AppData\Local\Packages\PythonSoftwareFoundation.Python.3.13_qbz5n2kfra8p0\LocalCache\local-packages\Python313\site-packages\telegram\ext\_extbot.py", line 543, in get_updates
    updates = await super().get_updates(
              ^^^^^^^^^^^^^^^^^^^^^^^^^^
    ...<9 lines>...
    )
    ^
  File "C:\Users\Lenovo\AppData\Local\Packages\PythonSoftwareFoundation.Python.3.13_qbz5n2kfra8p0\LocalCache\local-packages\Python313\site-packages\telegram\_bot.py", line 381, in decorator
    result = await func(self, *args, **kwargs)  # skipcq: PYL-E1102
             ^^^^^^^^^^^^^^^^^^^^^^^^^^^^^^^^^
  File "C:\Users\Lenovo\AppData\Local\Packages\PythonSoftwareFoundation.Python.3.13_qbz5n2kfra8p0\LocalCache\local-packages\Python313\site-packages\telegram\_bot.py", line 3661, in get_updates
    await self._post(
    ^^^^^^^^^^^^^^^^^
    ...<7 lines>...
    ),
    ^
  File "C:\Users\Lenovo\AppData\Local\Packages\PythonSoftwareFoundation.Python.3.13_qbz5n2kfra8p0\LocalCache\local-packages\Python313\site-packages\telegram\_bot.py", line 469, in _post
    return await self._do_post(
           ^^^^^^^^^^^^^^^^^^^^
    ...<6 lines>...
    )
    ^
  File "C:\Users\Lenovo\AppData\Local\Packages\PythonSoftwareFoundation.Python.3.13_qbz5n2kfra8p0\LocalCache\local-packages\Python313\site-packages\telegram\ext\_extbot.py", line 325, in _do_post
    return await super()._do_post(
           ^^^^^^^^^^^^^^^^^^^^^^^
    ...<6 lines>...
    )
    ^
  File "C:\Users\Lenovo\AppData\Local\Packages\PythonSoftwareFoundation.Python.3.13_qbz5n2kfra8p0\LocalCache\local-packages\Python313\site-packages\telegram\_bot.py", line 497, in _do_post
    return await request.post(
           ^^^^^^^^^^^^^^^^^^^
    ...<6 lines>...
    )
    ^
  File "C:\Users\Lenovo\AppData\Local\Packages\PythonSoftwareFoundation.Python.3.13_qbz5n2kfra8p0\LocalCache\local-packages\Python313\site-packages\telegram\request\_baserequest.py", line 168, in post
    result = await self._request_wrapper(
             ^^^^^^^^^^^^^^^^^^^^^^^^^^^^
    ...<7 lines>...
    )
    ^
  File "C:\Users\Lenovo\AppData\Local\Packages\PythonSoftwareFoundation.Python.3.13_qbz5n2kfra8p0\LocalCache\local-packages\Python313\site-packages\telegram\request\_baserequest.py", line 330, in _request_wrapper
    raise Conflict(message)
telegram.error.Conflict: Conflict: terminated by other getUpdates request; make sure that only one bot instance is running
2025-09-28 00:04:44,506 - __main__ - ERROR - Update None caused error Conflict: terminated by other getUpdates request; make sure that only one bot instance is running
2025-09-28 00:04:48,040 - httpx - INFO - HTTP Request: POST https://api.telegram.org/bot7481731907:AAGA8Rmu3eC5QUyhUcl4DuaVaH08qA9O4sE/sendPoll "HTTP/1.1 200 OK"
2025-09-28 00:05:07,414 - httpx - INFO - HTTP Request: POST https://api.telegram.org/bot7481731907:AAGA8Rmu3eC5QUyhUcl4DuaVaH08qA9O4sE/getUpdates "HTTP/1.1 409 Conflict"
2025-09-28 00:05:07,416 - telegram.ext.Updater - ERROR - Error while getting Updates: Conflict: terminated by other getUpdates request; make sure that only one bot instance is running
2025-09-28 00:05:07,417 - __main__ - ERROR - Exception while handling an update:
Traceback (most recent call last):
  File "C:\Users\Lenovo\AppData\Local\Packages\PythonSoftwareFoundation.Python.3.13_qbz5n2kfra8p0\LocalCache\local-packages\Python313\site-packages\telegram\ext\_updater.py", line 607, in _network_loop_retry
    if not await action_cb():
           ^^^^^^^^^^^^^^^^^
  File "C:\Users\Lenovo\AppData\Local\Packages\PythonSoftwareFoundation.Python.3.13_qbz5n2kfra8p0\LocalCache\local-packages\Python313\site-packages\telegram\ext\_updater.py", line 335, in polling_action_cb
    raise exc
  File "C:\Users\Lenovo\AppData\Local\Packages\PythonSoftwareFoundation.Python.3.13_qbz5n2kfra8p0\LocalCache\local-packages\Python313\site-packages\telegram\ext\_updater.py", line 320, in polling_action_cb
    updates = await self.bot.get_updates(
              ^^^^^^^^^^^^^^^^^^^^^^^^^^^
    ...<7 lines>...
    )
    ^
  File "C:\Users\Lenovo\AppData\Local\Packages\PythonSoftwareFoundation.Python.3.13_qbz5n2kfra8p0\LocalCache\local-packages\Python313\site-packages\telegram\ext\_extbot.py", line 543, in get_updates
    updates = await super().get_updates(
              ^^^^^^^^^^^^^^^^^^^^^^^^^^
    ...<9 lines>...
    )
    ^
  File "C:\Users\Lenovo\AppData\Local\Packages\PythonSoftwareFoundation.Python.3.13_qbz5n2kfra8p0\LocalCache\local-packages\Python313\site-packages\telegram\_bot.py", line 381, in decorator
    result = await func(self, *args, **kwargs)  # skipcq: PYL-E1102
             ^^^^^^^^^^^^^^^^^^^^^^^^^^^^^^^^^
  File "C:\Users\Lenovo\AppData\Local\Packages\PythonSoftwareFoundation.Python.3.13_qbz5n2kfra8p0\LocalCache\local-packages\Python313\site-packages\telegram\_bot.py", line 3661, in get_updates
    await self._post(
    ^^^^^^^^^^^^^^^^^
    ...<7 lines>...
    ),
    ^
  File "C:\Users\Lenovo\AppData\Local\Packages\PythonSoftwareFoundation.Python.3.13_qbz5n2kfra8p0\LocalCache\local-packages\Python313\site-packages\telegram\_bot.py", line 469, in _post
    return await self._do_post(
           ^^^^^^^^^^^^^^^^^^^^
    ...<6 lines>...
    )
    ^
  File "C:\Users\Lenovo\AppData\Local\Packages\PythonSoftwareFoundation.Python.3.13_qbz5n2kfra8p0\LocalCache\local-packages\Python313\site-packages\telegram\ext\_extbot.py", line 325, in _do_post
    return await super()._do_post(
           ^^^^^^^^^^^^^^^^^^^^^^^
    ...<6 lines>...
    )
    ^
  File "C:\Users\Lenovo\AppData\Local\Packages\PythonSoftwareFoundation.Python.3.13_qbz5n2kfra8p0\LocalCache\local-packages\Python313\site-packages\telegram\_bot.py", line 497, in _do_post
    return await request.post(
           ^^^^^^^^^^^^^^^^^^^
    ...<6 lines>...
    )
    ^
  File "C:\Users\Lenovo\AppData\Local\Packages\PythonSoftwareFoundation.Python.3.13_qbz5n2kfra8p0\LocalCache\local-packages\Python313\site-packages\telegram\request\_baserequest.py", line 168, in post
    result = await self._request_wrapper(
             ^^^^^^^^^^^^^^^^^^^^^^^^^^^^
    ...<7 lines>...
    )
    ^
  File "C:\Users\Lenovo\AppData\Local\Packages\PythonSoftwareFoundation.Python.3.13_qbz5n2kfra8p0\LocalCache\local-packages\Python313\site-packages\telegram\request\_baserequest.py", line 330, in _request_wrapper
    raise Conflict(message)
telegram.error.Conflict: Conflict: terminated by other getUpdates request; make sure that only one bot instance is running
2025-09-28 00:05:07,430 - __main__ - ERROR - Update None caused error Conflict: terminated by other getUpdates request; make sure that only one bot instance is running
2025-09-28 00:05:09,365 - httpx - INFO - HTTP Request: POST https://api.telegram.org/bot7481731907:AAGA8Rmu3eC5QUyhUcl4DuaVaH08qA9O4sE/sendPoll "HTTP/1.1 200 OK"
2025-09-28 00:05:30,762 - httpx - INFO - HTTP Request: POST https://api.telegram.org/bot7481731907:AAGA8Rmu3eC5QUyhUcl4DuaVaH08qA9O4sE/sendPoll "HTTP/1.1 200 OK"
2025-09-28 00:05:35,081 - httpx - INFO - HTTP Request: POST https://api.telegram.org/bot7481731907:AAGA8Rmu3eC5QUyhUcl4DuaVaH08qA9O4sE/getUpdates "HTTP/1.1 200 OK"
2025-09-28 00:05:37,423 - httpx - INFO - HTTP Request: POST https://api.telegram.org/bot7481731907:AAGA8Rmu3eC5QUyhUcl4DuaVaH08qA9O4sE/getUpdates "HTTP/1.1 409 Conflict"
2025-09-28 00:05:37,424 - telegram.ext.Updater - ERROR - Error while getting Updates: Conflict: terminated by other getUpdates request; make sure that only one bot instance is running
2025-09-28 00:05:37,425 - __main__ - ERROR - Exception while handling an update:
Traceback (most recent call last):
  File "C:\Users\Lenovo\AppData\Local\Packages\PythonSoftwareFoundation.Python.3.13_qbz5n2kfra8p0\LocalCache\local-packages\Python313\site-packages\telegram\ext\_updater.py", line 607, in _network_loop_retry
    if not await action_cb():
           ^^^^^^^^^^^^^^^^^
  File "C:\Users\Lenovo\AppData\Local\Packages\PythonSoftwareFoundation.Python.3.13_qbz5n2kfra8p0\LocalCache\local-packages\Python313\site-packages\telegram\ext\_updater.py", line 335, in polling_action_cb
    raise exc
  File "C:\Users\Lenovo\AppData\Local\Packages\PythonSoftwareFoundation.Python.3.13_qbz5n2kfra8p0\LocalCache\local-packages\Python313\site-packages\telegram\ext\_updater.py", line 320, in polling_action_cb
    updates = await self.bot.get_updates(
              ^^^^^^^^^^^^^^^^^^^^^^^^^^^
    ...<7 lines>...
    )
    ^
  File "C:\Users\Lenovo\AppData\Local\Packages\PythonSoftwareFoundation.Python.3.13_qbz5n2kfra8p0\LocalCache\local-packages\Python313\site-packages\telegram\ext\_extbot.py", line 543, in get_updates
    updates = await super().get_updates(
              ^^^^^^^^^^^^^^^^^^^^^^^^^^
    ...<9 lines>...
    )
    ^
  File "C:\Users\Lenovo\AppData\Local\Packages\PythonSoftwareFoundation.Python.3.13_qbz5n2kfra8p0\LocalCache\local-packages\Python313\site-packages\telegram\_bot.py", line 381, in decorator
    result = await func(self, *args, **kwargs)  # skipcq: PYL-E1102
             ^^^^^^^^^^^^^^^^^^^^^^^^^^^^^^^^^
  File "C:\Users\Lenovo\AppData\Local\Packages\PythonSoftwareFoundation.Python.3.13_qbz5n2kfra8p0\LocalCache\local-packages\Python313\site-packages\telegram\_bot.py", line 3661, in get_updates
    await self._post(
    ^^^^^^^^^^^^^^^^^
    ...<7 lines>...
    ),
    ^
  File "C:\Users\Lenovo\AppData\Local\Packages\PythonSoftwareFoundation.Python.3.13_qbz5n2kfra8p0\LocalCache\local-packages\Python313\site-packages\telegram\_bot.py", line 469, in _post
    return await self._do_post(
           ^^^^^^^^^^^^^^^^^^^^
    ...<6 lines>...
    )
    ^
  File "C:\Users\Lenovo\AppData\Local\Packages\PythonSoftwareFoundation.Python.3.13_qbz5n2kfra8p0\LocalCache\local-packages\Python313\site-packages\telegram\ext\_extbot.py", line 325, in _do_post
    return await super()._do_post(
           ^^^^^^^^^^^^^^^^^^^^^^^
    ...<6 lines>...
    )
    ^
  File "C:\Users\Lenovo\AppData\Local\Packages\PythonSoftwareFoundation.Python.3.13_qbz5n2kfra8p0\LocalCache\local-packages\Python313\site-packages\telegram\_bot.py", line 497, in _do_post
    return await request.post(
           ^^^^^^^^^^^^^^^^^^^
    ...<6 lines>...
    )
    ^
  File "C:\Users\Lenovo\AppData\Local\Packages\PythonSoftwareFoundation.Python.3.13_qbz5n2kfra8p0\LocalCache\local-packages\Python313\site-packages\telegram\request\_baserequest.py", line 168, in post
    result = await self._request_wrapper(
             ^^^^^^^^^^^^^^^^^^^^^^^^^^^^
    ...<7 lines>...
    )
    ^
  File "C:\Users\Lenovo\AppData\Local\Packages\PythonSoftwareFoundation.Python.3.13_qbz5n2kfra8p0\LocalCache\local-packages\Python313\site-packages\telegram\request\_baserequest.py", line 330, in _request_wrapper
    raise Conflict(message)
telegram.error.Conflict: Conflict: terminated by other getUpdates request; make sure that only one bot instance is running
2025-09-28 00:05:37,431 - __main__ - ERROR - Update None caused error Conflict: terminated by other getUpdates request; make sure that only one bot instance is running
2025-09-28 00:05:44,100 - httpx - INFO - HTTP Request: POST https://api.telegram.org/bot7481731907:AAGA8Rmu3eC5QUyhUcl4DuaVaH08qA9O4sE/getUpdates "HTTP/1.1 409 Conflict"
2025-09-28 00:05:44,102 - telegram.ext.Updater - ERROR - Error while getting Updates: Conflict: terminated by other getUpdates request; make sure that only one bot instance is running
2025-09-28 00:05:44,105 - __main__ - ERROR - Exception while handling an update:
Traceback (most recent call last):
  File "C:\Users\Lenovo\AppData\Local\Packages\PythonSoftwareFoundation.Python.3.13_qbz5n2kfra8p0\LocalCache\local-packages\Python313\site-packages\telegram\ext\_updater.py", line 607, in _network_loop_retry
    if not await action_cb():
           ^^^^^^^^^^^^^^^^^
  File "C:\Users\Lenovo\AppData\Local\Packages\PythonSoftwareFoundation.Python.3.13_qbz5n2kfra8p0\LocalCache\local-packages\Python313\site-packages\telegram\ext\_updater.py", line 335, in polling_action_cb
    raise exc
  File "C:\Users\Lenovo\AppData\Local\Packages\PythonSoftwareFoundation.Python.3.13_qbz5n2kfra8p0\LocalCache\local-packages\Python313\site-packages\telegram\ext\_updater.py", line 320, in polling_action_cb
    updates = await self.bot.get_updates(
              ^^^^^^^^^^^^^^^^^^^^^^^^^^^
    ...<7 lines>...
    )
    ^
  File "C:\Users\Lenovo\AppData\Local\Packages\PythonSoftwareFoundation.Python.3.13_qbz5n2kfra8p0\LocalCache\local-packages\Python313\site-packages\telegram\ext\_extbot.py", line 543, in get_updates
    updates = await super().get_updates(
              ^^^^^^^^^^^^^^^^^^^^^^^^^^
    ...<9 lines>...
    )
    ^
  File "C:\Users\Lenovo\AppData\Local\Packages\PythonSoftwareFoundation.Python.3.13_qbz5n2kfra8p0\LocalCache\local-packages\Python313\site-packages\telegram\_bot.py", line 381, in decorator
    result = await func(self, *args, **kwargs)  # skipcq: PYL-E1102
             ^^^^^^^^^^^^^^^^^^^^^^^^^^^^^^^^^
  File "C:\Users\Lenovo\AppData\Local\Packages\PythonSoftwareFoundation.Python.3.13_qbz5n2kfra8p0\LocalCache\local-packages\Python313\site-packages\telegram\_bot.py", line 3661, in get_updates
    await self._post(
    ^^^^^^^^^^^^^^^^^
    ...<7 lines>...
    ),
    ^
  File "C:\Users\Lenovo\AppData\Local\Packages\PythonSoftwareFoundation.Python.3.13_qbz5n2kfra8p0\LocalCache\local-packages\Python313\site-packages\telegram\_bot.py", line 469, in _post
    return await self._do_post(
           ^^^^^^^^^^^^^^^^^^^^
    ...<6 lines>...
    )
    ^
  File "C:\Users\Lenovo\AppData\Local\Packages\PythonSoftwareFoundation.Python.3.13_qbz5n2kfra8p0\LocalCache\local-packages\Python313\site-packages\telegram\ext\_extbot.py", line 325, in _do_post
    return await super()._do_post(
           ^^^^^^^^^^^^^^^^^^^^^^^
    ...<6 lines>...
    )
    ^
  File "C:\Users\Lenovo\AppData\Local\Packages\PythonSoftwareFoundation.Python.3.13_qbz5n2kfra8p0\LocalCache\local-packages\Python313\site-packages\telegram\_bot.py", line 497, in _do_post
    return await request.post(
           ^^^^^^^^^^^^^^^^^^^
    ...<6 lines>...
    )
    ^
  File "C:\Users\Lenovo\AppData\Local\Packages\PythonSoftwareFoundation.Python.3.13_qbz5n2kfra8p0\LocalCache\local-packages\Python313\site-packages\telegram\request\_baserequest.py", line 168, in post
    result = await self._request_wrapper(
             ^^^^^^^^^^^^^^^^^^^^^^^^^^^^
    ...<7 lines>...
    )
    ^
  File "C:\Users\Lenovo\AppData\Local\Packages\PythonSoftwareFoundation.Python.3.13_qbz5n2kfra8p0\LocalCache\local-packages\Python313\site-packages\telegram\request\_baserequest.py", line 330, in _request_wrapper
    raise Conflict(message)
telegram.error.Conflict: Conflict: terminated by other getUpdates request; make sure that only one bot instance is running
2025-09-28 00:05:44,121 - __main__ - ERROR - Update None caused error Conflict: terminated by other getUpdates request; make sure that only one bot instance is running
2025-09-28 00:05:52,160 - httpx - INFO - HTTP Request: POST https://api.telegram.org/bot7481731907:AAGA8Rmu3eC5QUyhUcl4DuaVaH08qA9O4sE/sendPoll "HTTP/1.1 200 OK"
2025-09-28 00:05:52,371 - httpx - INFO - HTTP Request: POST https://api.telegram.org/bot7481731907:AAGA8Rmu3eC5QUyhUcl4DuaVaH08qA9O4sE/getUpdates "HTTP/1.1 409 Conflict"
2025-09-28 00:05:52,373 - telegram.ext.Updater - ERROR - Error while getting Updates: Conflict: terminated by other getUpdates request; make sure that only one bot instance is running
2025-09-28 00:05:52,373 - __main__ - ERROR - Exception while handling an update:
Traceback (most recent call last):
  File "C:\Users\Lenovo\AppData\Local\Packages\PythonSoftwareFoundation.Python.3.13_qbz5n2kfra8p0\LocalCache\local-packages\Python313\site-packages\telegram\ext\_updater.py", line 607, in _network_loop_retry
    if not await action_cb():
           ^^^^^^^^^^^^^^^^^
  File "C:\Users\Lenovo\AppData\Local\Packages\PythonSoftwareFoundation.Python.3.13_qbz5n2kfra8p0\LocalCache\local-packages\Python313\site-packages\telegram\ext\_updater.py", line 335, in polling_action_cb
    raise exc
  File "C:\Users\Lenovo\AppData\Local\Packages\PythonSoftwareFoundation.Python.3.13_qbz5n2kfra8p0\LocalCache\local-packages\Python313\site-packages\telegram\ext\_updater.py", line 320, in polling_action_cb
    updates = await self.bot.get_updates(
              ^^^^^^^^^^^^^^^^^^^^^^^^^^^
    ...<7 lines>...
    )
    ^
  File "C:\Users\Lenovo\AppData\Local\Packages\PythonSoftwareFoundation.Python.3.13_qbz5n2kfra8p0\LocalCache\local-packages\Python313\site-packages\telegram\ext\_extbot.py", line 543, in get_updates
    updates = await super().get_updates(
              ^^^^^^^^^^^^^^^^^^^^^^^^^^
    ...<9 lines>...
    )
    ^
  File "C:\Users\Lenovo\AppData\Local\Packages\PythonSoftwareFoundation.Python.3.13_qbz5n2kfra8p0\LocalCache\local-packages\Python313\site-packages\telegram\_bot.py", line 381, in decorator
    result = await func(self, *args, **kwargs)  # skipcq: PYL-E1102
             ^^^^^^^^^^^^^^^^^^^^^^^^^^^^^^^^^
  File "C:\Users\Lenovo\AppData\Local\Packages\PythonSoftwareFoundation.Python.3.13_qbz5n2kfra8p0\LocalCache\local-packages\Python313\site-packages\telegram\_bot.py", line 3661, in get_updates
    await self._post(
    ^^^^^^^^^^^^^^^^^
    ...<7 lines>...
    ),
    ^
  File "C:\Users\Lenovo\AppData\Local\Packages\PythonSoftwareFoundation.Python.3.13_qbz5n2kfra8p0\LocalCache\local-packages\Python313\site-packages\telegram\_bot.py", line 469, in _post
    return await self._do_post(
           ^^^^^^^^^^^^^^^^^^^^
    ...<6 lines>...
    )
    ^
  File "C:\Users\Lenovo\AppData\Local\Packages\PythonSoftwareFoundation.Python.3.13_qbz5n2kfra8p0\LocalCache\local-packages\Python313\site-packages\telegram\ext\_extbot.py", line 325, in _do_post
    return await super()._do_post(
           ^^^^^^^^^^^^^^^^^^^^^^^
    ...<6 lines>...
    )
    ^
  File "C:\Users\Lenovo\AppData\Local\Packages\PythonSoftwareFoundation.Python.3.13_qbz5n2kfra8p0\LocalCache\local-packages\Python313\site-packages\telegram\_bot.py", line 497, in _do_post
    return await request.post(
           ^^^^^^^^^^^^^^^^^^^
    ...<6 lines>...
    )
    ^
  File "C:\Users\Lenovo\AppData\Local\Packages\PythonSoftwareFoundation.Python.3.13_qbz5n2kfra8p0\LocalCache\local-packages\Python313\site-packages\telegram\request\_baserequest.py", line 168, in post
    result = await self._request_wrapper(
             ^^^^^^^^^^^^^^^^^^^^^^^^^^^^
    ...<7 lines>...
    )
    ^
  File "C:\Users\Lenovo\AppData\Local\Packages\PythonSoftwareFoundation.Python.3.13_qbz5n2kfra8p0\LocalCache\local-packages\Python313\site-packages\telegram\request\_baserequest.py", line 330, in _request_wrapper
    raise Conflict(message)
telegram.error.Conflict: Conflict: terminated by other getUpdates request; make sure that only one bot instance is running
2025-09-28 00:05:52,378 - __main__ - ERROR - Update None caused error Conflict: terminated by other getUpdates request; make sure that only one bot instance is running
2025-09-28 00:05:59,842 - httpx - INFO - HTTP Request: POST https://api.telegram.org/bot7481731907:AAGA8Rmu3eC5QUyhUcl4DuaVaH08qA9O4sE/getUpdates "HTTP/1.1 409 Conflict"
2025-09-28 00:05:59,843 - telegram.ext.Updater - ERROR - Error while getting Updates: Conflict: terminated by other getUpdates request; make sure that only one bot instance is running
2025-09-28 00:05:59,844 - __main__ - ERROR - Exception while handling an update:
Traceback (most recent call last):
  File "C:\Users\Lenovo\AppData\Local\Packages\PythonSoftwareFoundation.Python.3.13_qbz5n2kfra8p0\LocalCache\local-packages\Python313\site-packages\telegram\ext\_updater.py", line 607, in _network_loop_retry
    if not await action_cb():
           ^^^^^^^^^^^^^^^^^
  File "C:\Users\Lenovo\AppData\Local\Packages\PythonSoftwareFoundation.Python.3.13_qbz5n2kfra8p0\LocalCache\local-packages\Python313\site-packages\telegram\ext\_updater.py", line 335, in polling_action_cb
    raise exc
  File "C:\Users\Lenovo\AppData\Local\Packages\PythonSoftwareFoundation.Python.3.13_qbz5n2kfra8p0\LocalCache\local-packages\Python313\site-packages\telegram\ext\_updater.py", line 320, in polling_action_cb
    updates = await self.bot.get_updates(
              ^^^^^^^^^^^^^^^^^^^^^^^^^^^
    ...<7 lines>...
    )
    ^
  File "C:\Users\Lenovo\AppData\Local\Packages\PythonSoftwareFoundation.Python.3.13_qbz5n2kfra8p0\LocalCache\local-packages\Python313\site-packages\telegram\ext\_extbot.py", line 543, in get_updates
    updates = await super().get_updates(
              ^^^^^^^^^^^^^^^^^^^^^^^^^^
    ...<9 lines>...
    )
    ^
  File "C:\Users\Lenovo\AppData\Local\Packages\PythonSoftwareFoundation.Python.3.13_qbz5n2kfra8p0\LocalCache\local-packages\Python313\site-packages\telegram\_bot.py", line 381, in decorator
    result = await func(self, *args, **kwargs)  # skipcq: PYL-E1102
             ^^^^^^^^^^^^^^^^^^^^^^^^^^^^^^^^^
  File "C:\Users\Lenovo\AppData\Local\Packages\PythonSoftwareFoundation.Python.3.13_qbz5n2kfra8p0\LocalCache\local-packages\Python313\site-packages\telegram\_bot.py", line 3661, in get_updates
    await self._post(
    ^^^^^^^^^^^^^^^^^
    ...<7 lines>...
    ),
    ^
  File "C:\Users\Lenovo\AppData\Local\Packages\PythonSoftwareFoundation.Python.3.13_qbz5n2kfra8p0\LocalCache\local-packages\Python313\site-packages\telegram\_bot.py", line 469, in _post
    return await self._do_post(
           ^^^^^^^^^^^^^^^^^^^^
    ...<6 lines>...
    )
    ^
  File "C:\Users\Lenovo\AppData\Local\Packages\PythonSoftwareFoundation.Python.3.13_qbz5n2kfra8p0\LocalCache\local-packages\Python313\site-packages\telegram\ext\_extbot.py", line 325, in _do_post
    return await super()._do_post(
           ^^^^^^^^^^^^^^^^^^^^^^^
    ...<6 lines>...
    )
    ^
  File "C:\Users\Lenovo\AppData\Local\Packages\PythonSoftwareFoundation.Python.3.13_qbz5n2kfra8p0\LocalCache\local-packages\Python313\site-packages\telegram\_bot.py", line 497, in _do_post
    return await request.post(
           ^^^^^^^^^^^^^^^^^^^
    ...<6 lines>...
    )
    ^
  File "C:\Users\Lenovo\AppData\Local\Packages\PythonSoftwareFoundation.Python.3.13_qbz5n2kfra8p0\LocalCache\local-packages\Python313\site-packages\telegram\request\_baserequest.py", line 168, in post
    result = await self._request_wrapper(
             ^^^^^^^^^^^^^^^^^^^^^^^^^^^^
    ...<7 lines>...
    )
    ^
  File "C:\Users\Lenovo\AppData\Local\Packages\PythonSoftwareFoundation.Python.3.13_qbz5n2kfra8p0\LocalCache\local-packages\Python313\site-packages\telegram\request\_baserequest.py", line 330, in _request_wrapper
    raise Conflict(message)
telegram.error.Conflict: Conflict: terminated by other getUpdates request; make sure that only one bot instance is running
2025-09-28 00:05:59,850 - __main__ - ERROR - Update None caused error Conflict: terminated by other getUpdates request; make sure that only one bot instance is running
2025-09-28 00:06:06,090 - httpx - INFO - HTTP Request: POST https://api.telegram.org/bot7481731907:AAGA8Rmu3eC5QUyhUcl4DuaVaH08qA9O4sE/getUpdates "HTTP/1.1 200 OK"
2025-09-28 00:06:12,534 - httpx - INFO - HTTP Request: POST https://api.telegram.org/bot7481731907:AAGA8Rmu3eC5QUyhUcl4DuaVaH08qA9O4sE/getUpdates "HTTP/1.1 409 Conflict"
2025-09-28 00:06:12,535 - telegram.ext.Updater - ERROR - Error while getting Updates: Conflict: terminated by other getUpdates request; make sure that only one bot instance is running
2025-09-28 00:06:12,536 - __main__ - ERROR - Exception while handling an update:
Traceback (most recent call last):
  File "C:\Users\Lenovo\AppData\Local\Packages\PythonSoftwareFoundation.Python.3.13_qbz5n2kfra8p0\LocalCache\local-packages\Python313\site-packages\telegram\ext\_updater.py", line 607, in _network_loop_retry
    if not await action_cb():
           ^^^^^^^^^^^^^^^^^
  File "C:\Users\Lenovo\AppData\Local\Packages\PythonSoftwareFoundation.Python.3.13_qbz5n2kfra8p0\LocalCache\local-packages\Python313\site-packages\telegram\ext\_updater.py", line 335, in polling_action_cb
    raise exc
  File "C:\Users\Lenovo\AppData\Local\Packages\PythonSoftwareFoundation.Python.3.13_qbz5n2kfra8p0\LocalCache\local-packages\Python313\site-packages\telegram\ext\_updater.py", line 320, in polling_action_cb
    updates = await self.bot.get_updates(
              ^^^^^^^^^^^^^^^^^^^^^^^^^^^
    ...<7 lines>...
    )
    ^
  File "C:\Users\Lenovo\AppData\Local\Packages\PythonSoftwareFoundation.Python.3.13_qbz5n2kfra8p0\LocalCache\local-packages\Python313\site-packages\telegram\ext\_extbot.py", line 543, in get_updates
    updates = await super().get_updates(
              ^^^^^^^^^^^^^^^^^^^^^^^^^^
    ...<9 lines>...
    )
    ^
  File "C:\Users\Lenovo\AppData\Local\Packages\PythonSoftwareFoundation.Python.3.13_qbz5n2kfra8p0\LocalCache\local-packages\Python313\site-packages\telegram\_bot.py", line 381, in decorator
    result = await func(self, *args, **kwargs)  # skipcq: PYL-E1102
             ^^^^^^^^^^^^^^^^^^^^^^^^^^^^^^^^^
  File "C:\Users\Lenovo\AppData\Local\Packages\PythonSoftwareFoundation.Python.3.13_qbz5n2kfra8p0\LocalCache\local-packages\Python313\site-packages\telegram\_bot.py", line 3661, in get_updates
    await self._post(
    ^^^^^^^^^^^^^^^^^
    ...<7 lines>...
    ),
    ^
  File "C:\Users\Lenovo\AppData\Local\Packages\PythonSoftwareFoundation.Python.3.13_qbz5n2kfra8p0\LocalCache\local-packages\Python313\site-packages\telegram\_bot.py", line 469, in _post
    return await self._do_post(
           ^^^^^^^^^^^^^^^^^^^^
    ...<6 lines>...
    )
    ^
  File "C:\Users\Lenovo\AppData\Local\Packages\PythonSoftwareFoundation.Python.3.13_qbz5n2kfra8p0\LocalCache\local-packages\Python313\site-packages\telegram\ext\_extbot.py", line 325, in _do_post
    return await super()._do_post(
           ^^^^^^^^^^^^^^^^^^^^^^^
    ...<6 lines>...
    )
    ^
  File "C:\Users\Lenovo\AppData\Local\Packages\PythonSoftwareFoundation.Python.3.13_qbz5n2kfra8p0\LocalCache\local-packages\Python313\site-packages\telegram\_bot.py", line 497, in _do_post
    return await request.post(
           ^^^^^^^^^^^^^^^^^^^
    ...<6 lines>...
    )
    ^
  File "C:\Users\Lenovo\AppData\Local\Packages\PythonSoftwareFoundation.Python.3.13_qbz5n2kfra8p0\LocalCache\local-packages\Python313\site-packages\telegram\request\_baserequest.py", line 168, in post
    result = await self._request_wrapper(
             ^^^^^^^^^^^^^^^^^^^^^^^^^^^^
    ...<7 lines>...
    )
    ^
  File "C:\Users\Lenovo\AppData\Local\Packages\PythonSoftwareFoundation.Python.3.13_qbz5n2kfra8p0\LocalCache\local-packages\Python313\site-packages\telegram\request\_baserequest.py", line 330, in _request_wrapper
    raise Conflict(message)
telegram.error.Conflict: Conflict: terminated by other getUpdates request; make sure that only one bot instance is running
2025-09-28 00:06:12,543 - __main__ - ERROR - Update None caused error Conflict: terminated by other getUpdates request; make sure that only one bot instance is running
2025-09-28 00:06:13,469 - httpx - INFO - HTTP Request: POST https://api.telegram.org/bot7481731907:AAGA8Rmu3eC5QUyhUcl4DuaVaH08qA9O4sE/sendPoll "HTTP/1.1 200 OK"
2025-09-28 00:06:20,216 - httpx - INFO - HTTP Request: POST https://api.telegram.org/bot7481731907:AAGA8Rmu3eC5QUyhUcl4DuaVaH08qA9O4sE/getUpdates "HTTP/1.1 409 Conflict"
2025-09-28 00:06:20,218 - telegram.ext.Updater - ERROR - Error while getting Updates: Conflict: terminated by other getUpdates request; make sure that only one bot instance is running
2025-09-28 00:06:20,218 - __main__ - ERROR - Exception while handling an update:
Traceback (most recent call last):
  File "C:\Users\Lenovo\AppData\Local\Packages\PythonSoftwareFoundation.Python.3.13_qbz5n2kfra8p0\LocalCache\local-packages\Python313\site-packages\telegram\ext\_updater.py", line 607, in _network_loop_retry
    if not await action_cb():
           ^^^^^^^^^^^^^^^^^
  File "C:\Users\Lenovo\AppData\Local\Packages\PythonSoftwareFoundation.Python.3.13_qbz5n2kfra8p0\LocalCache\local-packages\Python313\site-packages\telegram\ext\_updater.py", line 335, in polling_action_cb
    raise exc
  File "C:\Users\Lenovo\AppData\Local\Packages\PythonSoftwareFoundation.Python.3.13_qbz5n2kfra8p0\LocalCache\local-packages\Python313\site-packages\telegram\ext\_updater.py", line 320, in polling_action_cb
    updates = await self.bot.get_updates(
              ^^^^^^^^^^^^^^^^^^^^^^^^^^^
    ...<7 lines>...
    )
    ^
  File "C:\Users\Lenovo\AppData\Local\Packages\PythonSoftwareFoundation.Python.3.13_qbz5n2kfra8p0\LocalCache\local-packages\Python313\site-packages\telegram\ext\_extbot.py", line 543, in get_updates
    updates = await super().get_updates(
              ^^^^^^^^^^^^^^^^^^^^^^^^^^
    ...<9 lines>...
    )
    ^
  File "C:\Users\Lenovo\AppData\Local\Packages\PythonSoftwareFoundation.Python.3.13_qbz5n2kfra8p0\LocalCache\local-packages\Python313\site-packages\telegram\_bot.py", line 381, in decorator
    result = await func(self, *args, **kwargs)  # skipcq: PYL-E1102
             ^^^^^^^^^^^^^^^^^^^^^^^^^^^^^^^^^
  File "C:\Users\Lenovo\AppData\Local\Packages\PythonSoftwareFoundation.Python.3.13_qbz5n2kfra8p0\LocalCache\local-packages\Python313\site-packages\telegram\_bot.py", line 3661, in get_updates
    await self._post(
    ^^^^^^^^^^^^^^^^^
    ...<7 lines>...
    ),
    ^
  File "C:\Users\Lenovo\AppData\Local\Packages\PythonSoftwareFoundation.Python.3.13_qbz5n2kfra8p0\LocalCache\local-packages\Python313\site-packages\telegram\_bot.py", line 469, in _post
    return await self._do_post(
           ^^^^^^^^^^^^^^^^^^^^
    ...<6 lines>...
    )
    ^
  File "C:\Users\Lenovo\AppData\Local\Packages\PythonSoftwareFoundation.Python.3.13_qbz5n2kfra8p0\LocalCache\local-packages\Python313\site-packages\telegram\ext\_extbot.py", line 325, in _do_post
    return await super()._do_post(
           ^^^^^^^^^^^^^^^^^^^^^^^
    ...<6 lines>...
    )
    ^
  File "C:\Users\Lenovo\AppData\Local\Packages\PythonSoftwareFoundation.Python.3.13_qbz5n2kfra8p0\LocalCache\local-packages\Python313\site-packages\telegram\_bot.py", line 497, in _do_post
    return await request.post(
           ^^^^^^^^^^^^^^^^^^^
    ...<6 lines>...
    )
    ^
  File "C:\Users\Lenovo\AppData\Local\Packages\PythonSoftwareFoundation.Python.3.13_qbz5n2kfra8p0\LocalCache\local-packages\Python313\site-packages\telegram\request\_baserequest.py", line 168, in post
    result = await self._request_wrapper(
             ^^^^^^^^^^^^^^^^^^^^^^^^^^^^
    ...<7 lines>...
    )
    ^
  File "C:\Users\Lenovo\AppData\Local\Packages\PythonSoftwareFoundation.Python.3.13_qbz5n2kfra8p0\LocalCache\local-packages\Python313\site-packages\telegram\request\_baserequest.py", line 330, in _request_wrapper
    raise Conflict(message)
telegram.error.Conflict: Conflict: terminated by other getUpdates request; make sure that only one bot instance is running
2025-09-28 00:06:20,223 - __main__ - ERROR - Update None caused error Conflict: terminated by other getUpdates request; make sure that only one bot instance is running
2025-09-28 00:06:22,929 - httpx - INFO - HTTP Request: POST https://api.telegram.org/bot7481731907:AAGA8Rmu3eC5QUyhUcl4DuaVaH08qA9O4sE/getUpdates "HTTP/1.1 200 OK"
2025-09-28 00:06:29,173 - httpx - INFO - HTTP Request: POST https://api.telegram.org/bot7481731907:AAGA8Rmu3eC5QUyhUcl4DuaVaH08qA9O4sE/getUpdates "HTTP/1.1 409 Conflict"
2025-09-28 00:06:29,174 - telegram.ext.Updater - ERROR - Error while getting Updates: Conflict: terminated by other getUpdates request; make sure that only one bot instance is running
2025-09-28 00:06:29,175 - __main__ - ERROR - Exception while handling an update:
Traceback (most recent call last):
  File "C:\Users\Lenovo\AppData\Local\Packages\PythonSoftwareFoundation.Python.3.13_qbz5n2kfra8p0\LocalCache\local-packages\Python313\site-packages\telegram\ext\_updater.py", line 607, in _network_loop_retry
    if not await action_cb():
           ^^^^^^^^^^^^^^^^^
  File "C:\Users\Lenovo\AppData\Local\Packages\PythonSoftwareFoundation.Python.3.13_qbz5n2kfra8p0\LocalCache\local-packages\Python313\site-packages\telegram\ext\_updater.py", line 335, in polling_action_cb
    raise exc
  File "C:\Users\Lenovo\AppData\Local\Packages\PythonSoftwareFoundation.Python.3.13_qbz5n2kfra8p0\LocalCache\local-packages\Python313\site-packages\telegram\ext\_updater.py", line 320, in polling_action_cb
    updates = await self.bot.get_updates(
              ^^^^^^^^^^^^^^^^^^^^^^^^^^^
    ...<7 lines>...
    )
    ^
  File "C:\Users\Lenovo\AppData\Local\Packages\PythonSoftwareFoundation.Python.3.13_qbz5n2kfra8p0\LocalCache\local-packages\Python313\site-packages\telegram\ext\_extbot.py", line 543, in get_updates
    updates = await super().get_updates(
              ^^^^^^^^^^^^^^^^^^^^^^^^^^
    ...<9 lines>...
    )
    ^
  File "C:\Users\Lenovo\AppData\Local\Packages\PythonSoftwareFoundation.Python.3.13_qbz5n2kfra8p0\LocalCache\local-packages\Python313\site-packages\telegram\_bot.py", line 381, in decorator
    result = await func(self, *args, **kwargs)  # skipcq: PYL-E1102
             ^^^^^^^^^^^^^^^^^^^^^^^^^^^^^^^^^
  File "C:\Users\Lenovo\AppData\Local\Packages\PythonSoftwareFoundation.Python.3.13_qbz5n2kfra8p0\LocalCache\local-packages\Python313\site-packages\telegram\_bot.py", line 3661, in get_updates
    await self._post(
    ^^^^^^^^^^^^^^^^^
    ...<7 lines>...
    ),
    ^
  File "C:\Users\Lenovo\AppData\Local\Packages\PythonSoftwareFoundation.Python.3.13_qbz5n2kfra8p0\LocalCache\local-packages\Python313\site-packages\telegram\_bot.py", line 469, in _post
    return await self._do_post(
           ^^^^^^^^^^^^^^^^^^^^
    ...<6 lines>...
    )
    ^
  File "C:\Users\Lenovo\AppData\Local\Packages\PythonSoftwareFoundation.Python.3.13_qbz5n2kfra8p0\LocalCache\local-packages\Python313\site-packages\telegram\ext\_extbot.py", line 325, in _do_post
    return await super()._do_post(
           ^^^^^^^^^^^^^^^^^^^^^^^
    ...<6 lines>...
    )
    ^
  File "C:\Users\Lenovo\AppData\Local\Packages\PythonSoftwareFoundation.Python.3.13_qbz5n2kfra8p0\LocalCache\local-packages\Python313\site-packages\telegram\_bot.py", line 497, in _do_post
    return await request.post(
           ^^^^^^^^^^^^^^^^^^^
    ...<6 lines>...
    )
    ^
  File "C:\Users\Lenovo\AppData\Local\Packages\PythonSoftwareFoundation.Python.3.13_qbz5n2kfra8p0\LocalCache\local-packages\Python313\site-packages\telegram\request\_baserequest.py", line 168, in post
    result = await self._request_wrapper(
             ^^^^^^^^^^^^^^^^^^^^^^^^^^^^
    ...<7 lines>...
    )
    ^
  File "C:\Users\Lenovo\AppData\Local\Packages\PythonSoftwareFoundation.Python.3.13_qbz5n2kfra8p0\LocalCache\local-packages\Python313\site-packages\telegram\request\_baserequest.py", line 330, in _request_wrapper
    raise Conflict(message)
telegram.error.Conflict: Conflict: terminated by other getUpdates request; make sure that only one bot instance is running
2025-09-28 00:06:29,179 - __main__ - ERROR - Update None caused error Conflict: terminated by other getUpdates request; make sure that only one bot instance is running
2025-09-28 00:06:34,875 - httpx - INFO - HTTP Request: POST https://api.telegram.org/bot7481731907:AAGA8Rmu3eC5QUyhUcl4DuaVaH08qA9O4sE/sendPoll "HTTP/1.1 200 OK"
2025-09-28 00:06:36,746 - httpx - INFO - HTTP Request: POST https://api.telegram.org/bot7481731907:AAGA8Rmu3eC5QUyhUcl4DuaVaH08qA9O4sE/getUpdates "HTTP/1.1 409 Conflict"
2025-09-28 00:06:36,748 - telegram.ext.Updater - ERROR - Error while getting Updates: Conflict: terminated by other getUpdates request; make sure that only one bot instance is running
2025-09-28 00:06:36,749 - __main__ - ERROR - Exception while handling an update:
Traceback (most recent call last):
  File "C:\Users\Lenovo\AppData\Local\Packages\PythonSoftwareFoundation.Python.3.13_qbz5n2kfra8p0\LocalCache\local-packages\Python313\site-packages\telegram\ext\_updater.py", line 607, in _network_loop_retry
    if not await action_cb():
           ^^^^^^^^^^^^^^^^^
  File "C:\Users\Lenovo\AppData\Local\Packages\PythonSoftwareFoundation.Python.3.13_qbz5n2kfra8p0\LocalCache\local-packages\Python313\site-packages\telegram\ext\_updater.py", line 335, in polling_action_cb
    raise exc
  File "C:\Users\Lenovo\AppData\Local\Packages\PythonSoftwareFoundation.Python.3.13_qbz5n2kfra8p0\LocalCache\local-packages\Python313\site-packages\telegram\ext\_updater.py", line 320, in polling_action_cb
    updates = await self.bot.get_updates(
              ^^^^^^^^^^^^^^^^^^^^^^^^^^^
    ...<7 lines>...
    )
    ^
  File "C:\Users\Lenovo\AppData\Local\Packages\PythonSoftwareFoundation.Python.3.13_qbz5n2kfra8p0\LocalCache\local-packages\Python313\site-packages\telegram\ext\_extbot.py", line 543, in get_updates
    updates = await super().get_updates(
              ^^^^^^^^^^^^^^^^^^^^^^^^^^
    ...<9 lines>...
    )
    ^
  File "C:\Users\Lenovo\AppData\Local\Packages\PythonSoftwareFoundation.Python.3.13_qbz5n2kfra8p0\LocalCache\local-packages\Python313\site-packages\telegram\_bot.py", line 381, in decorator
    result = await func(self, *args, **kwargs)  # skipcq: PYL-E1102
             ^^^^^^^^^^^^^^^^^^^^^^^^^^^^^^^^^
  File "C:\Users\Lenovo\AppData\Local\Packages\PythonSoftwareFoundation.Python.3.13_qbz5n2kfra8p0\LocalCache\local-packages\Python313\site-packages\telegram\_bot.py", line 3661, in get_updates
    await self._post(
    ^^^^^^^^^^^^^^^^^
    ...<7 lines>...
    ),
    ^
  File "C:\Users\Lenovo\AppData\Local\Packages\PythonSoftwareFoundation.Python.3.13_qbz5n2kfra8p0\LocalCache\local-packages\Python313\site-packages\telegram\_bot.py", line 469, in _post
    return await self._do_post(
           ^^^^^^^^^^^^^^^^^^^^
    ...<6 lines>...
    )
    ^
  File "C:\Users\Lenovo\AppData\Local\Packages\PythonSoftwareFoundation.Python.3.13_qbz5n2kfra8p0\LocalCache\local-packages\Python313\site-packages\telegram\ext\_extbot.py", line 325, in _do_post
    return await super()._do_post(
           ^^^^^^^^^^^^^^^^^^^^^^^
    ...<6 lines>...
    )
    ^
  File "C:\Users\Lenovo\AppData\Local\Packages\PythonSoftwareFoundation.Python.3.13_qbz5n2kfra8p0\LocalCache\local-packages\Python313\site-packages\telegram\_bot.py", line 497, in _do_post
    return await request.post(
           ^^^^^^^^^^^^^^^^^^^
    ...<6 lines>...
    )
    ^
  File "C:\Users\Lenovo\AppData\Local\Packages\PythonSoftwareFoundation.Python.3.13_qbz5n2kfra8p0\LocalCache\local-packages\Python313\site-packages\telegram\request\_baserequest.py", line 168, in post
    result = await self._request_wrapper(
             ^^^^^^^^^^^^^^^^^^^^^^^^^^^^
    ...<7 lines>...
    )
    ^
  File "C:\Users\Lenovo\AppData\Local\Packages\PythonSoftwareFoundation.Python.3.13_qbz5n2kfra8p0\LocalCache\local-packages\Python313\site-packages\telegram\request\_baserequest.py", line 330, in _request_wrapper
    raise Conflict(message)
telegram.error.Conflict: Conflict: terminated by other getUpdates request; make sure that only one bot instance is running
2025-09-28 00:06:36,754 - __main__ - ERROR - Update None caused error Conflict: terminated by other getUpdates request; make sure that only one bot instance is running
2025-09-28 00:06:43,060 - httpx - INFO - HTTP Request: POST https://api.telegram.org/bot7481731907:AAGA8Rmu3eC5QUyhUcl4DuaVaH08qA9O4sE/getUpdates "HTTP/1.1 409 Conflict"
2025-09-28 00:06:43,061 - telegram.ext.Updater - ERROR - Error while getting Updates: Conflict: terminated by other getUpdates request; make sure that only one bot instance is running
2025-09-28 00:06:43,062 - __main__ - ERROR - Exception while handling an update:
Traceback (most recent call last):
  File "C:\Users\Lenovo\AppData\Local\Packages\PythonSoftwareFoundation.Python.3.13_qbz5n2kfra8p0\LocalCache\local-packages\Python313\site-packages\telegram\ext\_updater.py", line 607, in _network_loop_retry
    if not await action_cb():
           ^^^^^^^^^^^^^^^^^
  File "C:\Users\Lenovo\AppData\Local\Packages\PythonSoftwareFoundation.Python.3.13_qbz5n2kfra8p0\LocalCache\local-packages\Python313\site-packages\telegram\ext\_updater.py", line 335, in polling_action_cb
    raise exc
  File "C:\Users\Lenovo\AppData\Local\Packages\PythonSoftwareFoundation.Python.3.13_qbz5n2kfra8p0\LocalCache\local-packages\Python313\site-packages\telegram\ext\_updater.py", line 320, in polling_action_cb
    updates = await self.bot.get_updates(
              ^^^^^^^^^^^^^^^^^^^^^^^^^^^
    ...<7 lines>...
    )
    ^
  File "C:\Users\Lenovo\AppData\Local\Packages\PythonSoftwareFoundation.Python.3.13_qbz5n2kfra8p0\LocalCache\local-packages\Python313\site-packages\telegram\ext\_extbot.py", line 543, in get_updates
    updates = await super().get_updates(
              ^^^^^^^^^^^^^^^^^^^^^^^^^^
    ...<9 lines>...
    )
    ^
  File "C:\Users\Lenovo\AppData\Local\Packages\PythonSoftwareFoundation.Python.3.13_qbz5n2kfra8p0\LocalCache\local-packages\Python313\site-packages\telegram\_bot.py", line 381, in decorator
    result = await func(self, *args, **kwargs)  # skipcq: PYL-E1102
             ^^^^^^^^^^^^^^^^^^^^^^^^^^^^^^^^^
  File "C:\Users\Lenovo\AppData\Local\Packages\PythonSoftwareFoundation.Python.3.13_qbz5n2kfra8p0\LocalCache\local-packages\Python313\site-packages\telegram\_bot.py", line 3661, in get_updates
    await self._post(
    ^^^^^^^^^^^^^^^^^
    ...<7 lines>...
    ),
    ^
  File "C:\Users\Lenovo\AppData\Local\Packages\PythonSoftwareFoundation.Python.3.13_qbz5n2kfra8p0\LocalCache\local-packages\Python313\site-packages\telegram\_bot.py", line 469, in _post
    return await self._do_post(
           ^^^^^^^^^^^^^^^^^^^^
    ...<6 lines>...
    )
    ^
  File "C:\Users\Lenovo\AppData\Local\Packages\PythonSoftwareFoundation.Python.3.13_qbz5n2kfra8p0\LocalCache\local-packages\Python313\site-packages\telegram\ext\_extbot.py", line 325, in _do_post
    return await super()._do_post(
           ^^^^^^^^^^^^^^^^^^^^^^^
    ...<6 lines>...
    )
    ^
  File "C:\Users\Lenovo\AppData\Local\Packages\PythonSoftwareFoundation.Python.3.13_qbz5n2kfra8p0\LocalCache\local-packages\Python313\site-packages\telegram\_bot.py", line 497, in _do_post
    return await request.post(
           ^^^^^^^^^^^^^^^^^^^
    ...<6 lines>...
    )
    ^
  File "C:\Users\Lenovo\AppData\Local\Packages\PythonSoftwareFoundation.Python.3.13_qbz5n2kfra8p0\LocalCache\local-packages\Python313\site-packages\telegram\request\_baserequest.py", line 168, in post
    result = await self._request_wrapper(
             ^^^^^^^^^^^^^^^^^^^^^^^^^^^^
    ...<7 lines>...
    )
    ^
  File "C:\Users\Lenovo\AppData\Local\Packages\PythonSoftwareFoundation.Python.3.13_qbz5n2kfra8p0\LocalCache\local-packages\Python313\site-packages\telegram\request\_baserequest.py", line 330, in _request_wrapper
    raise Conflict(message)
telegram.error.Conflict: Conflict: terminated by other getUpdates request; make sure that only one bot instance is running
2025-09-28 00:06:43,068 - __main__ - ERROR - Update None caused error Conflict: terminated by other getUpdates request; make sure that only one bot instance is running
2025-09-28 00:06:48,587 - httpx - INFO - HTTP Request: POST https://api.telegram.org/bot7481731907:AAGA8Rmu3eC5QUyhUcl4DuaVaH08qA9O4sE/getUpdates "HTTP/1.1 200 OK"
2025-09-28 00:06:52,977 - httpx - INFO - HTTP Request: POST https://api.telegram.org/bot7481731907:AAGA8Rmu3eC5QUyhUcl4DuaVaH08qA9O4sE/getUpdates "HTTP/1.1 409 Conflict"
2025-09-28 00:06:52,980 - telegram.ext.Updater - ERROR - Error while getting Updates: Conflict: terminated by other getUpdates request; make sure that only one bot instance is running
2025-09-28 00:06:52,980 - __main__ - ERROR - Exception while handling an update:
Traceback (most recent call last):
  File "C:\Users\Lenovo\AppData\Local\Packages\PythonSoftwareFoundation.Python.3.13_qbz5n2kfra8p0\LocalCache\local-packages\Python313\site-packages\telegram\ext\_updater.py", line 607, in _network_loop_retry
    if not await action_cb():
           ^^^^^^^^^^^^^^^^^
  File "C:\Users\Lenovo\AppData\Local\Packages\PythonSoftwareFoundation.Python.3.13_qbz5n2kfra8p0\LocalCache\local-packages\Python313\site-packages\telegram\ext\_updater.py", line 335, in polling_action_cb
    raise exc
  File "C:\Users\Lenovo\AppData\Local\Packages\PythonSoftwareFoundation.Python.3.13_qbz5n2kfra8p0\LocalCache\local-packages\Python313\site-packages\telegram\ext\_updater.py", line 320, in polling_action_cb
    updates = await self.bot.get_updates(
              ^^^^^^^^^^^^^^^^^^^^^^^^^^^
    ...<7 lines>...
    )
    ^
  File "C:\Users\Lenovo\AppData\Local\Packages\PythonSoftwareFoundation.Python.3.13_qbz5n2kfra8p0\LocalCache\local-packages\Python313\site-packages\telegram\ext\_extbot.py", line 543, in get_updates
    updates = await super().get_updates(
              ^^^^^^^^^^^^^^^^^^^^^^^^^^
    ...<9 lines>...
    )
    ^
  File "C:\Users\Lenovo\AppData\Local\Packages\PythonSoftwareFoundation.Python.3.13_qbz5n2kfra8p0\LocalCache\local-packages\Python313\site-packages\telegram\_bot.py", line 381, in decorator
    result = await func(self, *args, **kwargs)  # skipcq: PYL-E1102
             ^^^^^^^^^^^^^^^^^^^^^^^^^^^^^^^^^
  File "C:\Users\Lenovo\AppData\Local\Packages\PythonSoftwareFoundation.Python.3.13_qbz5n2kfra8p0\LocalCache\local-packages\Python313\site-packages\telegram\_bot.py", line 3661, in get_updates
    await self._post(
    ^^^^^^^^^^^^^^^^^
    ...<7 lines>...
    ),
    ^
  File "C:\Users\Lenovo\AppData\Local\Packages\PythonSoftwareFoundation.Python.3.13_qbz5n2kfra8p0\LocalCache\local-packages\Python313\site-packages\telegram\_bot.py", line 469, in _post
    return await self._do_post(
           ^^^^^^^^^^^^^^^^^^^^
    ...<6 lines>...
    )
    ^
  File "C:\Users\Lenovo\AppData\Local\Packages\PythonSoftwareFoundation.Python.3.13_qbz5n2kfra8p0\LocalCache\local-packages\Python313\site-packages\telegram\ext\_extbot.py", line 325, in _do_post
    return await super()._do_post(
           ^^^^^^^^^^^^^^^^^^^^^^^
    ...<6 lines>...
    )
    ^
  File "C:\Users\Lenovo\AppData\Local\Packages\PythonSoftwareFoundation.Python.3.13_qbz5n2kfra8p0\LocalCache\local-packages\Python313\site-packages\telegram\_bot.py", line 497, in _do_post
    return await request.post(
           ^^^^^^^^^^^^^^^^^^^
    ...<6 lines>...
    )
    ^
  File "C:\Users\Lenovo\AppData\Local\Packages\PythonSoftwareFoundation.Python.3.13_qbz5n2kfra8p0\LocalCache\local-packages\Python313\site-packages\telegram\request\_baserequest.py", line 168, in post
    result = await self._request_wrapper(
             ^^^^^^^^^^^^^^^^^^^^^^^^^^^^
    ...<7 lines>...
    )
    ^
  File "C:\Users\Lenovo\AppData\Local\Packages\PythonSoftwareFoundation.Python.3.13_qbz5n2kfra8p0\LocalCache\local-packages\Python313\site-packages\telegram\request\_baserequest.py", line 330, in _request_wrapper
    raise Conflict(message)
telegram.error.Conflict: Conflict: terminated by other getUpdates request; make sure that only one bot instance is running
2025-09-28 00:06:52,985 - __main__ - ERROR - Update None caused error Conflict: terminated by other getUpdates request; make sure that only one bot instance is running
2025-09-28 00:06:56,267 - httpx - INFO - HTTP Request: POST https://api.telegram.org/bot7481731907:AAGA8Rmu3eC5QUyhUcl4DuaVaH08qA9O4sE/sendPoll "HTTP/1.1 200 OK"
2025-09-28 00:07:02,257 - httpx - INFO - HTTP Request: POST https://api.telegram.org/bot7481731907:AAGA8Rmu3eC5QUyhUcl4DuaVaH08qA9O4sE/getUpdates "HTTP/1.1 200 OK"
2025-09-28 00:07:06,710 - httpx - INFO - HTTP Request: POST https://api.telegram.org/bot7481731907:AAGA8Rmu3eC5QUyhUcl4DuaVaH08qA9O4sE/getUpdates "HTTP/1.1 409 Conflict"
2025-09-28 00:07:06,711 - telegram.ext.Updater - ERROR - Error while getting Updates: Conflict: terminated by other getUpdates request; make sure that only one bot instance is running
2025-09-28 00:07:06,711 - __main__ - ERROR - Exception while handling an update:
Traceback (most recent call last):
  File "C:\Users\Lenovo\AppData\Local\Packages\PythonSoftwareFoundation.Python.3.13_qbz5n2kfra8p0\LocalCache\local-packages\Python313\site-packages\telegram\ext\_updater.py", line 607, in _network_loop_retry
    if not await action_cb():
           ^^^^^^^^^^^^^^^^^
  File "C:\Users\Lenovo\AppData\Local\Packages\PythonSoftwareFoundation.Python.3.13_qbz5n2kfra8p0\LocalCache\local-packages\Python313\site-packages\telegram\ext\_updater.py", line 335, in polling_action_cb
    raise exc
  File "C:\Users\Lenovo\AppData\Local\Packages\PythonSoftwareFoundation.Python.3.13_qbz5n2kfra8p0\LocalCache\local-packages\Python313\site-packages\telegram\ext\_updater.py", line 320, in polling_action_cb
    updates = await self.bot.get_updates(
              ^^^^^^^^^^^^^^^^^^^^^^^^^^^
    ...<7 lines>...
    )
    ^
  File "C:\Users\Lenovo\AppData\Local\Packages\PythonSoftwareFoundation.Python.3.13_qbz5n2kfra8p0\LocalCache\local-packages\Python313\site-packages\telegram\ext\_extbot.py", line 543, in get_updates
    updates = await super().get_updates(
              ^^^^^^^^^^^^^^^^^^^^^^^^^^
    ...<9 lines>...
    )
    ^
  File "C:\Users\Lenovo\AppData\Local\Packages\PythonSoftwareFoundation.Python.3.13_qbz5n2kfra8p0\LocalCache\local-packages\Python313\site-packages\telegram\_bot.py", line 381, in decorator
    result = await func(self, *args, **kwargs)  # skipcq: PYL-E1102
             ^^^^^^^^^^^^^^^^^^^^^^^^^^^^^^^^^
  File "C:\Users\Lenovo\AppData\Local\Packages\PythonSoftwareFoundation.Python.3.13_qbz5n2kfra8p0\LocalCache\local-packages\Python313\site-packages\telegram\_bot.py", line 3661, in get_updates
    await self._post(
    ^^^^^^^^^^^^^^^^^
    ...<7 lines>...
    ),
    ^
  File "C:\Users\Lenovo\AppData\Local\Packages\PythonSoftwareFoundation.Python.3.13_qbz5n2kfra8p0\LocalCache\local-packages\Python313\site-packages\telegram\_bot.py", line 469, in _post
    return await self._do_post(
           ^^^^^^^^^^^^^^^^^^^^
    ...<6 lines>...
    )
    ^
  File "C:\Users\Lenovo\AppData\Local\Packages\PythonSoftwareFoundation.Python.3.13_qbz5n2kfra8p0\LocalCache\local-packages\Python313\site-packages\telegram\ext\_extbot.py", line 325, in _do_post
    return await super()._do_post(
           ^^^^^^^^^^^^^^^^^^^^^^^
    ...<6 lines>...
    )
    ^
  File "C:\Users\Lenovo\AppData\Local\Packages\PythonSoftwareFoundation.Python.3.13_qbz5n2kfra8p0\LocalCache\local-packages\Python313\site-packages\telegram\_bot.py", line 497, in _do_post
    return await request.post(
           ^^^^^^^^^^^^^^^^^^^
    ...<6 lines>...
    )
    ^
  File "C:\Users\Lenovo\AppData\Local\Packages\PythonSoftwareFoundation.Python.3.13_qbz5n2kfra8p0\LocalCache\local-packages\Python313\site-packages\telegram\request\_baserequest.py", line 168, in post
    result = await self._request_wrapper(
             ^^^^^^^^^^^^^^^^^^^^^^^^^^^^
    ...<7 lines>...
    )
    ^
  File "C:\Users\Lenovo\AppData\Local\Packages\PythonSoftwareFoundation.Python.3.13_qbz5n2kfra8p0\LocalCache\local-packages\Python313\site-packages\telegram\request\_baserequest.py", line 330, in _request_wrapper
    raise Conflict(message)
telegram.error.Conflict: Conflict: terminated by other getUpdates request; make sure that only one bot instance is running
2025-09-28 00:07:06,718 - __main__ - ERROR - Update None caused error Conflict: terminated by other getUpdates request; make sure that only one bot instance is running
2025-09-28 00:07:17,677 - httpx - INFO - HTTP Request: POST https://api.telegram.org/bot7481731907:AAGA8Rmu3eC5QUyhUcl4DuaVaH08qA9O4sE/sendPoll "HTTP/1.1 200 OK"
2025-09-28 00:07:21,418 - httpx - INFO - HTTP Request: POST https://api.telegram.org/bot7481731907:AAGA8Rmu3eC5QUyhUcl4DuaVaH08qA9O4sE/getUpdates "HTTP/1.1 200 OK"
2025-09-28 00:07:23,847 - httpx - INFO - HTTP Request: POST https://api.telegram.org/bot7481731907:AAGA8Rmu3eC5QUyhUcl4DuaVaH08qA9O4sE/getUpdates "HTTP/1.1 409 Conflict"
2025-09-28 00:07:23,849 - telegram.ext.Updater - ERROR - Error while getting Updates: Conflict: terminated by other getUpdates request; make sure that only one bot instance is running
2025-09-28 00:07:23,849 - __main__ - ERROR - Exception while handling an update:
Traceback (most recent call last):
  File "C:\Users\Lenovo\AppData\Local\Packages\PythonSoftwareFoundation.Python.3.13_qbz5n2kfra8p0\LocalCache\local-packages\Python313\site-packages\telegram\ext\_updater.py", line 607, in _network_loop_retry
    if not await action_cb():
           ^^^^^^^^^^^^^^^^^
  File "C:\Users\Lenovo\AppData\Local\Packages\PythonSoftwareFoundation.Python.3.13_qbz5n2kfra8p0\LocalCache\local-packages\Python313\site-packages\telegram\ext\_updater.py", line 335, in polling_action_cb
    raise exc
  File "C:\Users\Lenovo\AppData\Local\Packages\PythonSoftwareFoundation.Python.3.13_qbz5n2kfra8p0\LocalCache\local-packages\Python313\site-packages\telegram\ext\_updater.py", line 320, in polling_action_cb
    updates = await self.bot.get_updates(
              ^^^^^^^^^^^^^^^^^^^^^^^^^^^
    ...<7 lines>...
    )
    ^
  File "C:\Users\Lenovo\AppData\Local\Packages\PythonSoftwareFoundation.Python.3.13_qbz5n2kfra8p0\LocalCache\local-packages\Python313\site-packages\telegram\ext\_extbot.py", line 543, in get_updates
    updates = await super().get_updates(
              ^^^^^^^^^^^^^^^^^^^^^^^^^^
    ...<9 lines>...
    )
    ^
  File "C:\Users\Lenovo\AppData\Local\Packages\PythonSoftwareFoundation.Python.3.13_qbz5n2kfra8p0\LocalCache\local-packages\Python313\site-packages\telegram\_bot.py", line 381, in decorator
    result = await func(self, *args, **kwargs)  # skipcq: PYL-E1102
             ^^^^^^^^^^^^^^^^^^^^^^^^^^^^^^^^^
  File "C:\Users\Lenovo\AppData\Local\Packages\PythonSoftwareFoundation.Python.3.13_qbz5n2kfra8p0\LocalCache\local-packages\Python313\site-packages\telegram\_bot.py", line 3661, in get_updates
    await self._post(
    ^^^^^^^^^^^^^^^^^
    ...<7 lines>...
    ),
    ^
  File "C:\Users\Lenovo\AppData\Local\Packages\PythonSoftwareFoundation.Python.3.13_qbz5n2kfra8p0\LocalCache\local-packages\Python313\site-packages\telegram\_bot.py", line 469, in _post
    return await self._do_post(
           ^^^^^^^^^^^^^^^^^^^^
    ...<6 lines>...
    )
    ^
  File "C:\Users\Lenovo\AppData\Local\Packages\PythonSoftwareFoundation.Python.3.13_qbz5n2kfra8p0\LocalCache\local-packages\Python313\site-packages\telegram\ext\_extbot.py", line 325, in _do_post
    return await super()._do_post(
           ^^^^^^^^^^^^^^^^^^^^^^^
    ...<6 lines>...
    )
    ^
  File "C:\Users\Lenovo\AppData\Local\Packages\PythonSoftwareFoundation.Python.3.13_qbz5n2kfra8p0\LocalCache\local-packages\Python313\site-packages\telegram\_bot.py", line 497, in _do_post
    return await request.post(
           ^^^^^^^^^^^^^^^^^^^
    ...<6 lines>...
    )
    ^
  File "C:\Users\Lenovo\AppData\Local\Packages\PythonSoftwareFoundation.Python.3.13_qbz5n2kfra8p0\LocalCache\local-packages\Python313\site-packages\telegram\request\_baserequest.py", line 168, in post
    result = await self._request_wrapper(
             ^^^^^^^^^^^^^^^^^^^^^^^^^^^^
    ...<7 lines>...
    )
    ^
  File "C:\Users\Lenovo\AppData\Local\Packages\PythonSoftwareFoundation.Python.3.13_qbz5n2kfra8p0\LocalCache\local-packages\Python313\site-packages\telegram\request\_baserequest.py", line 330, in _request_wrapper
    raise Conflict(message)
telegram.error.Conflict: Conflict: terminated by other getUpdates request; make sure that only one bot instance is running
2025-09-28 00:07:23,854 - __main__ - ERROR - Update None caused error Conflict: terminated by other getUpdates request; make sure that only one bot instance is running
2025-09-28 00:07:38,879 - httpx - INFO - HTTP Request: POST https://api.telegram.org/bot7481731907:AAGA8Rmu3eC5QUyhUcl4DuaVaH08qA9O4sE/sendPoll "HTTP/1.1 200 OK"
2025-09-28 00:07:42,060 - httpx - INFO - HTTP Request: POST https://api.telegram.org/bot7481731907:AAGA8Rmu3eC5QUyhUcl4DuaVaH08qA9O4sE/getUpdates "HTTP/1.1 200 OK"
2025-09-28 00:07:46,742 - httpx - INFO - HTTP Request: POST https://api.telegram.org/bot7481731907:AAGA8Rmu3eC5QUyhUcl4DuaVaH08qA9O4sE/getUpdates "HTTP/1.1 409 Conflict"
2025-09-28 00:07:46,743 - telegram.ext.Updater - ERROR - Error while getting Updates: Conflict: terminated by other getUpdates request; make sure that only one bot instance is running
2025-09-28 00:07:46,744 - __main__ - ERROR - Exception while handling an update:
Traceback (most recent call last):
  File "C:\Users\Lenovo\AppData\Local\Packages\PythonSoftwareFoundation.Python.3.13_qbz5n2kfra8p0\LocalCache\local-packages\Python313\site-packages\telegram\ext\_updater.py", line 607, in _network_loop_retry
    if not await action_cb():
           ^^^^^^^^^^^^^^^^^
  File "C:\Users\Lenovo\AppData\Local\Packages\PythonSoftwareFoundation.Python.3.13_qbz5n2kfra8p0\LocalCache\local-packages\Python313\site-packages\telegram\ext\_updater.py", line 335, in polling_action_cb
    raise exc
  File "C:\Users\Lenovo\AppData\Local\Packages\PythonSoftwareFoundation.Python.3.13_qbz5n2kfra8p0\LocalCache\local-packages\Python313\site-packages\telegram\ext\_updater.py", line 320, in polling_action_cb
    updates = await self.bot.get_updates(
              ^^^^^^^^^^^^^^^^^^^^^^^^^^^
    ...<7 lines>...
    )
    ^
  File "C:\Users\Lenovo\AppData\Local\Packages\PythonSoftwareFoundation.Python.3.13_qbz5n2kfra8p0\LocalCache\local-packages\Python313\site-packages\telegram\ext\_extbot.py", line 543, in get_updates
    updates = await super().get_updates(
              ^^^^^^^^^^^^^^^^^^^^^^^^^^
    ...<9 lines>...
    )
    ^
  File "C:\Users\Lenovo\AppData\Local\Packages\PythonSoftwareFoundation.Python.3.13_qbz5n2kfra8p0\LocalCache\local-packages\Python313\site-packages\telegram\_bot.py", line 381, in decorator
    result = await func(self, *args, **kwargs)  # skipcq: PYL-E1102
             ^^^^^^^^^^^^^^^^^^^^^^^^^^^^^^^^^
  File "C:\Users\Lenovo\AppData\Local\Packages\PythonSoftwareFoundation.Python.3.13_qbz5n2kfra8p0\LocalCache\local-packages\Python313\site-packages\telegram\_bot.py", line 3661, in get_updates
    await self._post(
    ^^^^^^^^^^^^^^^^^
    ...<7 lines>...
    ),
    ^
  File "C:\Users\Lenovo\AppData\Local\Packages\PythonSoftwareFoundation.Python.3.13_qbz5n2kfra8p0\LocalCache\local-packages\Python313\site-packages\telegram\_bot.py", line 469, in _post
    return await self._do_post(
           ^^^^^^^^^^^^^^^^^^^^
    ...<6 lines>...
    )
    ^
  File "C:\Users\Lenovo\AppData\Local\Packages\PythonSoftwareFoundation.Python.3.13_qbz5n2kfra8p0\LocalCache\local-packages\Python313\site-packages\telegram\ext\_extbot.py", line 325, in _do_post
    return await super()._do_post(
           ^^^^^^^^^^^^^^^^^^^^^^^
    ...<6 lines>...
    )
    ^
  File "C:\Users\Lenovo\AppData\Local\Packages\PythonSoftwareFoundation.Python.3.13_qbz5n2kfra8p0\LocalCache\local-packages\Python313\site-packages\telegram\_bot.py", line 497, in _do_post
    return await request.post(
           ^^^^^^^^^^^^^^^^^^^
    ...<6 lines>...
    )
    ^
  File "C:\Users\Lenovo\AppData\Local\Packages\PythonSoftwareFoundation.Python.3.13_qbz5n2kfra8p0\LocalCache\local-packages\Python313\site-packages\telegram\request\_baserequest.py", line 168, in post
    result = await self._request_wrapper(
             ^^^^^^^^^^^^^^^^^^^^^^^^^^^^
    ...<7 lines>...
    )
    ^
  File "C:\Users\Lenovo\AppData\Local\Packages\PythonSoftwareFoundation.Python.3.13_qbz5n2kfra8p0\LocalCache\local-packages\Python313\site-packages\telegram\request\_baserequest.py", line 330, in _request_wrapper
    raise Conflict(message)
telegram.error.Conflict: Conflict: terminated by other getUpdates request; make sure that only one bot instance is running
2025-09-28 00:07:46,750 - __main__ - ERROR - Update None caused error Conflict: terminated by other getUpdates request; make sure that only one bot instance is running
2025-09-28 00:08:00,227 - httpx - INFO - HTTP Request: POST https://api.telegram.org/bot7481731907:AAGA8Rmu3eC5QUyhUcl4DuaVaH08qA9O4sE/sendPoll "HTTP/1.1 200 OK"
2025-09-28 00:08:08,871 - httpx - INFO - HTTP Request: POST https://api.telegram.org/bot7481731907:AAGA8Rmu3eC5QUyhUcl4DuaVaH08qA9O4sE/getUpdates "HTTP/1.1 200 OK"
2025-09-28 00:08:18,389 - httpx - INFO - HTTP Request: POST https://api.telegram.org/bot7481731907:AAGA8Rmu3eC5QUyhUcl4DuaVaH08qA9O4sE/getUpdates "HTTP/1.1 409 Conflict"
2025-09-28 00:08:18,391 - telegram.ext.Updater - ERROR - Error while getting Updates: Conflict: terminated by other getUpdates request; make sure that only one bot instance is running
2025-09-28 00:08:18,392 - __main__ - ERROR - Exception while handling an update:
Traceback (most recent call last):
  File "C:\Users\Lenovo\AppData\Local\Packages\PythonSoftwareFoundation.Python.3.13_qbz5n2kfra8p0\LocalCache\local-packages\Python313\site-packages\telegram\ext\_updater.py", line 607, in _network_loop_retry
    if not await action_cb():
           ^^^^^^^^^^^^^^^^^
  File "C:\Users\Lenovo\AppData\Local\Packages\PythonSoftwareFoundation.Python.3.13_qbz5n2kfra8p0\LocalCache\local-packages\Python313\site-packages\telegram\ext\_updater.py", line 335, in polling_action_cb
    raise exc
  File "C:\Users\Lenovo\AppData\Local\Packages\PythonSoftwareFoundation.Python.3.13_qbz5n2kfra8p0\LocalCache\local-packages\Python313\site-packages\telegram\ext\_updater.py", line 320, in polling_action_cb
    updates = await self.bot.get_updates(
              ^^^^^^^^^^^^^^^^^^^^^^^^^^^
    ...<7 lines>...
    )
    ^
  File "C:\Users\Lenovo\AppData\Local\Packages\PythonSoftwareFoundation.Python.3.13_qbz5n2kfra8p0\LocalCache\local-packages\Python313\site-packages\telegram\ext\_extbot.py", line 543, in get_updates
    updates = await super().get_updates(
              ^^^^^^^^^^^^^^^^^^^^^^^^^^
    ...<9 lines>...
    )
    ^
  File "C:\Users\Lenovo\AppData\Local\Packages\PythonSoftwareFoundation.Python.3.13_qbz5n2kfra8p0\LocalCache\local-packages\Python313\site-packages\telegram\_bot.py", line 381, in decorator
    result = await func(self, *args, **kwargs)  # skipcq: PYL-E1102
             ^^^^^^^^^^^^^^^^^^^^^^^^^^^^^^^^^
  File "C:\Users\Lenovo\AppData\Local\Packages\PythonSoftwareFoundation.Python.3.13_qbz5n2kfra8p0\LocalCache\local-packages\Python313\site-packages\telegram\_bot.py", line 3661, in get_updates
    await self._post(
    ^^^^^^^^^^^^^^^^^
    ...<7 lines>...
    ),
    ^
  File "C:\Users\Lenovo\AppData\Local\Packages\PythonSoftwareFoundation.Python.3.13_qbz5n2kfra8p0\LocalCache\local-packages\Python313\site-packages\telegram\_bot.py", line 469, in _post
    return await self._do_post(
           ^^^^^^^^^^^^^^^^^^^^
    ...<6 lines>...
    )
    ^
  File "C:\Users\Lenovo\AppData\Local\Packages\PythonSoftwareFoundation.Python.3.13_qbz5n2kfra8p0\LocalCache\local-packages\Python313\site-packages\telegram\ext\_extbot.py", line 325, in _do_post
    return await super()._do_post(
           ^^^^^^^^^^^^^^^^^^^^^^^
    ...<6 lines>...
    )
    ^
  File "C:\Users\Lenovo\AppData\Local\Packages\PythonSoftwareFoundation.Python.3.13_qbz5n2kfra8p0\LocalCache\local-packages\Python313\site-packages\telegram\_bot.py", line 497, in _do_post
    return await request.post(
           ^^^^^^^^^^^^^^^^^^^
    ...<6 lines>...
    )
    ^
  File "C:\Users\Lenovo\AppData\Local\Packages\PythonSoftwareFoundation.Python.3.13_qbz5n2kfra8p0\LocalCache\local-packages\Python313\site-packages\telegram\request\_baserequest.py", line 168, in post
    result = await self._request_wrapper(
             ^^^^^^^^^^^^^^^^^^^^^^^^^^^^
    ...<7 lines>...
    )
    ^
  File "C:\Users\Lenovo\AppData\Local\Packages\PythonSoftwareFoundation.Python.3.13_qbz5n2kfra8p0\LocalCache\local-packages\Python313\site-packages\telegram\request\_baserequest.py", line 330, in _request_wrapper
    raise Conflict(message)
telegram.error.Conflict: Conflict: terminated by other getUpdates request; make sure that only one bot instance is running
2025-09-28 00:08:18,397 - __main__ - ERROR - Update None caused error Conflict: terminated by other getUpdates request; make sure that only one bot instance is running
2025-09-28 00:08:21,371 - httpx - INFO - HTTP Request: POST https://api.telegram.org/bot7481731907:AAGA8Rmu3eC5QUyhUcl4DuaVaH08qA9O4sE/sendPoll "HTTP/1.1 200 OK"
2025-09-28 00:08:27,130 - httpx - INFO - HTTP Request: POST https://api.telegram.org/bot7481731907:AAGA8Rmu3eC5QUyhUcl4DuaVaH08qA9O4sE/getUpdates "HTTP/1.1 200 OK"
2025-09-28 00:08:42,876 - httpx - INFO - HTTP Request: POST https://api.telegram.org/bot7481731907:AAGA8Rmu3eC5QUyhUcl4DuaVaH08qA9O4sE/sendPoll "HTTP/1.1 200 OK"
2025-09-28 00:08:48,410 - httpx - INFO - HTTP Request: POST https://api.telegram.org/bot7481731907:AAGA8Rmu3eC5QUyhUcl4DuaVaH08qA9O4sE/getUpdates "HTTP/1.1 200 OK"
2025-09-28 00:08:54,124 - httpx - INFO - HTTP Request: POST https://api.telegram.org/bot7481731907:AAGA8Rmu3eC5QUyhUcl4DuaVaH08qA9O4sE/getUpdates "HTTP/1.1 409 Conflict"
2025-09-28 00:08:54,125 - telegram.ext.Updater - ERROR - Error while getting Updates: Conflict: terminated by other getUpdates request; make sure that only one bot instance is running
2025-09-28 00:08:54,126 - __main__ - ERROR - Exception while handling an update:
Traceback (most recent call last):
  File "C:\Users\Lenovo\AppData\Local\Packages\PythonSoftwareFoundation.Python.3.13_qbz5n2kfra8p0\LocalCache\local-packages\Python313\site-packages\telegram\ext\_updater.py", line 607, in _network_loop_retry
    if not await action_cb():
           ^^^^^^^^^^^^^^^^^
  File "C:\Users\Lenovo\AppData\Local\Packages\PythonSoftwareFoundation.Python.3.13_qbz5n2kfra8p0\LocalCache\local-packages\Python313\site-packages\telegram\ext\_updater.py", line 335, in polling_action_cb
    raise exc
  File "C:\Users\Lenovo\AppData\Local\Packages\PythonSoftwareFoundation.Python.3.13_qbz5n2kfra8p0\LocalCache\local-packages\Python313\site-packages\telegram\ext\_updater.py", line 320, in polling_action_cb
    updates = await self.bot.get_updates(
              ^^^^^^^^^^^^^^^^^^^^^^^^^^^
    ...<7 lines>...
    )
    ^
  File "C:\Users\Lenovo\AppData\Local\Packages\PythonSoftwareFoundation.Python.3.13_qbz5n2kfra8p0\LocalCache\local-packages\Python313\site-packages\telegram\ext\_extbot.py", line 543, in get_updates
    updates = await super().get_updates(
              ^^^^^^^^^^^^^^^^^^^^^^^^^^
    ...<9 lines>...
    )
    ^
  File "C:\Users\Lenovo\AppData\Local\Packages\PythonSoftwareFoundation.Python.3.13_qbz5n2kfra8p0\LocalCache\local-packages\Python313\site-packages\telegram\_bot.py", line 381, in decorator
    result = await func(self, *args, **kwargs)  # skipcq: PYL-E1102
             ^^^^^^^^^^^^^^^^^^^^^^^^^^^^^^^^^
  File "C:\Users\Lenovo\AppData\Local\Packages\PythonSoftwareFoundation.Python.3.13_qbz5n2kfra8p0\LocalCache\local-packages\Python313\site-packages\telegram\_bot.py", line 3661, in get_updates
    await self._post(
    ^^^^^^^^^^^^^^^^^
    ...<7 lines>...
    ),
    ^
  File "C:\Users\Lenovo\AppData\Local\Packages\PythonSoftwareFoundation.Python.3.13_qbz5n2kfra8p0\LocalCache\local-packages\Python313\site-packages\telegram\_bot.py", line 469, in _post
    return await self._do_post(
           ^^^^^^^^^^^^^^^^^^^^
    ...<6 lines>...
    )
    ^
  File "C:\Users\Lenovo\AppData\Local\Packages\PythonSoftwareFoundation.Python.3.13_qbz5n2kfra8p0\LocalCache\local-packages\Python313\site-packages\telegram\ext\_extbot.py", line 325, in _do_post
    return await super()._do_post(
           ^^^^^^^^^^^^^^^^^^^^^^^
    ...<6 lines>...
    )
    ^
  File "C:\Users\Lenovo\AppData\Local\Packages\PythonSoftwareFoundation.Python.3.13_qbz5n2kfra8p0\LocalCache\local-packages\Python313\site-packages\telegram\_bot.py", line 497, in _do_post
    return await request.post(
           ^^^^^^^^^^^^^^^^^^^
    ...<6 lines>...
    )
    ^
  File "C:\Users\Lenovo\AppData\Local\Packages\PythonSoftwareFoundation.Python.3.13_qbz5n2kfra8p0\LocalCache\local-packages\Python313\site-packages\telegram\request\_baserequest.py", line 168, in post
    result = await self._request_wrapper(
             ^^^^^^^^^^^^^^^^^^^^^^^^^^^^
    ...<7 lines>...
    )
    ^
  File "C:\Users\Lenovo\AppData\Local\Packages\PythonSoftwareFoundation.Python.3.13_qbz5n2kfra8p0\LocalCache\local-packages\Python313\site-packages\telegram\request\_baserequest.py", line 330, in _request_wrapper
    raise Conflict(message)
telegram.error.Conflict: Conflict: terminated by other getUpdates request; make sure that only one bot instance is running
2025-09-28 00:08:54,131 - __main__ - ERROR - Update None caused error Conflict: terminated by other getUpdates request; make sure that only one bot instance is running
2025-09-28 00:09:04,282 - httpx - INFO - HTTP Request: POST https://api.telegram.org/bot7481731907:AAGA8Rmu3eC5QUyhUcl4DuaVaH08qA9O4sE/sendPoll "HTTP/1.1 200 OK"
2025-09-28 00:09:10,395 - httpx - INFO - HTTP Request: POST https://api.telegram.org/bot7481731907:AAGA8Rmu3eC5QUyhUcl4DuaVaH08qA9O4sE/getUpdates "HTTP/1.1 200 OK"
2025-09-28 00:09:25,575 - httpx - INFO - HTTP Request: POST https://api.telegram.org/bot7481731907:AAGA8Rmu3eC5QUyhUcl4DuaVaH08qA9O4sE/sendPoll "HTTP/1.1 200 OK"
2025-09-28 00:09:29,970 - httpx - INFO - HTTP Request: POST https://api.telegram.org/bot7481731907:AAGA8Rmu3eC5QUyhUcl4DuaVaH08qA9O4sE/getUpdates "HTTP/1.1 409 Conflict"
2025-09-28 00:09:29,971 - telegram.ext.Updater - ERROR - Error while getting Updates: Conflict: terminated by other getUpdates request; make sure that only one bot instance is running
2025-09-28 00:09:29,972 - __main__ - ERROR - Exception while handling an update:
Traceback (most recent call last):
  File "C:\Users\Lenovo\AppData\Local\Packages\PythonSoftwareFoundation.Python.3.13_qbz5n2kfra8p0\LocalCache\local-packages\Python313\site-packages\telegram\ext\_updater.py", line 607, in _network_loop_retry
    if not await action_cb():
           ^^^^^^^^^^^^^^^^^
  File "C:\Users\Lenovo\AppData\Local\Packages\PythonSoftwareFoundation.Python.3.13_qbz5n2kfra8p0\LocalCache\local-packages\Python313\site-packages\telegram\ext\_updater.py", line 335, in polling_action_cb
    raise exc
  File "C:\Users\Lenovo\AppData\Local\Packages\PythonSoftwareFoundation.Python.3.13_qbz5n2kfra8p0\LocalCache\local-packages\Python313\site-packages\telegram\ext\_updater.py", line 320, in polling_action_cb
    updates = await self.bot.get_updates(
              ^^^^^^^^^^^^^^^^^^^^^^^^^^^
    ...<7 lines>...
    )
    ^
  File "C:\Users\Lenovo\AppData\Local\Packages\PythonSoftwareFoundation.Python.3.13_qbz5n2kfra8p0\LocalCache\local-packages\Python313\site-packages\telegram\ext\_extbot.py", line 543, in get_updates
    updates = await super().get_updates(
              ^^^^^^^^^^^^^^^^^^^^^^^^^^
    ...<9 lines>...
    )
    ^
  File "C:\Users\Lenovo\AppData\Local\Packages\PythonSoftwareFoundation.Python.3.13_qbz5n2kfra8p0\LocalCache\local-packages\Python313\site-packages\telegram\_bot.py", line 381, in decorator
    result = await func(self, *args, **kwargs)  # skipcq: PYL-E1102
             ^^^^^^^^^^^^^^^^^^^^^^^^^^^^^^^^^
  File "C:\Users\Lenovo\AppData\Local\Packages\PythonSoftwareFoundation.Python.3.13_qbz5n2kfra8p0\LocalCache\local-packages\Python313\site-packages\telegram\_bot.py", line 3661, in get_updates
    await self._post(
    ^^^^^^^^^^^^^^^^^
    ...<7 lines>...
    ),
    ^
  File "C:\Users\Lenovo\AppData\Local\Packages\PythonSoftwareFoundation.Python.3.13_qbz5n2kfra8p0\LocalCache\local-packages\Python313\site-packages\telegram\_bot.py", line 469, in _post
    return await self._do_post(
           ^^^^^^^^^^^^^^^^^^^^
    ...<6 lines>...
    )
    ^
  File "C:\Users\Lenovo\AppData\Local\Packages\PythonSoftwareFoundation.Python.3.13_qbz5n2kfra8p0\LocalCache\local-packages\Python313\site-packages\telegram\ext\_extbot.py", line 325, in _do_post
    return await super()._do_post(
           ^^^^^^^^^^^^^^^^^^^^^^^
    ...<6 lines>...
    )
    ^
  File "C:\Users\Lenovo\AppData\Local\Packages\PythonSoftwareFoundation.Python.3.13_qbz5n2kfra8p0\LocalCache\local-packages\Python313\site-packages\telegram\_bot.py", line 497, in _do_post
    return await request.post(
           ^^^^^^^^^^^^^^^^^^^
    ...<6 lines>...
    )
    ^
  File "C:\Users\Lenovo\AppData\Local\Packages\PythonSoftwareFoundation.Python.3.13_qbz5n2kfra8p0\LocalCache\local-packages\Python313\site-packages\telegram\request\_baserequest.py", line 168, in post
    result = await self._request_wrapper(
             ^^^^^^^^^^^^^^^^^^^^^^^^^^^^
    ...<7 lines>...
    )
    ^
  File "C:\Users\Lenovo\AppData\Local\Packages\PythonSoftwareFoundation.Python.3.13_qbz5n2kfra8p0\LocalCache\local-packages\Python313\site-packages\telegram\request\_baserequest.py", line 330, in _request_wrapper
    raise Conflict(message)
telegram.error.Conflict: Conflict: terminated by other getUpdates request; make sure that only one bot instance is running
2025-09-28 00:09:29,978 - __main__ - ERROR - Update None caused error Conflict: terminated by other getUpdates request; make sure that only one bot instance is running
2025-09-28 00:09:31,813 - httpx - INFO - HTTP Request: POST https://api.telegram.org/bot7481731907:AAGA8Rmu3eC5QUyhUcl4DuaVaH08qA9O4sE/getUpdates "HTTP/1.1 200 OK"
2025-09-28 00:09:37,920 - httpx - INFO - HTTP Request: POST https://api.telegram.org/bot7481731907:AAGA8Rmu3eC5QUyhUcl4DuaVaH08qA9O4sE/getUpdates "HTTP/1.1 409 Conflict"
2025-09-28 00:09:37,921 - telegram.ext.Updater - ERROR - Error while getting Updates: Conflict: terminated by other getUpdates request; make sure that only one bot instance is running
2025-09-28 00:09:37,922 - __main__ - ERROR - Exception while handling an update:
Traceback (most recent call last):
  File "C:\Users\Lenovo\AppData\Local\Packages\PythonSoftwareFoundation.Python.3.13_qbz5n2kfra8p0\LocalCache\local-packages\Python313\site-packages\telegram\ext\_updater.py", line 607, in _network_loop_retry
    if not await action_cb():
           ^^^^^^^^^^^^^^^^^
  File "C:\Users\Lenovo\AppData\Local\Packages\PythonSoftwareFoundation.Python.3.13_qbz5n2kfra8p0\LocalCache\local-packages\Python313\site-packages\telegram\ext\_updater.py", line 335, in polling_action_cb
    raise exc
  File "C:\Users\Lenovo\AppData\Local\Packages\PythonSoftwareFoundation.Python.3.13_qbz5n2kfra8p0\LocalCache\local-packages\Python313\site-packages\telegram\ext\_updater.py", line 320, in polling_action_cb
    updates = await self.bot.get_updates(
              ^^^^^^^^^^^^^^^^^^^^^^^^^^^
    ...<7 lines>...
    )
    ^
  File "C:\Users\Lenovo\AppData\Local\Packages\PythonSoftwareFoundation.Python.3.13_qbz5n2kfra8p0\LocalCache\local-packages\Python313\site-packages\telegram\ext\_extbot.py", line 543, in get_updates
    updates = await super().get_updates(
              ^^^^^^^^^^^^^^^^^^^^^^^^^^
    ...<9 lines>...
    )
    ^
  File "C:\Users\Lenovo\AppData\Local\Packages\PythonSoftwareFoundation.Python.3.13_qbz5n2kfra8p0\LocalCache\local-packages\Python313\site-packages\telegram\_bot.py", line 381, in decorator
    result = await func(self, *args, **kwargs)  # skipcq: PYL-E1102
             ^^^^^^^^^^^^^^^^^^^^^^^^^^^^^^^^^
  File "C:\Users\Lenovo\AppData\Local\Packages\PythonSoftwareFoundation.Python.3.13_qbz5n2kfra8p0\LocalCache\local-packages\Python313\site-packages\telegram\_bot.py", line 3661, in get_updates
    await self._post(
    ^^^^^^^^^^^^^^^^^
    ...<7 lines>...
    ),
    ^
  File "C:\Users\Lenovo\AppData\Local\Packages\PythonSoftwareFoundation.Python.3.13_qbz5n2kfra8p0\LocalCache\local-packages\Python313\site-packages\telegram\_bot.py", line 469, in _post
    return await self._do_post(
           ^^^^^^^^^^^^^^^^^^^^
    ...<6 lines>...
    )
    ^
  File "C:\Users\Lenovo\AppData\Local\Packages\PythonSoftwareFoundation.Python.3.13_qbz5n2kfra8p0\LocalCache\local-packages\Python313\site-packages\telegram\ext\_extbot.py", line 325, in _do_post
    return await super()._do_post(
           ^^^^^^^^^^^^^^^^^^^^^^^
    ...<6 lines>...
    )
    ^
  File "C:\Users\Lenovo\AppData\Local\Packages\PythonSoftwareFoundation.Python.3.13_qbz5n2kfra8p0\LocalCache\local-packages\Python313\site-packages\telegram\_bot.py", line 497, in _do_post
    return await request.post(
           ^^^^^^^^^^^^^^^^^^^
    ...<6 lines>...
    )
    ^
  File "C:\Users\Lenovo\AppData\Local\Packages\PythonSoftwareFoundation.Python.3.13_qbz5n2kfra8p0\LocalCache\local-packages\Python313\site-packages\telegram\request\_baserequest.py", line 168, in post
    result = await self._request_wrapper(
             ^^^^^^^^^^^^^^^^^^^^^^^^^^^^
    ...<7 lines>...
    )
    ^
  File "C:\Users\Lenovo\AppData\Local\Packages\PythonSoftwareFoundation.Python.3.13_qbz5n2kfra8p0\LocalCache\local-packages\Python313\site-packages\telegram\request\_baserequest.py", line 330, in _request_wrapper
    raise Conflict(message)
telegram.error.Conflict: Conflict: terminated by other getUpdates request; make sure that only one bot instance is running
2025-09-28 00:09:37,927 - __main__ - ERROR - Update None caused error Conflict: terminated by other getUpdates request; make sure that only one bot instance is running
2025-09-28 00:09:45,352 - httpx - INFO - HTTP Request: POST https://api.telegram.org/bot7481731907:AAGA8Rmu3eC5QUyhUcl4DuaVaH08qA9O4sE/getUpdates "HTTP/1.1 409 Conflict"
2025-09-28 00:09:45,354 - telegram.ext.Updater - ERROR - Error while getting Updates: Conflict: terminated by other getUpdates request; make sure that only one bot instance is running
2025-09-28 00:09:45,354 - __main__ - ERROR - Exception while handling an update:
Traceback (most recent call last):
  File "C:\Users\Lenovo\AppData\Local\Packages\PythonSoftwareFoundation.Python.3.13_qbz5n2kfra8p0\LocalCache\local-packages\Python313\site-packages\telegram\ext\_updater.py", line 607, in _network_loop_retry
    if not await action_cb():
           ^^^^^^^^^^^^^^^^^
  File "C:\Users\Lenovo\AppData\Local\Packages\PythonSoftwareFoundation.Python.3.13_qbz5n2kfra8p0\LocalCache\local-packages\Python313\site-packages\telegram\ext\_updater.py", line 335, in polling_action_cb
    raise exc
  File "C:\Users\Lenovo\AppData\Local\Packages\PythonSoftwareFoundation.Python.3.13_qbz5n2kfra8p0\LocalCache\local-packages\Python313\site-packages\telegram\ext\_updater.py", line 320, in polling_action_cb
    updates = await self.bot.get_updates(
              ^^^^^^^^^^^^^^^^^^^^^^^^^^^
    ...<7 lines>...
    )
    ^
  File "C:\Users\Lenovo\AppData\Local\Packages\PythonSoftwareFoundation.Python.3.13_qbz5n2kfra8p0\LocalCache\local-packages\Python313\site-packages\telegram\ext\_extbot.py", line 543, in get_updates
    updates = await super().get_updates(
              ^^^^^^^^^^^^^^^^^^^^^^^^^^
    ...<9 lines>...
    )
    ^
  File "C:\Users\Lenovo\AppData\Local\Packages\PythonSoftwareFoundation.Python.3.13_qbz5n2kfra8p0\LocalCache\local-packages\Python313\site-packages\telegram\_bot.py", line 381, in decorator
    result = await func(self, *args, **kwargs)  # skipcq: PYL-E1102
             ^^^^^^^^^^^^^^^^^^^^^^^^^^^^^^^^^
  File "C:\Users\Lenovo\AppData\Local\Packages\PythonSoftwareFoundation.Python.3.13_qbz5n2kfra8p0\LocalCache\local-packages\Python313\site-packages\telegram\_bot.py", line 3661, in get_updates
    await self._post(
    ^^^^^^^^^^^^^^^^^
    ...<7 lines>...
    ),
    ^
  File "C:\Users\Lenovo\AppData\Local\Packages\PythonSoftwareFoundation.Python.3.13_qbz5n2kfra8p0\LocalCache\local-packages\Python313\site-packages\telegram\_bot.py", line 469, in _post
    return await self._do_post(
           ^^^^^^^^^^^^^^^^^^^^
    ...<6 lines>...
    )
    ^
  File "C:\Users\Lenovo\AppData\Local\Packages\PythonSoftwareFoundation.Python.3.13_qbz5n2kfra8p0\LocalCache\local-packages\Python313\site-packages\telegram\ext\_extbot.py", line 325, in _do_post
    return await super()._do_post(
           ^^^^^^^^^^^^^^^^^^^^^^^
    ...<6 lines>...
    )
    ^
  File "C:\Users\Lenovo\AppData\Local\Packages\PythonSoftwareFoundation.Python.3.13_qbz5n2kfra8p0\LocalCache\local-packages\Python313\site-packages\telegram\_bot.py", line 497, in _do_post
    return await request.post(
           ^^^^^^^^^^^^^^^^^^^
    ...<6 lines>...
    )
    ^
  File "C:\Users\Lenovo\AppData\Local\Packages\PythonSoftwareFoundation.Python.3.13_qbz5n2kfra8p0\LocalCache\local-packages\Python313\site-packages\telegram\request\_baserequest.py", line 168, in post
    result = await self._request_wrapper(
             ^^^^^^^^^^^^^^^^^^^^^^^^^^^^
    ...<7 lines>...
    )
    ^
  File "C:\Users\Lenovo\AppData\Local\Packages\PythonSoftwareFoundation.Python.3.13_qbz5n2kfra8p0\LocalCache\local-packages\Python313\site-packages\telegram\request\_baserequest.py", line 330, in _request_wrapper
    raise Conflict(message)
telegram.error.Conflict: Conflict: terminated by other getUpdates request; make sure that only one bot instance is running
2025-09-28 00:09:45,359 - __main__ - ERROR - Update None caused error Conflict: terminated by other getUpdates request; make sure that only one bot instance is running
2025-09-28 00:09:46,706 - httpx - INFO - HTTP Request: POST https://api.telegram.org/bot7481731907:AAGA8Rmu3eC5QUyhUcl4DuaVaH08qA9O4sE/sendPoll "HTTP/1.1 200 OK"
2025-09-28 00:09:51,583 - httpx - INFO - HTTP Request: POST https://api.telegram.org/bot7481731907:AAGA8Rmu3eC5QUyhUcl4DuaVaH08qA9O4sE/getUpdates "HTTP/1.1 409 Conflict"
2025-09-28 00:09:51,585 - telegram.ext.Updater - ERROR - Error while getting Updates: Conflict: terminated by other getUpdates request; make sure that only one bot instance is running
2025-09-28 00:09:51,586 - __main__ - ERROR - Exception while handling an update:
Traceback (most recent call last):
  File "C:\Users\Lenovo\AppData\Local\Packages\PythonSoftwareFoundation.Python.3.13_qbz5n2kfra8p0\LocalCache\local-packages\Python313\site-packages\telegram\ext\_updater.py", line 607, in _network_loop_retry
    if not await action_cb():
           ^^^^^^^^^^^^^^^^^
  File "C:\Users\Lenovo\AppData\Local\Packages\PythonSoftwareFoundation.Python.3.13_qbz5n2kfra8p0\LocalCache\local-packages\Python313\site-packages\telegram\ext\_updater.py", line 335, in polling_action_cb
    raise exc
  File "C:\Users\Lenovo\AppData\Local\Packages\PythonSoftwareFoundation.Python.3.13_qbz5n2kfra8p0\LocalCache\local-packages\Python313\site-packages\telegram\ext\_updater.py", line 320, in polling_action_cb
    updates = await self.bot.get_updates(
              ^^^^^^^^^^^^^^^^^^^^^^^^^^^
    ...<7 lines>...
    )
    ^
  File "C:\Users\Lenovo\AppData\Local\Packages\PythonSoftwareFoundation.Python.3.13_qbz5n2kfra8p0\LocalCache\local-packages\Python313\site-packages\telegram\ext\_extbot.py", line 543, in get_updates
    updates = await super().get_updates(
              ^^^^^^^^^^^^^^^^^^^^^^^^^^
    ...<9 lines>...
    )
    ^
  File "C:\Users\Lenovo\AppData\Local\Packages\PythonSoftwareFoundation.Python.3.13_qbz5n2kfra8p0\LocalCache\local-packages\Python313\site-packages\telegram\_bot.py", line 381, in decorator
    result = await func(self, *args, **kwargs)  # skipcq: PYL-E1102
             ^^^^^^^^^^^^^^^^^^^^^^^^^^^^^^^^^
  File "C:\Users\Lenovo\AppData\Local\Packages\PythonSoftwareFoundation.Python.3.13_qbz5n2kfra8p0\LocalCache\local-packages\Python313\site-packages\telegram\_bot.py", line 3661, in get_updates
    await self._post(
    ^^^^^^^^^^^^^^^^^
    ...<7 lines>...
    ),
    ^
  File "C:\Users\Lenovo\AppData\Local\Packages\PythonSoftwareFoundation.Python.3.13_qbz5n2kfra8p0\LocalCache\local-packages\Python313\site-packages\telegram\_bot.py", line 469, in _post
    return await self._do_post(
           ^^^^^^^^^^^^^^^^^^^^
    ...<6 lines>...
    )
    ^
  File "C:\Users\Lenovo\AppData\Local\Packages\PythonSoftwareFoundation.Python.3.13_qbz5n2kfra8p0\LocalCache\local-packages\Python313\site-packages\telegram\ext\_extbot.py", line 325, in _do_post
    return await super()._do_post(
           ^^^^^^^^^^^^^^^^^^^^^^^
    ...<6 lines>...
    )
    ^
  File "C:\Users\Lenovo\AppData\Local\Packages\PythonSoftwareFoundation.Python.3.13_qbz5n2kfra8p0\LocalCache\local-packages\Python313\site-packages\telegram\_bot.py", line 497, in _do_post
    return await request.post(
           ^^^^^^^^^^^^^^^^^^^
    ...<6 lines>...
    )
    ^
  File "C:\Users\Lenovo\AppData\Local\Packages\PythonSoftwareFoundation.Python.3.13_qbz5n2kfra8p0\LocalCache\local-packages\Python313\site-packages\telegram\request\_baserequest.py", line 168, in post
    result = await self._request_wrapper(
             ^^^^^^^^^^^^^^^^^^^^^^^^^^^^
    ...<7 lines>...
    )
    ^
  File "C:\Users\Lenovo\AppData\Local\Packages\PythonSoftwareFoundation.Python.3.13_qbz5n2kfra8p0\LocalCache\local-packages\Python313\site-packages\telegram\request\_baserequest.py", line 330, in _request_wrapper
    raise Conflict(message)
telegram.error.Conflict: Conflict: terminated by other getUpdates request; make sure that only one bot instance is running
2025-09-28 00:09:51,591 - __main__ - ERROR - Update None caused error Conflict: terminated by other getUpdates request; make sure that only one bot instance is running
2025-09-28 00:09:55,387 - httpx - INFO - HTTP Request: POST https://api.telegram.org/bot7481731907:AAGA8Rmu3eC5QUyhUcl4DuaVaH08qA9O4sE/getUpdates "HTTP/1.1 200 OK"
2025-09-28 00:10:01,517 - httpx - INFO - HTTP Request: POST https://api.telegram.org/bot7481731907:AAGA8Rmu3eC5QUyhUcl4DuaVaH08qA9O4sE/getUpdates "HTTP/1.1 409 Conflict"
2025-09-28 00:10:01,518 - telegram.ext.Updater - ERROR - Error while getting Updates: Conflict: terminated by other getUpdates request; make sure that only one bot instance is running
2025-09-28 00:10:01,518 - __main__ - ERROR - Exception while handling an update:
Traceback (most recent call last):
  File "C:\Users\Lenovo\AppData\Local\Packages\PythonSoftwareFoundation.Python.3.13_qbz5n2kfra8p0\LocalCache\local-packages\Python313\site-packages\telegram\ext\_updater.py", line 607, in _network_loop_retry
    if not await action_cb():
           ^^^^^^^^^^^^^^^^^
  File "C:\Users\Lenovo\AppData\Local\Packages\PythonSoftwareFoundation.Python.3.13_qbz5n2kfra8p0\LocalCache\local-packages\Python313\site-packages\telegram\ext\_updater.py", line 335, in polling_action_cb
    raise exc
  File "C:\Users\Lenovo\AppData\Local\Packages\PythonSoftwareFoundation.Python.3.13_qbz5n2kfra8p0\LocalCache\local-packages\Python313\site-packages\telegram\ext\_updater.py", line 320, in polling_action_cb
    updates = await self.bot.get_updates(
              ^^^^^^^^^^^^^^^^^^^^^^^^^^^
    ...<7 lines>...
    )
    ^
  File "C:\Users\Lenovo\AppData\Local\Packages\PythonSoftwareFoundation.Python.3.13_qbz5n2kfra8p0\LocalCache\local-packages\Python313\site-packages\telegram\ext\_extbot.py", line 543, in get_updates
    updates = await super().get_updates(
              ^^^^^^^^^^^^^^^^^^^^^^^^^^
    ...<9 lines>...
    )
    ^
  File "C:\Users\Lenovo\AppData\Local\Packages\PythonSoftwareFoundation.Python.3.13_qbz5n2kfra8p0\LocalCache\local-packages\Python313\site-packages\telegram\_bot.py", line 381, in decorator
    result = await func(self, *args, **kwargs)  # skipcq: PYL-E1102
             ^^^^^^^^^^^^^^^^^^^^^^^^^^^^^^^^^
  File "C:\Users\Lenovo\AppData\Local\Packages\PythonSoftwareFoundation.Python.3.13_qbz5n2kfra8p0\LocalCache\local-packages\Python313\site-packages\telegram\_bot.py", line 3661, in get_updates
    await self._post(
    ^^^^^^^^^^^^^^^^^
    ...<7 lines>...
    ),
    ^
  File "C:\Users\Lenovo\AppData\Local\Packages\PythonSoftwareFoundation.Python.3.13_qbz5n2kfra8p0\LocalCache\local-packages\Python313\site-packages\telegram\_bot.py", line 469, in _post
    return await self._do_post(
           ^^^^^^^^^^^^^^^^^^^^
    ...<6 lines>...
    )
    ^
  File "C:\Users\Lenovo\AppData\Local\Packages\PythonSoftwareFoundation.Python.3.13_qbz5n2kfra8p0\LocalCache\local-packages\Python313\site-packages\telegram\ext\_extbot.py", line 325, in _do_post
    return await super()._do_post(
           ^^^^^^^^^^^^^^^^^^^^^^^
    ...<6 lines>...
    )
    ^
  File "C:\Users\Lenovo\AppData\Local\Packages\PythonSoftwareFoundation.Python.3.13_qbz5n2kfra8p0\LocalCache\local-packages\Python313\site-packages\telegram\_bot.py", line 497, in _do_post
    return await request.post(
           ^^^^^^^^^^^^^^^^^^^
    ...<6 lines>...
    )
    ^
  File "C:\Users\Lenovo\AppData\Local\Packages\PythonSoftwareFoundation.Python.3.13_qbz5n2kfra8p0\LocalCache\local-packages\Python313\site-packages\telegram\request\_baserequest.py", line 168, in post
    result = await self._request_wrapper(
             ^^^^^^^^^^^^^^^^^^^^^^^^^^^^
    ...<7 lines>...
    )
    ^
  File "C:\Users\Lenovo\AppData\Local\Packages\PythonSoftwareFoundation.Python.3.13_qbz5n2kfra8p0\LocalCache\local-packages\Python313\site-packages\telegram\request\_baserequest.py", line 330, in _request_wrapper
    raise Conflict(message)
telegram.error.Conflict: Conflict: terminated by other getUpdates request; make sure that only one bot instance is running
2025-09-28 00:10:01,521 - __main__ - ERROR - Update None caused error Conflict: terminated by other getUpdates request; make sure that only one bot instance is running
2025-09-28 00:10:07,901 - httpx - INFO - HTTP Request: POST https://api.telegram.org/bot7481731907:AAGA8Rmu3eC5QUyhUcl4DuaVaH08qA9O4sE/sendPoll "HTTP/1.1 200 OK"
2025-09-28 00:10:09,040 - httpx - INFO - HTTP Request: POST https://api.telegram.org/bot7481731907:AAGA8Rmu3eC5QUyhUcl4DuaVaH08qA9O4sE/getUpdates "HTTP/1.1 409 Conflict"
2025-09-28 00:10:09,041 - telegram.ext.Updater - ERROR - Error while getting Updates: Conflict: terminated by other getUpdates request; make sure that only one bot instance is running
2025-09-28 00:10:09,042 - __main__ - ERROR - Exception while handling an update:
Traceback (most recent call last):
  File "C:\Users\Lenovo\AppData\Local\Packages\PythonSoftwareFoundation.Python.3.13_qbz5n2kfra8p0\LocalCache\local-packages\Python313\site-packages\telegram\ext\_updater.py", line 607, in _network_loop_retry
    if not await action_cb():
           ^^^^^^^^^^^^^^^^^
  File "C:\Users\Lenovo\AppData\Local\Packages\PythonSoftwareFoundation.Python.3.13_qbz5n2kfra8p0\LocalCache\local-packages\Python313\site-packages\telegram\ext\_updater.py", line 335, in polling_action_cb
    raise exc
  File "C:\Users\Lenovo\AppData\Local\Packages\PythonSoftwareFoundation.Python.3.13_qbz5n2kfra8p0\LocalCache\local-packages\Python313\site-packages\telegram\ext\_updater.py", line 320, in polling_action_cb
    updates = await self.bot.get_updates(
              ^^^^^^^^^^^^^^^^^^^^^^^^^^^
    ...<7 lines>...
    )
    ^
  File "C:\Users\Lenovo\AppData\Local\Packages\PythonSoftwareFoundation.Python.3.13_qbz5n2kfra8p0\LocalCache\local-packages\Python313\site-packages\telegram\ext\_extbot.py", line 543, in get_updates
    updates = await super().get_updates(
              ^^^^^^^^^^^^^^^^^^^^^^^^^^
    ...<9 lines>...
    )
    ^
  File "C:\Users\Lenovo\AppData\Local\Packages\PythonSoftwareFoundation.Python.3.13_qbz5n2kfra8p0\LocalCache\local-packages\Python313\site-packages\telegram\_bot.py", line 381, in decorator
    result = await func(self, *args, **kwargs)  # skipcq: PYL-E1102
             ^^^^^^^^^^^^^^^^^^^^^^^^^^^^^^^^^
  File "C:\Users\Lenovo\AppData\Local\Packages\PythonSoftwareFoundation.Python.3.13_qbz5n2kfra8p0\LocalCache\local-packages\Python313\site-packages\telegram\_bot.py", line 3661, in get_updates
    await self._post(
    ^^^^^^^^^^^^^^^^^
    ...<7 lines>...
    ),
    ^
  File "C:\Users\Lenovo\AppData\Local\Packages\PythonSoftwareFoundation.Python.3.13_qbz5n2kfra8p0\LocalCache\local-packages\Python313\site-packages\telegram\_bot.py", line 469, in _post
    return await self._do_post(
           ^^^^^^^^^^^^^^^^^^^^
    ...<6 lines>...
    )
    ^
  File "C:\Users\Lenovo\AppData\Local\Packages\PythonSoftwareFoundation.Python.3.13_qbz5n2kfra8p0\LocalCache\local-packages\Python313\site-packages\telegram\ext\_extbot.py", line 325, in _do_post
    return await super()._do_post(
           ^^^^^^^^^^^^^^^^^^^^^^^
    ...<6 lines>...
    )
    ^
  File "C:\Users\Lenovo\AppData\Local\Packages\PythonSoftwareFoundation.Python.3.13_qbz5n2kfra8p0\LocalCache\local-packages\Python313\site-packages\telegram\_bot.py", line 497, in _do_post
    return await request.post(
           ^^^^^^^^^^^^^^^^^^^
    ...<6 lines>...
    )
    ^
  File "C:\Users\Lenovo\AppData\Local\Packages\PythonSoftwareFoundation.Python.3.13_qbz5n2kfra8p0\LocalCache\local-packages\Python313\site-packages\telegram\request\_baserequest.py", line 168, in post
    result = await self._request_wrapper(
             ^^^^^^^^^^^^^^^^^^^^^^^^^^^^
    ...<7 lines>...
    )
    ^
  File "C:\Users\Lenovo\AppData\Local\Packages\PythonSoftwareFoundation.Python.3.13_qbz5n2kfra8p0\LocalCache\local-packages\Python313\site-packages\telegram\request\_baserequest.py", line 330, in _request_wrapper
    raise Conflict(message)
telegram.error.Conflict: Conflict: terminated by other getUpdates request; make sure that only one bot instance is running
2025-09-28 00:10:09,044 - __main__ - ERROR - Update None caused error Conflict: terminated by other getUpdates request; make sure that only one bot instance is running
2025-09-28 00:10:13,499 - httpx - INFO - HTTP Request: POST https://api.telegram.org/bot7481731907:AAGA8Rmu3eC5QUyhUcl4DuaVaH08qA9O4sE/getUpdates "HTTP/1.1 200 OK"
2025-09-28 00:10:15,367 - httpx - INFO - HTTP Request: POST https://api.telegram.org/bot7481731907:AAGA8Rmu3eC5QUyhUcl4DuaVaH08qA9O4sE/getUpdates "HTTP/1.1 409 Conflict"
2025-09-28 00:10:15,369 - telegram.ext.Updater - ERROR - Error while getting Updates: Conflict: terminated by other getUpdates request; make sure that only one bot instance is running
2025-09-28 00:10:15,370 - __main__ - ERROR - Exception while handling an update:
Traceback (most recent call last):
  File "C:\Users\Lenovo\AppData\Local\Packages\PythonSoftwareFoundation.Python.3.13_qbz5n2kfra8p0\LocalCache\local-packages\Python313\site-packages\telegram\ext\_updater.py", line 607, in _network_loop_retry
    if not await action_cb():
           ^^^^^^^^^^^^^^^^^
  File "C:\Users\Lenovo\AppData\Local\Packages\PythonSoftwareFoundation.Python.3.13_qbz5n2kfra8p0\LocalCache\local-packages\Python313\site-packages\telegram\ext\_updater.py", line 335, in polling_action_cb
    raise exc
  File "C:\Users\Lenovo\AppData\Local\Packages\PythonSoftwareFoundation.Python.3.13_qbz5n2kfra8p0\LocalCache\local-packages\Python313\site-packages\telegram\ext\_updater.py", line 320, in polling_action_cb
    updates = await self.bot.get_updates(
              ^^^^^^^^^^^^^^^^^^^^^^^^^^^
    ...<7 lines>...
    )
    ^
  File "C:\Users\Lenovo\AppData\Local\Packages\PythonSoftwareFoundation.Python.3.13_qbz5n2kfra8p0\LocalCache\local-packages\Python313\site-packages\telegram\ext\_extbot.py", line 543, in get_updates
    updates = await super().get_updates(
              ^^^^^^^^^^^^^^^^^^^^^^^^^^
    ...<9 lines>...
    )
    ^
  File "C:\Users\Lenovo\AppData\Local\Packages\PythonSoftwareFoundation.Python.3.13_qbz5n2kfra8p0\LocalCache\local-packages\Python313\site-packages\telegram\_bot.py", line 381, in decorator
    result = await func(self, *args, **kwargs)  # skipcq: PYL-E1102
             ^^^^^^^^^^^^^^^^^^^^^^^^^^^^^^^^^
  File "C:\Users\Lenovo\AppData\Local\Packages\PythonSoftwareFoundation.Python.3.13_qbz5n2kfra8p0\LocalCache\local-packages\Python313\site-packages\telegram\_bot.py", line 3661, in get_updates
    await self._post(
    ^^^^^^^^^^^^^^^^^
    ...<7 lines>...
    ),
    ^
  File "C:\Users\Lenovo\AppData\Local\Packages\PythonSoftwareFoundation.Python.3.13_qbz5n2kfra8p0\LocalCache\local-packages\Python313\site-packages\telegram\_bot.py", line 469, in _post
    return await self._do_post(
           ^^^^^^^^^^^^^^^^^^^^
    ...<6 lines>...
    )
    ^
  File "C:\Users\Lenovo\AppData\Local\Packages\PythonSoftwareFoundation.Python.3.13_qbz5n2kfra8p0\LocalCache\local-packages\Python313\site-packages\telegram\ext\_extbot.py", line 325, in _do_post
    return await super()._do_post(
           ^^^^^^^^^^^^^^^^^^^^^^^
    ...<6 lines>...
    )
    ^
  File "C:\Users\Lenovo\AppData\Local\Packages\PythonSoftwareFoundation.Python.3.13_qbz5n2kfra8p0\LocalCache\local-packages\Python313\site-packages\telegram\_bot.py", line 497, in _do_post
    return await request.post(
           ^^^^^^^^^^^^^^^^^^^
    ...<6 lines>...
    )
    ^
  File "C:\Users\Lenovo\AppData\Local\Packages\PythonSoftwareFoundation.Python.3.13_qbz5n2kfra8p0\LocalCache\local-packages\Python313\site-packages\telegram\request\_baserequest.py", line 168, in post
    result = await self._request_wrapper(
             ^^^^^^^^^^^^^^^^^^^^^^^^^^^^
    ...<7 lines>...
    )
    ^
  File "C:\Users\Lenovo\AppData\Local\Packages\PythonSoftwareFoundation.Python.3.13_qbz5n2kfra8p0\LocalCache\local-packages\Python313\site-packages\telegram\request\_baserequest.py", line 330, in _request_wrapper
    raise Conflict(message)
telegram.error.Conflict: Conflict: terminated by other getUpdates request; make sure that only one bot instance is running
2025-09-28 00:10:15,375 - __main__ - ERROR - Update None caused error Conflict: terminated by other getUpdates request; make sure that only one bot instance is running
2025-09-28 00:10:26,397 - httpx - INFO - HTTP Request: POST https://api.telegram.org/bot7481731907:AAGA8Rmu3eC5QUyhUcl4DuaVaH08qA9O4sE/getUpdates "HTTP/1.1 409 Conflict"
2025-09-28 00:10:26,399 - telegram.ext.Updater - ERROR - Error while getting Updates: Conflict: terminated by other getUpdates request; make sure that only one bot instance is running
2025-09-28 00:10:26,399 - __main__ - ERROR - Exception while handling an update:
Traceback (most recent call last):
  File "C:\Users\Lenovo\AppData\Local\Packages\PythonSoftwareFoundation.Python.3.13_qbz5n2kfra8p0\LocalCache\local-packages\Python313\site-packages\telegram\ext\_updater.py", line 607, in _network_loop_retry
    if not await action_cb():
           ^^^^^^^^^^^^^^^^^
  File "C:\Users\Lenovo\AppData\Local\Packages\PythonSoftwareFoundation.Python.3.13_qbz5n2kfra8p0\LocalCache\local-packages\Python313\site-packages\telegram\ext\_updater.py", line 335, in polling_action_cb
    raise exc
  File "C:\Users\Lenovo\AppData\Local\Packages\PythonSoftwareFoundation.Python.3.13_qbz5n2kfra8p0\LocalCache\local-packages\Python313\site-packages\telegram\ext\_updater.py", line 320, in polling_action_cb
    updates = await self.bot.get_updates(
              ^^^^^^^^^^^^^^^^^^^^^^^^^^^
    ...<7 lines>...
    )
    ^
  File "C:\Users\Lenovo\AppData\Local\Packages\PythonSoftwareFoundation.Python.3.13_qbz5n2kfra8p0\LocalCache\local-packages\Python313\site-packages\telegram\ext\_extbot.py", line 543, in get_updates
    updates = await super().get_updates(
              ^^^^^^^^^^^^^^^^^^^^^^^^^^
    ...<9 lines>...
    )
    ^
  File "C:\Users\Lenovo\AppData\Local\Packages\PythonSoftwareFoundation.Python.3.13_qbz5n2kfra8p0\LocalCache\local-packages\Python313\site-packages\telegram\_bot.py", line 381, in decorator
    result = await func(self, *args, **kwargs)  # skipcq: PYL-E1102
             ^^^^^^^^^^^^^^^^^^^^^^^^^^^^^^^^^
  File "C:\Users\Lenovo\AppData\Local\Packages\PythonSoftwareFoundation.Python.3.13_qbz5n2kfra8p0\LocalCache\local-packages\Python313\site-packages\telegram\_bot.py", line 3661, in get_updates
    await self._post(
    ^^^^^^^^^^^^^^^^^
    ...<7 lines>...
    ),
    ^
  File "C:\Users\Lenovo\AppData\Local\Packages\PythonSoftwareFoundation.Python.3.13_qbz5n2kfra8p0\LocalCache\local-packages\Python313\site-packages\telegram\_bot.py", line 469, in _post
    return await self._do_post(
           ^^^^^^^^^^^^^^^^^^^^
    ...<6 lines>...
    )
    ^
  File "C:\Users\Lenovo\AppData\Local\Packages\PythonSoftwareFoundation.Python.3.13_qbz5n2kfra8p0\LocalCache\local-packages\Python313\site-packages\telegram\ext\_extbot.py", line 325, in _do_post
    return await super()._do_post(
           ^^^^^^^^^^^^^^^^^^^^^^^
    ...<6 lines>...
    )
    ^
  File "C:\Users\Lenovo\AppData\Local\Packages\PythonSoftwareFoundation.Python.3.13_qbz5n2kfra8p0\LocalCache\local-packages\Python313\site-packages\telegram\_bot.py", line 497, in _do_post
    return await request.post(
           ^^^^^^^^^^^^^^^^^^^
    ...<6 lines>...
    )
    ^
  File "C:\Users\Lenovo\AppData\Local\Packages\PythonSoftwareFoundation.Python.3.13_qbz5n2kfra8p0\LocalCache\local-packages\Python313\site-packages\telegram\request\_baserequest.py", line 168, in post
    result = await self._request_wrapper(
             ^^^^^^^^^^^^^^^^^^^^^^^^^^^^
    ...<7 lines>...
    )
    ^
  File "C:\Users\Lenovo\AppData\Local\Packages\PythonSoftwareFoundation.Python.3.13_qbz5n2kfra8p0\LocalCache\local-packages\Python313\site-packages\telegram\request\_baserequest.py", line 330, in _request_wrapper
    raise Conflict(message)
telegram.error.Conflict: Conflict: terminated by other getUpdates request; make sure that only one bot instance is running
2025-09-28 00:10:26,405 - __main__ - ERROR - Update None caused error Conflict: terminated by other getUpdates request; make sure that only one bot instance is running
2025-09-28 00:10:29,262 - httpx - INFO - HTTP Request: POST https://api.telegram.org/bot7481731907:AAGA8Rmu3eC5QUyhUcl4DuaVaH08qA9O4sE/sendPoll "HTTP/1.1 200 OK"
2025-09-28 00:10:33,231 - httpx - INFO - HTTP Request: POST https://api.telegram.org/bot7481731907:AAGA8Rmu3eC5QUyhUcl4DuaVaH08qA9O4sE/getUpdates "HTTP/1.1 200 OK"
2025-09-28 00:10:40,548 - httpx - INFO - HTTP Request: POST https://api.telegram.org/bot7481731907:AAGA8Rmu3eC5QUyhUcl4DuaVaH08qA9O4sE/getUpdates "HTTP/1.1 409 Conflict"
2025-09-28 00:10:40,549 - telegram.ext.Updater - ERROR - Error while getting Updates: Conflict: terminated by other getUpdates request; make sure that only one bot instance is running
2025-09-28 00:10:40,550 - __main__ - ERROR - Exception while handling an update:
Traceback (most recent call last):
  File "C:\Users\Lenovo\AppData\Local\Packages\PythonSoftwareFoundation.Python.3.13_qbz5n2kfra8p0\LocalCache\local-packages\Python313\site-packages\telegram\ext\_updater.py", line 607, in _network_loop_retry
    if not await action_cb():
           ^^^^^^^^^^^^^^^^^
  File "C:\Users\Lenovo\AppData\Local\Packages\PythonSoftwareFoundation.Python.3.13_qbz5n2kfra8p0\LocalCache\local-packages\Python313\site-packages\telegram\ext\_updater.py", line 335, in polling_action_cb
    raise exc
  File "C:\Users\Lenovo\AppData\Local\Packages\PythonSoftwareFoundation.Python.3.13_qbz5n2kfra8p0\LocalCache\local-packages\Python313\site-packages\telegram\ext\_updater.py", line 320, in polling_action_cb
    updates = await self.bot.get_updates(
              ^^^^^^^^^^^^^^^^^^^^^^^^^^^
    ...<7 lines>...
    )
    ^
  File "C:\Users\Lenovo\AppData\Local\Packages\PythonSoftwareFoundation.Python.3.13_qbz5n2kfra8p0\LocalCache\local-packages\Python313\site-packages\telegram\ext\_extbot.py", line 543, in get_updates
    updates = await super().get_updates(
              ^^^^^^^^^^^^^^^^^^^^^^^^^^
    ...<9 lines>...
    )
    ^
  File "C:\Users\Lenovo\AppData\Local\Packages\PythonSoftwareFoundation.Python.3.13_qbz5n2kfra8p0\LocalCache\local-packages\Python313\site-packages\telegram\_bot.py", line 381, in decorator
    result = await func(self, *args, **kwargs)  # skipcq: PYL-E1102
             ^^^^^^^^^^^^^^^^^^^^^^^^^^^^^^^^^
  File "C:\Users\Lenovo\AppData\Local\Packages\PythonSoftwareFoundation.Python.3.13_qbz5n2kfra8p0\LocalCache\local-packages\Python313\site-packages\telegram\_bot.py", line 3661, in get_updates
    await self._post(
    ^^^^^^^^^^^^^^^^^
    ...<7 lines>...
    ),
    ^
  File "C:\Users\Lenovo\AppData\Local\Packages\PythonSoftwareFoundation.Python.3.13_qbz5n2kfra8p0\LocalCache\local-packages\Python313\site-packages\telegram\_bot.py", line 469, in _post
    return await self._do_post(
           ^^^^^^^^^^^^^^^^^^^^
    ...<6 lines>...
    )
    ^
  File "C:\Users\Lenovo\AppData\Local\Packages\PythonSoftwareFoundation.Python.3.13_qbz5n2kfra8p0\LocalCache\local-packages\Python313\site-packages\telegram\ext\_extbot.py", line 325, in _do_post
    return await super()._do_post(
           ^^^^^^^^^^^^^^^^^^^^^^^
    ...<6 lines>...
    )
    ^
  File "C:\Users\Lenovo\AppData\Local\Packages\PythonSoftwareFoundation.Python.3.13_qbz5n2kfra8p0\LocalCache\local-packages\Python313\site-packages\telegram\_bot.py", line 497, in _do_post
    return await request.post(
           ^^^^^^^^^^^^^^^^^^^
    ...<6 lines>...
    )
    ^
  File "C:\Users\Lenovo\AppData\Local\Packages\PythonSoftwareFoundation.Python.3.13_qbz5n2kfra8p0\LocalCache\local-packages\Python313\site-packages\telegram\request\_baserequest.py", line 168, in post
    result = await self._request_wrapper(
             ^^^^^^^^^^^^^^^^^^^^^^^^^^^^
    ...<7 lines>...
    )
    ^
  File "C:\Users\Lenovo\AppData\Local\Packages\PythonSoftwareFoundation.Python.3.13_qbz5n2kfra8p0\LocalCache\local-packages\Python313\site-packages\telegram\request\_baserequest.py", line 330, in _request_wrapper
    raise Conflict(message)
telegram.error.Conflict: Conflict: terminated by other getUpdates request; make sure that only one bot instance is running
2025-09-28 00:10:40,555 - __main__ - ERROR - Update None caused error Conflict: terminated by other getUpdates request; make sure that only one bot instance is running
2025-09-28 00:10:50,584 - httpx - INFO - HTTP Request: POST https://api.telegram.org/bot7481731907:AAGA8Rmu3eC5QUyhUcl4DuaVaH08qA9O4sE/sendPoll "HTTP/1.1 200 OK"
2025-09-28 00:10:55,734 - httpx - INFO - HTTP Request: POST https://api.telegram.org/bot7481731907:AAGA8Rmu3eC5QUyhUcl4DuaVaH08qA9O4sE/getUpdates "HTTP/1.1 200 OK"
2025-09-28 00:10:57,730 - httpx - INFO - HTTP Request: POST https://api.telegram.org/bot7481731907:AAGA8Rmu3eC5QUyhUcl4DuaVaH08qA9O4sE/getUpdates "HTTP/1.1 409 Conflict"
2025-09-28 00:10:57,732 - telegram.ext.Updater - ERROR - Error while getting Updates: Conflict: terminated by other getUpdates request; make sure that only one bot instance is running
2025-09-28 00:10:57,732 - __main__ - ERROR - Exception while handling an update:
Traceback (most recent call last):
  File "C:\Users\Lenovo\AppData\Local\Packages\PythonSoftwareFoundation.Python.3.13_qbz5n2kfra8p0\LocalCache\local-packages\Python313\site-packages\telegram\ext\_updater.py", line 607, in _network_loop_retry
    if not await action_cb():
           ^^^^^^^^^^^^^^^^^
  File "C:\Users\Lenovo\AppData\Local\Packages\PythonSoftwareFoundation.Python.3.13_qbz5n2kfra8p0\LocalCache\local-packages\Python313\site-packages\telegram\ext\_updater.py", line 335, in polling_action_cb
    raise exc
  File "C:\Users\Lenovo\AppData\Local\Packages\PythonSoftwareFoundation.Python.3.13_qbz5n2kfra8p0\LocalCache\local-packages\Python313\site-packages\telegram\ext\_updater.py", line 320, in polling_action_cb
    updates = await self.bot.get_updates(
              ^^^^^^^^^^^^^^^^^^^^^^^^^^^
    ...<7 lines>...
    )
    ^
  File "C:\Users\Lenovo\AppData\Local\Packages\PythonSoftwareFoundation.Python.3.13_qbz5n2kfra8p0\LocalCache\local-packages\Python313\site-packages\telegram\ext\_extbot.py", line 543, in get_updates
    updates = await super().get_updates(
              ^^^^^^^^^^^^^^^^^^^^^^^^^^
    ...<9 lines>...
    )
    ^
  File "C:\Users\Lenovo\AppData\Local\Packages\PythonSoftwareFoundation.Python.3.13_qbz5n2kfra8p0\LocalCache\local-packages\Python313\site-packages\telegram\_bot.py", line 381, in decorator
    result = await func(self, *args, **kwargs)  # skipcq: PYL-E1102
             ^^^^^^^^^^^^^^^^^^^^^^^^^^^^^^^^^
  File "C:\Users\Lenovo\AppData\Local\Packages\PythonSoftwareFoundation.Python.3.13_qbz5n2kfra8p0\LocalCache\local-packages\Python313\site-packages\telegram\_bot.py", line 3661, in get_updates
    await self._post(
    ^^^^^^^^^^^^^^^^^
    ...<7 lines>...
    ),
    ^
  File "C:\Users\Lenovo\AppData\Local\Packages\PythonSoftwareFoundation.Python.3.13_qbz5n2kfra8p0\LocalCache\local-packages\Python313\site-packages\telegram\_bot.py", line 469, in _post
    return await self._do_post(
           ^^^^^^^^^^^^^^^^^^^^
    ...<6 lines>...
    )
    ^
  File "C:\Users\Lenovo\AppData\Local\Packages\PythonSoftwareFoundation.Python.3.13_qbz5n2kfra8p0\LocalCache\local-packages\Python313\site-packages\telegram\ext\_extbot.py", line 325, in _do_post
    return await super()._do_post(
           ^^^^^^^^^^^^^^^^^^^^^^^
    ...<6 lines>...
    )
    ^
  File "C:\Users\Lenovo\AppData\Local\Packages\PythonSoftwareFoundation.Python.3.13_qbz5n2kfra8p0\LocalCache\local-packages\Python313\site-packages\telegram\_bot.py", line 497, in _do_post
    return await request.post(
           ^^^^^^^^^^^^^^^^^^^
    ...<6 lines>...
    )
    ^
  File "C:\Users\Lenovo\AppData\Local\Packages\PythonSoftwareFoundation.Python.3.13_qbz5n2kfra8p0\LocalCache\local-packages\Python313\site-packages\telegram\request\_baserequest.py", line 168, in post
    result = await self._request_wrapper(
             ^^^^^^^^^^^^^^^^^^^^^^^^^^^^
    ...<7 lines>...
    )
    ^
  File "C:\Users\Lenovo\AppData\Local\Packages\PythonSoftwareFoundation.Python.3.13_qbz5n2kfra8p0\LocalCache\local-packages\Python313\site-packages\telegram\request\_baserequest.py", line 330, in _request_wrapper
    raise Conflict(message)
telegram.error.Conflict: Conflict: terminated by other getUpdates request; make sure that only one bot instance is running
2025-09-28 00:10:57,737 - __main__ - ERROR - Update None caused error Conflict: terminated by other getUpdates request; make sure that only one bot instance is running
2025-09-28 00:11:11,881 - httpx - INFO - HTTP Request: POST https://api.telegram.org/bot7481731907:AAGA8Rmu3eC5QUyhUcl4DuaVaH08qA9O4sE/sendPoll "HTTP/1.1 200 OK"
2025-09-28 00:11:17,136 - httpx - INFO - HTTP Request: POST https://api.telegram.org/bot7481731907:AAGA8Rmu3eC5QUyhUcl4DuaVaH08qA9O4sE/getUpdates "HTTP/1.1 200 OK"
2025-09-28 00:11:20,771 - httpx - INFO - HTTP Request: POST https://api.telegram.org/bot7481731907:AAGA8Rmu3eC5QUyhUcl4DuaVaH08qA9O4sE/getUpdates "HTTP/1.1 409 Conflict"
2025-09-28 00:11:20,772 - telegram.ext.Updater - ERROR - Error while getting Updates: Conflict: terminated by other getUpdates request; make sure that only one bot instance is running
2025-09-28 00:11:20,773 - __main__ - ERROR - Exception while handling an update:
Traceback (most recent call last):
  File "C:\Users\Lenovo\AppData\Local\Packages\PythonSoftwareFoundation.Python.3.13_qbz5n2kfra8p0\LocalCache\local-packages\Python313\site-packages\telegram\ext\_updater.py", line 607, in _network_loop_retry
    if not await action_cb():
           ^^^^^^^^^^^^^^^^^
  File "C:\Users\Lenovo\AppData\Local\Packages\PythonSoftwareFoundation.Python.3.13_qbz5n2kfra8p0\LocalCache\local-packages\Python313\site-packages\telegram\ext\_updater.py", line 335, in polling_action_cb
    raise exc
  File "C:\Users\Lenovo\AppData\Local\Packages\PythonSoftwareFoundation.Python.3.13_qbz5n2kfra8p0\LocalCache\local-packages\Python313\site-packages\telegram\ext\_updater.py", line 320, in polling_action_cb
    updates = await self.bot.get_updates(
              ^^^^^^^^^^^^^^^^^^^^^^^^^^^
    ...<7 lines>...
    )
    ^
  File "C:\Users\Lenovo\AppData\Local\Packages\PythonSoftwareFoundation.Python.3.13_qbz5n2kfra8p0\LocalCache\local-packages\Python313\site-packages\telegram\ext\_extbot.py", line 543, in get_updates
    updates = await super().get_updates(
              ^^^^^^^^^^^^^^^^^^^^^^^^^^
    ...<9 lines>...
    )
    ^
  File "C:\Users\Lenovo\AppData\Local\Packages\PythonSoftwareFoundation.Python.3.13_qbz5n2kfra8p0\LocalCache\local-packages\Python313\site-packages\telegram\_bot.py", line 381, in decorator
    result = await func(self, *args, **kwargs)  # skipcq: PYL-E1102
             ^^^^^^^^^^^^^^^^^^^^^^^^^^^^^^^^^
  File "C:\Users\Lenovo\AppData\Local\Packages\PythonSoftwareFoundation.Python.3.13_qbz5n2kfra8p0\LocalCache\local-packages\Python313\site-packages\telegram\_bot.py", line 3661, in get_updates
    await self._post(
    ^^^^^^^^^^^^^^^^^
    ...<7 lines>...
    ),
    ^
  File "C:\Users\Lenovo\AppData\Local\Packages\PythonSoftwareFoundation.Python.3.13_qbz5n2kfra8p0\LocalCache\local-packages\Python313\site-packages\telegram\_bot.py", line 469, in _post
    return await self._do_post(
           ^^^^^^^^^^^^^^^^^^^^
    ...<6 lines>...
    )
    ^
  File "C:\Users\Lenovo\AppData\Local\Packages\PythonSoftwareFoundation.Python.3.13_qbz5n2kfra8p0\LocalCache\local-packages\Python313\site-packages\telegram\ext\_extbot.py", line 325, in _do_post
    return await super()._do_post(
           ^^^^^^^^^^^^^^^^^^^^^^^
    ...<6 lines>...
    )
    ^
  File "C:\Users\Lenovo\AppData\Local\Packages\PythonSoftwareFoundation.Python.3.13_qbz5n2kfra8p0\LocalCache\local-packages\Python313\site-packages\telegram\_bot.py", line 497, in _do_post
    return await request.post(
           ^^^^^^^^^^^^^^^^^^^
    ...<6 lines>...
    )
    ^
  File "C:\Users\Lenovo\AppData\Local\Packages\PythonSoftwareFoundation.Python.3.13_qbz5n2kfra8p0\LocalCache\local-packages\Python313\site-packages\telegram\request\_baserequest.py", line 168, in post
    result = await self._request_wrapper(
             ^^^^^^^^^^^^^^^^^^^^^^^^^^^^
    ...<7 lines>...
    )
    ^
  File "C:\Users\Lenovo\AppData\Local\Packages\PythonSoftwareFoundation.Python.3.13_qbz5n2kfra8p0\LocalCache\local-packages\Python313\site-packages\telegram\request\_baserequest.py", line 330, in _request_wrapper
    raise Conflict(message)
telegram.error.Conflict: Conflict: terminated by other getUpdates request; make sure that only one bot instance is running
2025-09-28 00:11:20,778 - __main__ - ERROR - Update None caused error Conflict: terminated by other getUpdates request; make sure that only one bot instance is running
2025-09-28 00:11:33,181 - httpx - INFO - HTTP Request: POST https://api.telegram.org/bot7481731907:AAGA8Rmu3eC5QUyhUcl4DuaVaH08qA9O4sE/sendPoll "HTTP/1.1 200 OK"
2025-09-28 00:11:36,753 - httpx - INFO - HTTP Request: POST https://api.telegram.org/bot7481731907:AAGA8Rmu3eC5QUyhUcl4DuaVaH08qA9O4sE/getUpdates "HTTP/1.1 200 OK"
2025-09-28 00:11:52,301 - httpx - INFO - HTTP Request: POST https://api.telegram.org/bot7481731907:AAGA8Rmu3eC5QUyhUcl4DuaVaH08qA9O4sE/getUpdates "HTTP/1.1 409 Conflict"
2025-09-28 00:11:52,303 - telegram.ext.Updater - ERROR - Error while getting Updates: Conflict: terminated by other getUpdates request; make sure that only one bot instance is running
2025-09-28 00:11:52,304 - __main__ - ERROR - Exception while handling an update:
Traceback (most recent call last):
  File "C:\Users\Lenovo\AppData\Local\Packages\PythonSoftwareFoundation.Python.3.13_qbz5n2kfra8p0\LocalCache\local-packages\Python313\site-packages\telegram\ext\_updater.py", line 607, in _network_loop_retry
    if not await action_cb():
           ^^^^^^^^^^^^^^^^^
  File "C:\Users\Lenovo\AppData\Local\Packages\PythonSoftwareFoundation.Python.3.13_qbz5n2kfra8p0\LocalCache\local-packages\Python313\site-packages\telegram\ext\_updater.py", line 335, in polling_action_cb
    raise exc
  File "C:\Users\Lenovo\AppData\Local\Packages\PythonSoftwareFoundation.Python.3.13_qbz5n2kfra8p0\LocalCache\local-packages\Python313\site-packages\telegram\ext\_updater.py", line 320, in polling_action_cb
    updates = await self.bot.get_updates(
              ^^^^^^^^^^^^^^^^^^^^^^^^^^^
    ...<7 lines>...
    )
    ^
  File "C:\Users\Lenovo\AppData\Local\Packages\PythonSoftwareFoundation.Python.3.13_qbz5n2kfra8p0\LocalCache\local-packages\Python313\site-packages\telegram\ext\_extbot.py", line 543, in get_updates
    updates = await super().get_updates(
              ^^^^^^^^^^^^^^^^^^^^^^^^^^
    ...<9 lines>...
    )
    ^
  File "C:\Users\Lenovo\AppData\Local\Packages\PythonSoftwareFoundation.Python.3.13_qbz5n2kfra8p0\LocalCache\local-packages\Python313\site-packages\telegram\_bot.py", line 381, in decorator
    result = await func(self, *args, **kwargs)  # skipcq: PYL-E1102
             ^^^^^^^^^^^^^^^^^^^^^^^^^^^^^^^^^
  File "C:\Users\Lenovo\AppData\Local\Packages\PythonSoftwareFoundation.Python.3.13_qbz5n2kfra8p0\LocalCache\local-packages\Python313\site-packages\telegram\_bot.py", line 3661, in get_updates
    await self._post(
    ^^^^^^^^^^^^^^^^^
    ...<7 lines>...
    ),
    ^
  File "C:\Users\Lenovo\AppData\Local\Packages\PythonSoftwareFoundation.Python.3.13_qbz5n2kfra8p0\LocalCache\local-packages\Python313\site-packages\telegram\_bot.py", line 469, in _post
    return await self._do_post(
           ^^^^^^^^^^^^^^^^^^^^
    ...<6 lines>...
    )
    ^
  File "C:\Users\Lenovo\AppData\Local\Packages\PythonSoftwareFoundation.Python.3.13_qbz5n2kfra8p0\LocalCache\local-packages\Python313\site-packages\telegram\ext\_extbot.py", line 325, in _do_post
    return await super()._do_post(
           ^^^^^^^^^^^^^^^^^^^^^^^
    ...<6 lines>...
    )
    ^
  File "C:\Users\Lenovo\AppData\Local\Packages\PythonSoftwareFoundation.Python.3.13_qbz5n2kfra8p0\LocalCache\local-packages\Python313\site-packages\telegram\_bot.py", line 497, in _do_post
    return await request.post(
           ^^^^^^^^^^^^^^^^^^^
    ...<6 lines>...
    )
    ^
  File "C:\Users\Lenovo\AppData\Local\Packages\PythonSoftwareFoundation.Python.3.13_qbz5n2kfra8p0\LocalCache\local-packages\Python313\site-packages\telegram\request\_baserequest.py", line 168, in post
    result = await self._request_wrapper(
             ^^^^^^^^^^^^^^^^^^^^^^^^^^^^
    ...<7 lines>...
    )
    ^
  File "C:\Users\Lenovo\AppData\Local\Packages\PythonSoftwareFoundation.Python.3.13_qbz5n2kfra8p0\LocalCache\local-packages\Python313\site-packages\telegram\request\_baserequest.py", line 330, in _request_wrapper
    raise Conflict(message)
telegram.error.Conflict: Conflict: terminated by other getUpdates request; make sure that only one bot instance is running
2025-09-28 00:11:52,309 - __main__ - ERROR - Update None caused error Conflict: terminated by other getUpdates request; make sure that only one bot instance is running
2025-09-28 00:11:54,404 - httpx - INFO - HTTP Request: POST https://api.telegram.org/bot7481731907:AAGA8Rmu3eC5QUyhUcl4DuaVaH08qA9O4sE/sendMessage "HTTP/1.1 200 OK"
2025-09-28 00:11:54,893 - httpx - INFO - HTTP Request: POST https://api.telegram.org/bot7481731907:AAGA8Rmu3eC5QUyhUcl4DuaVaH08qA9O4sE/sendMessage "HTTP/1.1 200 OK"
2025-09-28 00:11:55,380 - httpx - INFO - HTTP Request: POST https://api.telegram.org/bot7481731907:AAGA8Rmu3eC5QUyhUcl4DuaVaH08qA9O4sE/sendMessage "HTTP/1.1 200 OK"
2025-09-28 00:11:57,278 - httpx - INFO - HTTP Request: POST https://api.telegram.org/bot7481731907:AAGA8Rmu3eC5QUyhUcl4DuaVaH08qA9O4sE/getUpdates "HTTP/1.1 200 OK"
2025-09-28 00:11:57,942 - httpx - INFO - HTTP Request: POST https://api.telegram.org/bot7481731907:AAGA8Rmu3eC5QUyhUcl4DuaVaH08qA9O4sE/sendMessage "HTTP/1.1 200 OK"
2025-09-28 00:11:57,943 - __main__ - INFO - Quiz report sent successfully.
2025-09-28 00:12:17,355 - httpx - INFO - HTTP Request: POST https://api.telegram.org/bot7481731907:AAGA8Rmu3eC5QUyhUcl4DuaVaH08qA9O4sE/getUpdates "HTTP/1.1 200 OK"
2025-09-28 00:12:18,625 - httpx - INFO - HTTP Request: POST https://api.telegram.org/bot7481731907:AAGA8Rmu3eC5QUyhUcl4DuaVaH08qA9O4sE/sendMessage "HTTP/1.1 200 OK"
2025-09-28 00:12:20,815 - httpx - INFO - HTTP Request: POST https://api.telegram.org/bot7481731907:AAGA8Rmu3eC5QUyhUcl4DuaVaH08qA9O4sE/getUpdates "HTTP/1.1 200 OK"
2025-09-28 00:12:21,308 - httpx - INFO - HTTP Request: POST https://api.telegram.org/bot7481731907:AAGA8Rmu3eC5QUyhUcl4DuaVaH08qA9O4sE/answerCallbackQuery "HTTP/1.1 200 OK"
2025-09-28 00:12:21,775 - httpx - INFO - HTTP Request: POST https://api.telegram.org/bot7481731907:AAGA8Rmu3eC5QUyhUcl4DuaVaH08qA9O4sE/editMessageText "HTTP/1.1 400 Bad Request"
2025-09-28 00:12:21,777 - __main__ - ERROR - Error showing directory: Message is not modified: specified new message content and reply markup are exactly the same as a current content and reply markup of the message
2025-09-28 00:12:22,287 - httpx - INFO - HTTP Request: POST https://api.telegram.org/bot7481731907:AAGA8Rmu3eC5QUyhUcl4DuaVaH08qA9O4sE/editMessageText "HTTP/1.1 200 OK"
2025-09-28 00:12:26,449 - httpx - INFO - HTTP Request: POST https://api.telegram.org/bot7481731907:AAGA8Rmu3eC5QUyhUcl4DuaVaH08qA9O4sE/getUpdates "HTTP/1.1 200 OK"
2025-09-28 00:12:26,970 - httpx - INFO - HTTP Request: POST https://api.telegram.org/bot7481731907:AAGA8Rmu3eC5QUyhUcl4DuaVaH08qA9O4sE/sendMessage "HTTP/1.1 200 OK"
2025-09-28 00:12:28,310 - httpx - INFO - HTTP Request: POST https://api.telegram.org/bot7481731907:AAGA8Rmu3eC5QUyhUcl4DuaVaH08qA9O4sE/getUpdates "HTTP/1.1 409 Conflict"
2025-09-28 00:12:28,312 - telegram.ext.Updater - ERROR - Error while getting Updates: Conflict: terminated by other getUpdates request; make sure that only one bot instance is running
2025-09-28 00:12:28,312 - __main__ - ERROR - Exception while handling an update:
Traceback (most recent call last):
  File "C:\Users\Lenovo\AppData\Local\Packages\PythonSoftwareFoundation.Python.3.13_qbz5n2kfra8p0\LocalCache\local-packages\Python313\site-packages\telegram\ext\_updater.py", line 607, in _network_loop_retry
    if not await action_cb():
           ^^^^^^^^^^^^^^^^^
  File "C:\Users\Lenovo\AppData\Local\Packages\PythonSoftwareFoundation.Python.3.13_qbz5n2kfra8p0\LocalCache\local-packages\Python313\site-packages\telegram\ext\_updater.py", line 335, in polling_action_cb
    raise exc
  File "C:\Users\Lenovo\AppData\Local\Packages\PythonSoftwareFoundation.Python.3.13_qbz5n2kfra8p0\LocalCache\local-packages\Python313\site-packages\telegram\ext\_updater.py", line 320, in polling_action_cb
    updates = await self.bot.get_updates(
              ^^^^^^^^^^^^^^^^^^^^^^^^^^^
    ...<7 lines>...
    )
    ^
  File "C:\Users\Lenovo\AppData\Local\Packages\PythonSoftwareFoundation.Python.3.13_qbz5n2kfra8p0\LocalCache\local-packages\Python313\site-packages\telegram\ext\_extbot.py", line 543, in get_updates
    updates = await super().get_updates(
              ^^^^^^^^^^^^^^^^^^^^^^^^^^
    ...<9 lines>...
    )
    ^
  File "C:\Users\Lenovo\AppData\Local\Packages\PythonSoftwareFoundation.Python.3.13_qbz5n2kfra8p0\LocalCache\local-packages\Python313\site-packages\telegram\_bot.py", line 381, in decorator
    result = await func(self, *args, **kwargs)  # skipcq: PYL-E1102
             ^^^^^^^^^^^^^^^^^^^^^^^^^^^^^^^^^
  File "C:\Users\Lenovo\AppData\Local\Packages\PythonSoftwareFoundation.Python.3.13_qbz5n2kfra8p0\LocalCache\local-packages\Python313\site-packages\telegram\_bot.py", line 3661, in get_updates
    await self._post(
    ^^^^^^^^^^^^^^^^^
    ...<7 lines>...
    ),
    ^
  File "C:\Users\Lenovo\AppData\Local\Packages\PythonSoftwareFoundation.Python.3.13_qbz5n2kfra8p0\LocalCache\local-packages\Python313\site-packages\telegram\_bot.py", line 469, in _post
    return await self._do_post(
           ^^^^^^^^^^^^^^^^^^^^
    ...<6 lines>...
    )
    ^
  File "C:\Users\Lenovo\AppData\Local\Packages\PythonSoftwareFoundation.Python.3.13_qbz5n2kfra8p0\LocalCache\local-packages\Python313\site-packages\telegram\ext\_extbot.py", line 325, in _do_post
    return await super()._do_post(
           ^^^^^^^^^^^^^^^^^^^^^^^
    ...<6 lines>...
    )
    ^
  File "C:\Users\Lenovo\AppData\Local\Packages\PythonSoftwareFoundation.Python.3.13_qbz5n2kfra8p0\LocalCache\local-packages\Python313\site-packages\telegram\_bot.py", line 497, in _do_post
    return await request.post(
           ^^^^^^^^^^^^^^^^^^^
    ...<6 lines>...
    )
    ^
  File "C:\Users\Lenovo\AppData\Local\Packages\PythonSoftwareFoundation.Python.3.13_qbz5n2kfra8p0\LocalCache\local-packages\Python313\site-packages\telegram\request\_baserequest.py", line 168, in post
    result = await self._request_wrapper(
             ^^^^^^^^^^^^^^^^^^^^^^^^^^^^
    ...<7 lines>...
    )
    ^
  File "C:\Users\Lenovo\AppData\Local\Packages\PythonSoftwareFoundation.Python.3.13_qbz5n2kfra8p0\LocalCache\local-packages\Python313\site-packages\telegram\request\_baserequest.py", line 330, in _request_wrapper
    raise Conflict(message)
telegram.error.Conflict: Conflict: terminated by other getUpdates request; make sure that only one bot instance is running
2025-09-28 00:12:28,317 - __main__ - ERROR - Update None caused error Conflict: terminated by other getUpdates request; make sure that only one bot instance is running
2025-09-28 00:12:32,191 - httpx - INFO - HTTP Request: POST https://api.telegram.org/bot7481731907:AAGA8Rmu3eC5QUyhUcl4DuaVaH08qA9O4sE/getUpdates "HTTP/1.1 200 OK"
2025-09-28 00:12:33,373 - httpx - INFO - HTTP Request: POST https://api.telegram.org/bot7481731907:AAGA8Rmu3eC5QUyhUcl4DuaVaH08qA9O4sE/answerCallbackQuery "HTTP/1.1 200 OK"
2025-09-28 00:12:33,886 - httpx - INFO - HTTP Request: POST https://api.telegram.org/bot7481731907:AAGA8Rmu3eC5QUyhUcl4DuaVaH08qA9O4sE/editMessageText "HTTP/1.1 200 OK"
2025-09-28 00:12:35,743 - httpx - INFO - HTTP Request: POST https://api.telegram.org/bot7481731907:AAGA8Rmu3eC5QUyhUcl4DuaVaH08qA9O4sE/getUpdates "HTTP/1.1 200 OK"
2025-09-28 00:12:36,215 - httpx - INFO - HTTP Request: POST https://api.telegram.org/bot7481731907:AAGA8Rmu3eC5QUyhUcl4DuaVaH08qA9O4sE/answerCallbackQuery "HTTP/1.1 200 OK"
2025-09-28 00:12:36,220 - __main__ - WARNING - Total options length (171) exceeds 100 chars
2025-09-28 00:12:36,221 - __main__ - WARNING - Total options length (160) exceeds 100 chars
2025-09-28 00:12:36,222 - __main__ - INFO - Created set.json with 5 questions.
2025-09-28 00:12:36,765 - httpx - INFO - HTTP Request: POST https://api.telegram.org/bot7481731907:AAGA8Rmu3eC5QUyhUcl4DuaVaH08qA9O4sE/editMessageText "HTTP/1.1 200 OK"
2025-09-28 00:12:41,374 - httpx - INFO - HTTP Request: POST https://api.telegram.org/bot7481731907:AAGA8Rmu3eC5QUyhUcl4DuaVaH08qA9O4sE/getUpdates "HTTP/1.1 200 OK"
2025-09-28 00:12:41,877 - httpx - INFO - HTTP Request: POST https://api.telegram.org/bot7481731907:AAGA8Rmu3eC5QUyhUcl4DuaVaH08qA9O4sE/sendMessage "HTTP/1.1 200 OK"
2025-09-28 00:13:04,086 - httpx - INFO - HTTP Request: POST https://api.telegram.org/bot7481731907:AAGA8Rmu3eC5QUyhUcl4DuaVaH08qA9O4sE/getUpdates "HTTP/1.1 409 Conflict"
2025-09-28 00:13:04,088 - telegram.ext.Updater - ERROR - Error while getting Updates: Conflict: terminated by other getUpdates request; make sure that only one bot instance is running
2025-09-28 00:13:04,088 - __main__ - ERROR - Exception while handling an update:
Traceback (most recent call last):
  File "C:\Users\Lenovo\AppData\Local\Packages\PythonSoftwareFoundation.Python.3.13_qbz5n2kfra8p0\LocalCache\local-packages\Python313\site-packages\telegram\ext\_updater.py", line 607, in _network_loop_retry
    if not await action_cb():
           ^^^^^^^^^^^^^^^^^
  File "C:\Users\Lenovo\AppData\Local\Packages\PythonSoftwareFoundation.Python.3.13_qbz5n2kfra8p0\LocalCache\local-packages\Python313\site-packages\telegram\ext\_updater.py", line 335, in polling_action_cb
    raise exc
  File "C:\Users\Lenovo\AppData\Local\Packages\PythonSoftwareFoundation.Python.3.13_qbz5n2kfra8p0\LocalCache\local-packages\Python313\site-packages\telegram\ext\_updater.py", line 320, in polling_action_cb
    updates = await self.bot.get_updates(
              ^^^^^^^^^^^^^^^^^^^^^^^^^^^
    ...<7 lines>...
    )
    ^
  File "C:\Users\Lenovo\AppData\Local\Packages\PythonSoftwareFoundation.Python.3.13_qbz5n2kfra8p0\LocalCache\local-packages\Python313\site-packages\telegram\ext\_extbot.py", line 543, in get_updates
    updates = await super().get_updates(
              ^^^^^^^^^^^^^^^^^^^^^^^^^^
    ...<9 lines>...
    )
    ^
  File "C:\Users\Lenovo\AppData\Local\Packages\PythonSoftwareFoundation.Python.3.13_qbz5n2kfra8p0\LocalCache\local-packages\Python313\site-packages\telegram\_bot.py", line 381, in decorator
    result = await func(self, *args, **kwargs)  # skipcq: PYL-E1102
             ^^^^^^^^^^^^^^^^^^^^^^^^^^^^^^^^^
  File "C:\Users\Lenovo\AppData\Local\Packages\PythonSoftwareFoundation.Python.3.13_qbz5n2kfra8p0\LocalCache\local-packages\Python313\site-packages\telegram\_bot.py", line 3661, in get_updates
    await self._post(
    ^^^^^^^^^^^^^^^^^
    ...<7 lines>...
    ),
    ^
  File "C:\Users\Lenovo\AppData\Local\Packages\PythonSoftwareFoundation.Python.3.13_qbz5n2kfra8p0\LocalCache\local-packages\Python313\site-packages\telegram\_bot.py", line 469, in _post
    return await self._do_post(
           ^^^^^^^^^^^^^^^^^^^^
    ...<6 lines>...
    )
    ^
  File "C:\Users\Lenovo\AppData\Local\Packages\PythonSoftwareFoundation.Python.3.13_qbz5n2kfra8p0\LocalCache\local-packages\Python313\site-packages\telegram\ext\_extbot.py", line 325, in _do_post
    return await super()._do_post(
           ^^^^^^^^^^^^^^^^^^^^^^^
    ...<6 lines>...
    )
    ^
  File "C:\Users\Lenovo\AppData\Local\Packages\PythonSoftwareFoundation.Python.3.13_qbz5n2kfra8p0\LocalCache\local-packages\Python313\site-packages\telegram\_bot.py", line 497, in _do_post
    return await request.post(
           ^^^^^^^^^^^^^^^^^^^
    ...<6 lines>...
    )
    ^
  File "C:\Users\Lenovo\AppData\Local\Packages\PythonSoftwareFoundation.Python.3.13_qbz5n2kfra8p0\LocalCache\local-packages\Python313\site-packages\telegram\request\_baserequest.py", line 168, in post
    result = await self._request_wrapper(
             ^^^^^^^^^^^^^^^^^^^^^^^^^^^^
    ...<7 lines>...
    )
    ^
  File "C:\Users\Lenovo\AppData\Local\Packages\PythonSoftwareFoundation.Python.3.13_qbz5n2kfra8p0\LocalCache\local-packages\Python313\site-packages\telegram\request\_baserequest.py", line 330, in _request_wrapper
    raise Conflict(message)
telegram.error.Conflict: Conflict: terminated by other getUpdates request; make sure that only one bot instance is running
2025-09-28 00:13:04,093 - __main__ - ERROR - Update None caused error Conflict: terminated by other getUpdates request; make sure that only one bot instance is running
2025-09-28 00:13:33,890 - httpx - INFO - HTTP Request: POST https://api.telegram.org/bot7481731907:AAGA8Rmu3eC5QUyhUcl4DuaVaH08qA9O4sE/getUpdates "HTTP/1.1 200 OK"
2025-09-28 00:13:35,023 - httpx - INFO - HTTP Request: POST https://api.telegram.org/bot7481731907:AAGA8Rmu3eC5QUyhUcl4DuaVaH08qA9O4sE/sendPoll "HTTP/1.1 200 OK"
2025-09-28 00:13:39,934 - httpx - INFO - HTTP Request: POST https://api.telegram.org/bot7481731907:AAGA8Rmu3eC5QUyhUcl4DuaVaH08qA9O4sE/getUpdates "HTTP/1.1 409 Conflict"
2025-09-28 00:13:39,935 - telegram.ext.Updater - ERROR - Error while getting Updates: Conflict: terminated by other getUpdates request; make sure that only one bot instance is running
2025-09-28 00:13:39,936 - __main__ - ERROR - Exception while handling an update:
Traceback (most recent call last):
  File "C:\Users\Lenovo\AppData\Local\Packages\PythonSoftwareFoundation.Python.3.13_qbz5n2kfra8p0\LocalCache\local-packages\Python313\site-packages\telegram\ext\_updater.py", line 607, in _network_loop_retry
    if not await action_cb():
           ^^^^^^^^^^^^^^^^^
  File "C:\Users\Lenovo\AppData\Local\Packages\PythonSoftwareFoundation.Python.3.13_qbz5n2kfra8p0\LocalCache\local-packages\Python313\site-packages\telegram\ext\_updater.py", line 335, in polling_action_cb
    raise exc
  File "C:\Users\Lenovo\AppData\Local\Packages\PythonSoftwareFoundation.Python.3.13_qbz5n2kfra8p0\LocalCache\local-packages\Python313\site-packages\telegram\ext\_updater.py", line 320, in polling_action_cb
    updates = await self.bot.get_updates(
              ^^^^^^^^^^^^^^^^^^^^^^^^^^^
    ...<7 lines>...
    )
    ^
  File "C:\Users\Lenovo\AppData\Local\Packages\PythonSoftwareFoundation.Python.3.13_qbz5n2kfra8p0\LocalCache\local-packages\Python313\site-packages\telegram\ext\_extbot.py", line 543, in get_updates
    updates = await super().get_updates(
              ^^^^^^^^^^^^^^^^^^^^^^^^^^
    ...<9 lines>...
    )
    ^
  File "C:\Users\Lenovo\AppData\Local\Packages\PythonSoftwareFoundation.Python.3.13_qbz5n2kfra8p0\LocalCache\local-packages\Python313\site-packages\telegram\_bot.py", line 381, in decorator
    result = await func(self, *args, **kwargs)  # skipcq: PYL-E1102
             ^^^^^^^^^^^^^^^^^^^^^^^^^^^^^^^^^
  File "C:\Users\Lenovo\AppData\Local\Packages\PythonSoftwareFoundation.Python.3.13_qbz5n2kfra8p0\LocalCache\local-packages\Python313\site-packages\telegram\_bot.py", line 3661, in get_updates
    await self._post(
    ^^^^^^^^^^^^^^^^^
    ...<7 lines>...
    ),
    ^
  File "C:\Users\Lenovo\AppData\Local\Packages\PythonSoftwareFoundation.Python.3.13_qbz5n2kfra8p0\LocalCache\local-packages\Python313\site-packages\telegram\_bot.py", line 469, in _post
    return await self._do_post(
           ^^^^^^^^^^^^^^^^^^^^
    ...<6 lines>...
    )
    ^
  File "C:\Users\Lenovo\AppData\Local\Packages\PythonSoftwareFoundation.Python.3.13_qbz5n2kfra8p0\LocalCache\local-packages\Python313\site-packages\telegram\ext\_extbot.py", line 325, in _do_post
    return await super()._do_post(
           ^^^^^^^^^^^^^^^^^^^^^^^
    ...<6 lines>...
    )
    ^
  File "C:\Users\Lenovo\AppData\Local\Packages\PythonSoftwareFoundation.Python.3.13_qbz5n2kfra8p0\LocalCache\local-packages\Python313\site-packages\telegram\_bot.py", line 497, in _do_post
    return await request.post(
           ^^^^^^^^^^^^^^^^^^^
    ...<6 lines>...
    )
    ^
  File "C:\Users\Lenovo\AppData\Local\Packages\PythonSoftwareFoundation.Python.3.13_qbz5n2kfra8p0\LocalCache\local-packages\Python313\site-packages\telegram\request\_baserequest.py", line 168, in post
    result = await self._request_wrapper(
             ^^^^^^^^^^^^^^^^^^^^^^^^^^^^
    ...<7 lines>...
    )
    ^
  File "C:\Users\Lenovo\AppData\Local\Packages\PythonSoftwareFoundation.Python.3.13_qbz5n2kfra8p0\LocalCache\local-packages\Python313\site-packages\telegram\request\_baserequest.py", line 330, in _request_wrapper
    raise Conflict(message)
telegram.error.Conflict: Conflict: terminated by other getUpdates request; make sure that only one bot instance is running
2025-09-28 00:13:39,942 - __main__ - ERROR - Update None caused error Conflict: terminated by other getUpdates request; make sure that only one bot instance is running
2025-09-28 00:13:47,006 - httpx - INFO - HTTP Request: POST https://api.telegram.org/bot7481731907:AAGA8Rmu3eC5QUyhUcl4DuaVaH08qA9O4sE/getUpdates "HTTP/1.1 200 OK"
2025-09-28 00:13:56,411 - httpx - INFO - HTTP Request: POST https://api.telegram.org/bot7481731907:AAGA8Rmu3eC5QUyhUcl4DuaVaH08qA9O4sE/sendPoll "HTTP/1.1 200 OK"
2025-09-28 00:14:02,285 - httpx - INFO - HTTP Request: POST https://api.telegram.org/bot7481731907:AAGA8Rmu3eC5QUyhUcl4DuaVaH08qA9O4sE/getUpdates "HTTP/1.1 200 OK"
2025-09-28 00:14:15,863 - httpx - INFO - HTTP Request: POST https://api.telegram.org/bot7481731907:AAGA8Rmu3eC5QUyhUcl4DuaVaH08qA9O4sE/getUpdates "HTTP/1.1 409 Conflict"
2025-09-28 00:14:15,864 - telegram.ext.Updater - ERROR - Error while getting Updates: Conflict: terminated by other getUpdates request; make sure that only one bot instance is running
2025-09-28 00:14:15,865 - __main__ - ERROR - Exception while handling an update:
Traceback (most recent call last):
  File "C:\Users\Lenovo\AppData\Local\Packages\PythonSoftwareFoundation.Python.3.13_qbz5n2kfra8p0\LocalCache\local-packages\Python313\site-packages\telegram\ext\_updater.py", line 607, in _network_loop_retry
    if not await action_cb():
           ^^^^^^^^^^^^^^^^^
  File "C:\Users\Lenovo\AppData\Local\Packages\PythonSoftwareFoundation.Python.3.13_qbz5n2kfra8p0\LocalCache\local-packages\Python313\site-packages\telegram\ext\_updater.py", line 335, in polling_action_cb
    raise exc
  File "C:\Users\Lenovo\AppData\Local\Packages\PythonSoftwareFoundation.Python.3.13_qbz5n2kfra8p0\LocalCache\local-packages\Python313\site-packages\telegram\ext\_updater.py", line 320, in polling_action_cb
    updates = await self.bot.get_updates(
              ^^^^^^^^^^^^^^^^^^^^^^^^^^^
    ...<7 lines>...
    )
    ^
  File "C:\Users\Lenovo\AppData\Local\Packages\PythonSoftwareFoundation.Python.3.13_qbz5n2kfra8p0\LocalCache\local-packages\Python313\site-packages\telegram\ext\_extbot.py", line 543, in get_updates
    updates = await super().get_updates(
              ^^^^^^^^^^^^^^^^^^^^^^^^^^
    ...<9 lines>...
    )
    ^
  File "C:\Users\Lenovo\AppData\Local\Packages\PythonSoftwareFoundation.Python.3.13_qbz5n2kfra8p0\LocalCache\local-packages\Python313\site-packages\telegram\_bot.py", line 381, in decorator
    result = await func(self, *args, **kwargs)  # skipcq: PYL-E1102
             ^^^^^^^^^^^^^^^^^^^^^^^^^^^^^^^^^
  File "C:\Users\Lenovo\AppData\Local\Packages\PythonSoftwareFoundation.Python.3.13_qbz5n2kfra8p0\LocalCache\local-packages\Python313\site-packages\telegram\_bot.py", line 3661, in get_updates
    await self._post(
    ^^^^^^^^^^^^^^^^^
    ...<7 lines>...
    ),
    ^
  File "C:\Users\Lenovo\AppData\Local\Packages\PythonSoftwareFoundation.Python.3.13_qbz5n2kfra8p0\LocalCache\local-packages\Python313\site-packages\telegram\_bot.py", line 469, in _post
    return await self._do_post(
           ^^^^^^^^^^^^^^^^^^^^
    ...<6 lines>...
    )
    ^
  File "C:\Users\Lenovo\AppData\Local\Packages\PythonSoftwareFoundation.Python.3.13_qbz5n2kfra8p0\LocalCache\local-packages\Python313\site-packages\telegram\ext\_extbot.py", line 325, in _do_post
    return await super()._do_post(
           ^^^^^^^^^^^^^^^^^^^^^^^
    ...<6 lines>...
    )
    ^
  File "C:\Users\Lenovo\AppData\Local\Packages\PythonSoftwareFoundation.Python.3.13_qbz5n2kfra8p0\LocalCache\local-packages\Python313\site-packages\telegram\_bot.py", line 497, in _do_post
    return await request.post(
           ^^^^^^^^^^^^^^^^^^^
    ...<6 lines>...
    )
    ^
  File "C:\Users\Lenovo\AppData\Local\Packages\PythonSoftwareFoundation.Python.3.13_qbz5n2kfra8p0\LocalCache\local-packages\Python313\site-packages\telegram\request\_baserequest.py", line 168, in post
    result = await self._request_wrapper(
             ^^^^^^^^^^^^^^^^^^^^^^^^^^^^
    ...<7 lines>...
    )
    ^
  File "C:\Users\Lenovo\AppData\Local\Packages\PythonSoftwareFoundation.Python.3.13_qbz5n2kfra8p0\LocalCache\local-packages\Python313\site-packages\telegram\request\_baserequest.py", line 330, in _request_wrapper
    raise Conflict(message)
telegram.error.Conflict: Conflict: terminated by other getUpdates request; make sure that only one bot instance is running
2025-09-28 00:14:15,870 - __main__ - ERROR - Update None caused error Conflict: terminated by other getUpdates request; make sure that only one bot instance is running
2025-09-28 00:14:17,989 - httpx - INFO - HTTP Request: POST https://api.telegram.org/bot7481731907:AAGA8Rmu3eC5QUyhUcl4DuaVaH08qA9O4sE/sendPoll "HTTP/1.1 200 OK"
2025-09-28 00:14:23,667 - httpx - INFO - HTTP Request: POST https://api.telegram.org/bot7481731907:AAGA8Rmu3eC5QUyhUcl4DuaVaH08qA9O4sE/getUpdates "HTTP/1.1 200 OK"
2025-09-28 00:14:39,216 - httpx - INFO - HTTP Request: POST https://api.telegram.org/bot7481731907:AAGA8Rmu3eC5QUyhUcl4DuaVaH08qA9O4sE/sendPoll "HTTP/1.1 200 OK"
2025-09-28 00:14:48,871 - httpx - INFO - HTTP Request: POST https://api.telegram.org/bot7481731907:AAGA8Rmu3eC5QUyhUcl4DuaVaH08qA9O4sE/getUpdates "HTTP/1.1 200 OK"
2025-09-28 00:14:51,713 - httpx - INFO - HTTP Request: POST https://api.telegram.org/bot7481731907:AAGA8Rmu3eC5QUyhUcl4DuaVaH08qA9O4sE/getUpdates "HTTP/1.1 409 Conflict"
2025-09-28 00:14:51,714 - telegram.ext.Updater - ERROR - Error while getting Updates: Conflict: terminated by other getUpdates request; make sure that only one bot instance is running
2025-09-28 00:14:51,715 - __main__ - ERROR - Exception while handling an update:
Traceback (most recent call last):
  File "C:\Users\Lenovo\AppData\Local\Packages\PythonSoftwareFoundation.Python.3.13_qbz5n2kfra8p0\LocalCache\local-packages\Python313\site-packages\telegram\ext\_updater.py", line 607, in _network_loop_retry
    if not await action_cb():
           ^^^^^^^^^^^^^^^^^
  File "C:\Users\Lenovo\AppData\Local\Packages\PythonSoftwareFoundation.Python.3.13_qbz5n2kfra8p0\LocalCache\local-packages\Python313\site-packages\telegram\ext\_updater.py", line 335, in polling_action_cb
    raise exc
  File "C:\Users\Lenovo\AppData\Local\Packages\PythonSoftwareFoundation.Python.3.13_qbz5n2kfra8p0\LocalCache\local-packages\Python313\site-packages\telegram\ext\_updater.py", line 320, in polling_action_cb
    updates = await self.bot.get_updates(
              ^^^^^^^^^^^^^^^^^^^^^^^^^^^
    ...<7 lines>...
    )
    ^
  File "C:\Users\Lenovo\AppData\Local\Packages\PythonSoftwareFoundation.Python.3.13_qbz5n2kfra8p0\LocalCache\local-packages\Python313\site-packages\telegram\ext\_extbot.py", line 543, in get_updates
    updates = await super().get_updates(
              ^^^^^^^^^^^^^^^^^^^^^^^^^^
    ...<9 lines>...
    )
    ^
  File "C:\Users\Lenovo\AppData\Local\Packages\PythonSoftwareFoundation.Python.3.13_qbz5n2kfra8p0\LocalCache\local-packages\Python313\site-packages\telegram\_bot.py", line 381, in decorator
    result = await func(self, *args, **kwargs)  # skipcq: PYL-E1102
             ^^^^^^^^^^^^^^^^^^^^^^^^^^^^^^^^^
  File "C:\Users\Lenovo\AppData\Local\Packages\PythonSoftwareFoundation.Python.3.13_qbz5n2kfra8p0\LocalCache\local-packages\Python313\site-packages\telegram\_bot.py", line 3661, in get_updates
    await self._post(
    ^^^^^^^^^^^^^^^^^
    ...<7 lines>...
    ),
    ^
  File "C:\Users\Lenovo\AppData\Local\Packages\PythonSoftwareFoundation.Python.3.13_qbz5n2kfra8p0\LocalCache\local-packages\Python313\site-packages\telegram\_bot.py", line 469, in _post
    return await self._do_post(
           ^^^^^^^^^^^^^^^^^^^^
    ...<6 lines>...
    )
    ^
  File "C:\Users\Lenovo\AppData\Local\Packages\PythonSoftwareFoundation.Python.3.13_qbz5n2kfra8p0\LocalCache\local-packages\Python313\site-packages\telegram\ext\_extbot.py", line 325, in _do_post
    return await super()._do_post(
           ^^^^^^^^^^^^^^^^^^^^^^^
    ...<6 lines>...
    )
    ^
  File "C:\Users\Lenovo\AppData\Local\Packages\PythonSoftwareFoundation.Python.3.13_qbz5n2kfra8p0\LocalCache\local-packages\Python313\site-packages\telegram\_bot.py", line 497, in _do_post
    return await request.post(
           ^^^^^^^^^^^^^^^^^^^
    ...<6 lines>...
    )
    ^
  File "C:\Users\Lenovo\AppData\Local\Packages\PythonSoftwareFoundation.Python.3.13_qbz5n2kfra8p0\LocalCache\local-packages\Python313\site-packages\telegram\request\_baserequest.py", line 168, in post
    result = await self._request_wrapper(
             ^^^^^^^^^^^^^^^^^^^^^^^^^^^^
    ...<7 lines>...
    )
    ^
  File "C:\Users\Lenovo\AppData\Local\Packages\PythonSoftwareFoundation.Python.3.13_qbz5n2kfra8p0\LocalCache\local-packages\Python313\site-packages\telegram\request\_baserequest.py", line 330, in _request_wrapper
    raise Conflict(message)
telegram.error.Conflict: Conflict: terminated by other getUpdates request; make sure that only one bot instance is running
2025-09-28 00:14:51,720 - __main__ - ERROR - Update None caused error Conflict: terminated by other getUpdates request; make sure that only one bot instance is running
2025-09-28 00:15:00,451 - httpx - INFO - HTTP Request: POST https://api.telegram.org/bot7481731907:AAGA8Rmu3eC5QUyhUcl4DuaVaH08qA9O4sE/sendPoll "HTTP/1.1 200 OK"
2025-09-28 00:15:10,904 - httpx - INFO - HTTP Request: POST https://api.telegram.org/bot7481731907:AAGA8Rmu3eC5QUyhUcl4DuaVaH08qA9O4sE/getUpdates "HTTP/1.1 200 OK"
2025-09-28 00:15:21,585 - httpx - INFO - HTTP Request: POST https://api.telegram.org/bot7481731907:AAGA8Rmu3eC5QUyhUcl4DuaVaH08qA9O4sE/sendMessage "HTTP/1.1 200 OK"
2025-09-28 00:15:22,103 - httpx - INFO - HTTP Request: POST https://api.telegram.org/bot7481731907:AAGA8Rmu3eC5QUyhUcl4DuaVaH08qA9O4sE/sendMessage "HTTP/1.1 200 OK"
2025-09-28 00:15:22,630 - httpx - INFO - HTTP Request: POST https://api.telegram.org/bot7481731907:AAGA8Rmu3eC5QUyhUcl4DuaVaH08qA9O4sE/sendMessage "HTTP/1.1 200 OK"
2025-09-28 00:15:24,178 - httpx - INFO - HTTP Request: POST https://api.telegram.org/bot7481731907:AAGA8Rmu3eC5QUyhUcl4DuaVaH08qA9O4sE/getUpdates "HTTP/1.1 200 OK"
2025-09-28 00:15:24,799 - httpx - INFO - HTTP Request: POST https://api.telegram.org/bot7481731907:AAGA8Rmu3eC5QUyhUcl4DuaVaH08qA9O4sE/sendMessage "HTTP/1.1 200 OK"
2025-09-28 00:15:24,801 - __main__ - INFO - Quiz report sent successfully.
2025-09-28 00:15:27,606 - httpx - INFO - HTTP Request: POST https://api.telegram.org/bot7481731907:AAGA8Rmu3eC5QUyhUcl4DuaVaH08qA9O4sE/getUpdates "HTTP/1.1 409 Conflict"
2025-09-28 00:15:27,608 - telegram.ext.Updater - ERROR - Error while getting Updates: Conflict: terminated by other getUpdates request; make sure that only one bot instance is running
2025-09-28 00:15:27,608 - __main__ - ERROR - Exception while handling an update:
Traceback (most recent call last):
  File "C:\Users\Lenovo\AppData\Local\Packages\PythonSoftwareFoundation.Python.3.13_qbz5n2kfra8p0\LocalCache\local-packages\Python313\site-packages\telegram\ext\_updater.py", line 607, in _network_loop_retry
    if not await action_cb():
           ^^^^^^^^^^^^^^^^^
  File "C:\Users\Lenovo\AppData\Local\Packages\PythonSoftwareFoundation.Python.3.13_qbz5n2kfra8p0\LocalCache\local-packages\Python313\site-packages\telegram\ext\_updater.py", line 335, in polling_action_cb
    raise exc
  File "C:\Users\Lenovo\AppData\Local\Packages\PythonSoftwareFoundation.Python.3.13_qbz5n2kfra8p0\LocalCache\local-packages\Python313\site-packages\telegram\ext\_updater.py", line 320, in polling_action_cb
    updates = await self.bot.get_updates(
              ^^^^^^^^^^^^^^^^^^^^^^^^^^^
    ...<7 lines>...
    )
    ^
  File "C:\Users\Lenovo\AppData\Local\Packages\PythonSoftwareFoundation.Python.3.13_qbz5n2kfra8p0\LocalCache\local-packages\Python313\site-packages\telegram\ext\_extbot.py", line 543, in get_updates
    updates = await super().get_updates(
              ^^^^^^^^^^^^^^^^^^^^^^^^^^
    ...<9 lines>...
    )
    ^
  File "C:\Users\Lenovo\AppData\Local\Packages\PythonSoftwareFoundation.Python.3.13_qbz5n2kfra8p0\LocalCache\local-packages\Python313\site-packages\telegram\_bot.py", line 381, in decorator
    result = await func(self, *args, **kwargs)  # skipcq: PYL-E1102
             ^^^^^^^^^^^^^^^^^^^^^^^^^^^^^^^^^
  File "C:\Users\Lenovo\AppData\Local\Packages\PythonSoftwareFoundation.Python.3.13_qbz5n2kfra8p0\LocalCache\local-packages\Python313\site-packages\telegram\_bot.py", line 3661, in get_updates
    await self._post(
    ^^^^^^^^^^^^^^^^^
    ...<7 lines>...
    ),
    ^
  File "C:\Users\Lenovo\AppData\Local\Packages\PythonSoftwareFoundation.Python.3.13_qbz5n2kfra8p0\LocalCache\local-packages\Python313\site-packages\telegram\_bot.py", line 469, in _post
    return await self._do_post(
           ^^^^^^^^^^^^^^^^^^^^
    ...<6 lines>...
    )
    ^
  File "C:\Users\Lenovo\AppData\Local\Packages\PythonSoftwareFoundation.Python.3.13_qbz5n2kfra8p0\LocalCache\local-packages\Python313\site-packages\telegram\ext\_extbot.py", line 325, in _do_post
    return await super()._do_post(
           ^^^^^^^^^^^^^^^^^^^^^^^
    ...<6 lines>...
    )
    ^
  File "C:\Users\Lenovo\AppData\Local\Packages\PythonSoftwareFoundation.Python.3.13_qbz5n2kfra8p0\LocalCache\local-packages\Python313\site-packages\telegram\_bot.py", line 497, in _do_post
    return await request.post(
           ^^^^^^^^^^^^^^^^^^^
    ...<6 lines>...
    )
    ^
  File "C:\Users\Lenovo\AppData\Local\Packages\PythonSoftwareFoundation.Python.3.13_qbz5n2kfra8p0\LocalCache\local-packages\Python313\site-packages\telegram\request\_baserequest.py", line 168, in post
    result = await self._request_wrapper(
             ^^^^^^^^^^^^^^^^^^^^^^^^^^^^
    ...<7 lines>...
    )
    ^
  File "C:\Users\Lenovo\AppData\Local\Packages\PythonSoftwareFoundation.Python.3.13_qbz5n2kfra8p0\LocalCache\local-packages\Python313\site-packages\telegram\request\_baserequest.py", line 330, in _request_wrapper
    raise Conflict(message)
telegram.error.Conflict: Conflict: terminated by other getUpdates request; make sure that only one bot instance is running
2025-09-28 00:15:27,615 - __main__ - ERROR - Update None caused error Conflict: terminated by other getUpdates request; make sure that only one bot instance is running
2025-09-28 00:15:34,686 - httpx - INFO - HTTP Request: POST https://api.telegram.org/bot7481731907:AAGA8Rmu3eC5QUyhUcl4DuaVaH08qA9O4sE/getUpdates "HTTP/1.1 200 OK"
2025-09-28 00:15:35,921 - httpx - INFO - HTTP Request: POST https://api.telegram.org/bot7481731907:AAGA8Rmu3eC5QUyhUcl4DuaVaH08qA9O4sE/sendMessage "HTTP/1.1 200 OK"
2025-09-28 00:15:38,916 - httpx - INFO - HTTP Request: POST https://api.telegram.org/bot7481731907:AAGA8Rmu3eC5QUyhUcl4DuaVaH08qA9O4sE/getUpdates "HTTP/1.1 200 OK"
2025-09-28 00:15:39,405 - httpx - INFO - HTTP Request: POST https://api.telegram.org/bot7481731907:AAGA8Rmu3eC5QUyhUcl4DuaVaH08qA9O4sE/answerCallbackQuery "HTTP/1.1 200 OK"
2025-09-28 00:15:39,952 - httpx - INFO - HTTP Request: POST https://api.telegram.org/bot7481731907:AAGA8Rmu3eC5QUyhUcl4DuaVaH08qA9O4sE/editMessageText "HTTP/1.1 200 OK"
2025-09-28 00:16:03,500 - httpx - INFO - HTTP Request: POST https://api.telegram.org/bot7481731907:AAGA8Rmu3eC5QUyhUcl4DuaVaH08qA9O4sE/getUpdates "HTTP/1.1 409 Conflict"
2025-09-28 00:16:03,502 - telegram.ext.Updater - ERROR - Error while getting Updates: Conflict: terminated by other getUpdates request; make sure that only one bot instance is running
2025-09-28 00:16:03,503 - __main__ - ERROR - Exception while handling an update:
Traceback (most recent call last):
  File "C:\Users\Lenovo\AppData\Local\Packages\PythonSoftwareFoundation.Python.3.13_qbz5n2kfra8p0\LocalCache\local-packages\Python313\site-packages\telegram\ext\_updater.py", line 607, in _network_loop_retry
    if not await action_cb():
           ^^^^^^^^^^^^^^^^^
  File "C:\Users\Lenovo\AppData\Local\Packages\PythonSoftwareFoundation.Python.3.13_qbz5n2kfra8p0\LocalCache\local-packages\Python313\site-packages\telegram\ext\_updater.py", line 335, in polling_action_cb
    raise exc
  File "C:\Users\Lenovo\AppData\Local\Packages\PythonSoftwareFoundation.Python.3.13_qbz5n2kfra8p0\LocalCache\local-packages\Python313\site-packages\telegram\ext\_updater.py", line 320, in polling_action_cb
    updates = await self.bot.get_updates(
              ^^^^^^^^^^^^^^^^^^^^^^^^^^^
    ...<7 lines>...
    )
    ^
  File "C:\Users\Lenovo\AppData\Local\Packages\PythonSoftwareFoundation.Python.3.13_qbz5n2kfra8p0\LocalCache\local-packages\Python313\site-packages\telegram\ext\_extbot.py", line 543, in get_updates
    updates = await super().get_updates(
              ^^^^^^^^^^^^^^^^^^^^^^^^^^
    ...<9 lines>...
    )
    ^
  File "C:\Users\Lenovo\AppData\Local\Packages\PythonSoftwareFoundation.Python.3.13_qbz5n2kfra8p0\LocalCache\local-packages\Python313\site-packages\telegram\_bot.py", line 381, in decorator
    result = await func(self, *args, **kwargs)  # skipcq: PYL-E1102
             ^^^^^^^^^^^^^^^^^^^^^^^^^^^^^^^^^
  File "C:\Users\Lenovo\AppData\Local\Packages\PythonSoftwareFoundation.Python.3.13_qbz5n2kfra8p0\LocalCache\local-packages\Python313\site-packages\telegram\_bot.py", line 3661, in get_updates
    await self._post(
    ^^^^^^^^^^^^^^^^^
    ...<7 lines>...
    ),
    ^
  File "C:\Users\Lenovo\AppData\Local\Packages\PythonSoftwareFoundation.Python.3.13_qbz5n2kfra8p0\LocalCache\local-packages\Python313\site-packages\telegram\_bot.py", line 469, in _post
    return await self._do_post(
           ^^^^^^^^^^^^^^^^^^^^
    ...<6 lines>...
    )
    ^
  File "C:\Users\Lenovo\AppData\Local\Packages\PythonSoftwareFoundation.Python.3.13_qbz5n2kfra8p0\LocalCache\local-packages\Python313\site-packages\telegram\ext\_extbot.py", line 325, in _do_post
    return await super()._do_post(
           ^^^^^^^^^^^^^^^^^^^^^^^
    ...<6 lines>...
    )
    ^
  File "C:\Users\Lenovo\AppData\Local\Packages\PythonSoftwareFoundation.Python.3.13_qbz5n2kfra8p0\LocalCache\local-packages\Python313\site-packages\telegram\_bot.py", line 497, in _do_post
    return await request.post(
           ^^^^^^^^^^^^^^^^^^^
    ...<6 lines>...
    )
    ^
  File "C:\Users\Lenovo\AppData\Local\Packages\PythonSoftwareFoundation.Python.3.13_qbz5n2kfra8p0\LocalCache\local-packages\Python313\site-packages\telegram\request\_baserequest.py", line 168, in post
    result = await self._request_wrapper(
             ^^^^^^^^^^^^^^^^^^^^^^^^^^^^
    ...<7 lines>...
    )
    ^
  File "C:\Users\Lenovo\AppData\Local\Packages\PythonSoftwareFoundation.Python.3.13_qbz5n2kfra8p0\LocalCache\local-packages\Python313\site-packages\telegram\request\_baserequest.py", line 330, in _request_wrapper
    raise Conflict(message)
telegram.error.Conflict: Conflict: terminated by other getUpdates request; make sure that only one bot instance is running
2025-09-28 00:16:03,508 - __main__ - ERROR - Update None caused error Conflict: terminated by other getUpdates request; make sure that only one bot instance is running
2025-09-28 00:16:35,382 - httpx - INFO - HTTP Request: POST https://api.telegram.org/bot7481731907:AAGA8Rmu3eC5QUyhUcl4DuaVaH08qA9O4sE/getUpdates "HTTP/1.1 200 OK"
2025-09-28 00:16:39,438 - httpx - INFO - HTTP Request: POST https://api.telegram.org/bot7481731907:AAGA8Rmu3eC5QUyhUcl4DuaVaH08qA9O4sE/getUpdates "HTTP/1.1 409 Conflict"
2025-09-28 00:16:39,439 - telegram.ext.Updater - ERROR - Error while getting Updates: Conflict: terminated by other getUpdates request; make sure that only one bot instance is running
2025-09-28 00:16:39,440 - __main__ - ERROR - Exception while handling an update:
Traceback (most recent call last):
  File "C:\Users\Lenovo\AppData\Local\Packages\PythonSoftwareFoundation.Python.3.13_qbz5n2kfra8p0\LocalCache\local-packages\Python313\site-packages\telegram\ext\_updater.py", line 607, in _network_loop_retry
    if not await action_cb():
           ^^^^^^^^^^^^^^^^^
  File "C:\Users\Lenovo\AppData\Local\Packages\PythonSoftwareFoundation.Python.3.13_qbz5n2kfra8p0\LocalCache\local-packages\Python313\site-packages\telegram\ext\_updater.py", line 335, in polling_action_cb
    raise exc
  File "C:\Users\Lenovo\AppData\Local\Packages\PythonSoftwareFoundation.Python.3.13_qbz5n2kfra8p0\LocalCache\local-packages\Python313\site-packages\telegram\ext\_updater.py", line 320, in polling_action_cb
    updates = await self.bot.get_updates(
              ^^^^^^^^^^^^^^^^^^^^^^^^^^^
    ...<7 lines>...
    )
    ^
  File "C:\Users\Lenovo\AppData\Local\Packages\PythonSoftwareFoundation.Python.3.13_qbz5n2kfra8p0\LocalCache\local-packages\Python313\site-packages\telegram\ext\_extbot.py", line 543, in get_updates
    updates = await super().get_updates(
              ^^^^^^^^^^^^^^^^^^^^^^^^^^
    ...<9 lines>...
    )
    ^
  File "C:\Users\Lenovo\AppData\Local\Packages\PythonSoftwareFoundation.Python.3.13_qbz5n2kfra8p0\LocalCache\local-packages\Python313\site-packages\telegram\_bot.py", line 381, in decorator
    result = await func(self, *args, **kwargs)  # skipcq: PYL-E1102
             ^^^^^^^^^^^^^^^^^^^^^^^^^^^^^^^^^
  File "C:\Users\Lenovo\AppData\Local\Packages\PythonSoftwareFoundation.Python.3.13_qbz5n2kfra8p0\LocalCache\local-packages\Python313\site-packages\telegram\_bot.py", line 3661, in get_updates
    await self._post(
    ^^^^^^^^^^^^^^^^^
    ...<7 lines>...
    ),
    ^
  File "C:\Users\Lenovo\AppData\Local\Packages\PythonSoftwareFoundation.Python.3.13_qbz5n2kfra8p0\LocalCache\local-packages\Python313\site-packages\telegram\_bot.py", line 469, in _post
    return await self._do_post(
           ^^^^^^^^^^^^^^^^^^^^
    ...<6 lines>...
    )
    ^
  File "C:\Users\Lenovo\AppData\Local\Packages\PythonSoftwareFoundation.Python.3.13_qbz5n2kfra8p0\LocalCache\local-packages\Python313\site-packages\telegram\ext\_extbot.py", line 325, in _do_post
    return await super()._do_post(
           ^^^^^^^^^^^^^^^^^^^^^^^
    ...<6 lines>...
    )
    ^
  File "C:\Users\Lenovo\AppData\Local\Packages\PythonSoftwareFoundation.Python.3.13_qbz5n2kfra8p0\LocalCache\local-packages\Python313\site-packages\telegram\_bot.py", line 497, in _do_post
    return await request.post(
           ^^^^^^^^^^^^^^^^^^^
    ...<6 lines>...
    )
    ^
  File "C:\Users\Lenovo\AppData\Local\Packages\PythonSoftwareFoundation.Python.3.13_qbz5n2kfra8p0\LocalCache\local-packages\Python313\site-packages\telegram\request\_baserequest.py", line 168, in post
    result = await self._request_wrapper(
             ^^^^^^^^^^^^^^^^^^^^^^^^^^^^
    ...<7 lines>...
    )
    ^
  File "C:\Users\Lenovo\AppData\Local\Packages\PythonSoftwareFoundation.Python.3.13_qbz5n2kfra8p0\LocalCache\local-packages\Python313\site-packages\telegram\request\_baserequest.py", line 330, in _request_wrapper
    raise Conflict(message)
telegram.error.Conflict: Conflict: terminated by other getUpdates request; make sure that only one bot instance is running
2025-09-28 00:16:39,445 - __main__ - ERROR - Update None caused error Conflict: terminated by other getUpdates request; make sure that only one bot instance is running
2025-09-28 00:17:11,237 - httpx - INFO - HTTP Request: POST https://api.telegram.org/bot7481731907:AAGA8Rmu3eC5QUyhUcl4DuaVaH08qA9O4sE/getUpdates "HTTP/1.1 200 OK"
2025-09-28 00:17:15,586 - httpx - INFO - HTTP Request: POST https://api.telegram.org/bot7481731907:AAGA8Rmu3eC5QUyhUcl4DuaVaH08qA9O4sE/getUpdates "HTTP/1.1 409 Conflict"
2025-09-28 00:17:15,587 - telegram.ext.Updater - ERROR - Error while getting Updates: Conflict: terminated by other getUpdates request; make sure that only one bot instance is running
2025-09-28 00:17:15,588 - __main__ - ERROR - Exception while handling an update:
Traceback (most recent call last):
  File "C:\Users\Lenovo\AppData\Local\Packages\PythonSoftwareFoundation.Python.3.13_qbz5n2kfra8p0\LocalCache\local-packages\Python313\site-packages\telegram\ext\_updater.py", line 607, in _network_loop_retry
    if not await action_cb():
           ^^^^^^^^^^^^^^^^^
  File "C:\Users\Lenovo\AppData\Local\Packages\PythonSoftwareFoundation.Python.3.13_qbz5n2kfra8p0\LocalCache\local-packages\Python313\site-packages\telegram\ext\_updater.py", line 335, in polling_action_cb
    raise exc
  File "C:\Users\Lenovo\AppData\Local\Packages\PythonSoftwareFoundation.Python.3.13_qbz5n2kfra8p0\LocalCache\local-packages\Python313\site-packages\telegram\ext\_updater.py", line 320, in polling_action_cb
    updates = await self.bot.get_updates(
              ^^^^^^^^^^^^^^^^^^^^^^^^^^^
    ...<7 lines>...
    )
    ^
  File "C:\Users\Lenovo\AppData\Local\Packages\PythonSoftwareFoundation.Python.3.13_qbz5n2kfra8p0\LocalCache\local-packages\Python313\site-packages\telegram\ext\_extbot.py", line 543, in get_updates
    updates = await super().get_updates(
              ^^^^^^^^^^^^^^^^^^^^^^^^^^
    ...<9 lines>...
    )
    ^
  File "C:\Users\Lenovo\AppData\Local\Packages\PythonSoftwareFoundation.Python.3.13_qbz5n2kfra8p0\LocalCache\local-packages\Python313\site-packages\telegram\_bot.py", line 381, in decorator
    result = await func(self, *args, **kwargs)  # skipcq: PYL-E1102
             ^^^^^^^^^^^^^^^^^^^^^^^^^^^^^^^^^
  File "C:\Users\Lenovo\AppData\Local\Packages\PythonSoftwareFoundation.Python.3.13_qbz5n2kfra8p0\LocalCache\local-packages\Python313\site-packages\telegram\_bot.py", line 3661, in get_updates
    await self._post(
    ^^^^^^^^^^^^^^^^^
    ...<7 lines>...
    ),
    ^
  File "C:\Users\Lenovo\AppData\Local\Packages\PythonSoftwareFoundation.Python.3.13_qbz5n2kfra8p0\LocalCache\local-packages\Python313\site-packages\telegram\_bot.py", line 469, in _post
    return await self._do_post(
           ^^^^^^^^^^^^^^^^^^^^
    ...<6 lines>...
    )
    ^
  File "C:\Users\Lenovo\AppData\Local\Packages\PythonSoftwareFoundation.Python.3.13_qbz5n2kfra8p0\LocalCache\local-packages\Python313\site-packages\telegram\ext\_extbot.py", line 325, in _do_post
    return await super()._do_post(
           ^^^^^^^^^^^^^^^^^^^^^^^
    ...<6 lines>...
    )
    ^
  File "C:\Users\Lenovo\AppData\Local\Packages\PythonSoftwareFoundation.Python.3.13_qbz5n2kfra8p0\LocalCache\local-packages\Python313\site-packages\telegram\_bot.py", line 497, in _do_post
    return await request.post(
           ^^^^^^^^^^^^^^^^^^^
    ...<6 lines>...
    )
    ^
  File "C:\Users\Lenovo\AppData\Local\Packages\PythonSoftwareFoundation.Python.3.13_qbz5n2kfra8p0\LocalCache\local-packages\Python313\site-packages\telegram\request\_baserequest.py", line 168, in post
    result = await self._request_wrapper(
             ^^^^^^^^^^^^^^^^^^^^^^^^^^^^
    ...<7 lines>...
    )
    ^
  File "C:\Users\Lenovo\AppData\Local\Packages\PythonSoftwareFoundation.Python.3.13_qbz5n2kfra8p0\LocalCache\local-packages\Python313\site-packages\telegram\request\_baserequest.py", line 330, in _request_wrapper
    raise Conflict(message)
telegram.error.Conflict: Conflict: terminated by other getUpdates request; make sure that only one bot instance is running
2025-09-28 00:17:15,593 - __main__ - ERROR - Update None caused error Conflict: terminated by other getUpdates request; make sure that only one bot instance is running
2025-09-28 00:17:29,601 - httpx - INFO - HTTP Request: POST https://api.telegram.org/bot7481731907:AAGA8Rmu3eC5QUyhUcl4DuaVaH08qA9O4sE/getUpdates "HTTP/1.1 200 OK"
2025-09-28 00:17:30,979 - httpx - INFO - HTTP Request: POST https://api.telegram.org/bot7481731907:AAGA8Rmu3eC5QUyhUcl4DuaVaH08qA9O4sE/answerCallbackQuery "HTTP/1.1 200 OK"
2025-09-28 00:17:31,491 - httpx - INFO - HTTP Request: POST https://api.telegram.org/bot7481731907:AAGA8Rmu3eC5QUyhUcl4DuaVaH08qA9O4sE/editMessageText "HTTP/1.1 400 Bad Request"
2025-09-28 00:17:31,493 - __main__ - ERROR - Error showing directory: Message is not modified: specified new message content and reply markup are exactly the same as a current content and reply markup of the message
2025-09-28 00:17:32,130 - httpx - INFO - HTTP Request: POST https://api.telegram.org/bot7481731907:AAGA8Rmu3eC5QUyhUcl4DuaVaH08qA9O4sE/editMessageText "HTTP/1.1 200 OK"
2025-09-28 00:17:34,729 - httpx - INFO - HTTP Request: POST https://api.telegram.org/bot7481731907:AAGA8Rmu3eC5QUyhUcl4DuaVaH08qA9O4sE/getUpdates "HTTP/1.1 200 OK"
2025-09-28 00:17:35,256 - httpx - INFO - HTTP Request: POST https://api.telegram.org/bot7481731907:AAGA8Rmu3eC5QUyhUcl4DuaVaH08qA9O4sE/sendMessage "HTTP/1.1 200 OK"
2025-09-28 00:17:38,523 - httpx - INFO - HTTP Request: POST https://api.telegram.org/bot7481731907:AAGA8Rmu3eC5QUyhUcl4DuaVaH08qA9O4sE/getUpdates "HTTP/1.1 200 OK"
2025-09-28 00:17:39,040 - httpx - INFO - HTTP Request: POST https://api.telegram.org/bot7481731907:AAGA8Rmu3eC5QUyhUcl4DuaVaH08qA9O4sE/answerCallbackQuery "HTTP/1.1 200 OK"
2025-09-28 00:17:39,562 - httpx - INFO - HTTP Request: POST https://api.telegram.org/bot7481731907:AAGA8Rmu3eC5QUyhUcl4DuaVaH08qA9O4sE/editMessageText "HTTP/1.1 200 OK"
2025-09-28 00:17:51,543 - httpx - INFO - HTTP Request: POST https://api.telegram.org/bot7481731907:AAGA8Rmu3eC5QUyhUcl4DuaVaH08qA9O4sE/getUpdates "HTTP/1.1 409 Conflict"
2025-09-28 00:17:51,544 - telegram.ext.Updater - ERROR - Error while getting Updates: Conflict: terminated by other getUpdates request; make sure that only one bot instance is running
2025-09-28 00:17:51,545 - __main__ - ERROR - Exception while handling an update:
Traceback (most recent call last):
  File "C:\Users\Lenovo\AppData\Local\Packages\PythonSoftwareFoundation.Python.3.13_qbz5n2kfra8p0\LocalCache\local-packages\Python313\site-packages\telegram\ext\_updater.py", line 607, in _network_loop_retry
    if not await action_cb():
           ^^^^^^^^^^^^^^^^^
  File "C:\Users\Lenovo\AppData\Local\Packages\PythonSoftwareFoundation.Python.3.13_qbz5n2kfra8p0\LocalCache\local-packages\Python313\site-packages\telegram\ext\_updater.py", line 335, in polling_action_cb
    raise exc
  File "C:\Users\Lenovo\AppData\Local\Packages\PythonSoftwareFoundation.Python.3.13_qbz5n2kfra8p0\LocalCache\local-packages\Python313\site-packages\telegram\ext\_updater.py", line 320, in polling_action_cb
    updates = await self.bot.get_updates(
              ^^^^^^^^^^^^^^^^^^^^^^^^^^^
    ...<7 lines>...
    )
    ^
  File "C:\Users\Lenovo\AppData\Local\Packages\PythonSoftwareFoundation.Python.3.13_qbz5n2kfra8p0\LocalCache\local-packages\Python313\site-packages\telegram\ext\_extbot.py", line 543, in get_updates
    updates = await super().get_updates(
              ^^^^^^^^^^^^^^^^^^^^^^^^^^
    ...<9 lines>...
    )
    ^
  File "C:\Users\Lenovo\AppData\Local\Packages\PythonSoftwareFoundation.Python.3.13_qbz5n2kfra8p0\LocalCache\local-packages\Python313\site-packages\telegram\_bot.py", line 381, in decorator
    result = await func(self, *args, **kwargs)  # skipcq: PYL-E1102
             ^^^^^^^^^^^^^^^^^^^^^^^^^^^^^^^^^
  File "C:\Users\Lenovo\AppData\Local\Packages\PythonSoftwareFoundation.Python.3.13_qbz5n2kfra8p0\LocalCache\local-packages\Python313\site-packages\telegram\_bot.py", line 3661, in get_updates
    await self._post(
    ^^^^^^^^^^^^^^^^^
    ...<7 lines>...
    ),
    ^
  File "C:\Users\Lenovo\AppData\Local\Packages\PythonSoftwareFoundation.Python.3.13_qbz5n2kfra8p0\LocalCache\local-packages\Python313\site-packages\telegram\_bot.py", line 469, in _post
    return await self._do_post(
           ^^^^^^^^^^^^^^^^^^^^
    ...<6 lines>...
    )
    ^
  File "C:\Users\Lenovo\AppData\Local\Packages\PythonSoftwareFoundation.Python.3.13_qbz5n2kfra8p0\LocalCache\local-packages\Python313\site-packages\telegram\ext\_extbot.py", line 325, in _do_post
    return await super()._do_post(
           ^^^^^^^^^^^^^^^^^^^^^^^
    ...<6 lines>...
    )
    ^
  File "C:\Users\Lenovo\AppData\Local\Packages\PythonSoftwareFoundation.Python.3.13_qbz5n2kfra8p0\LocalCache\local-packages\Python313\site-packages\telegram\_bot.py", line 497, in _do_post
    return await request.post(
           ^^^^^^^^^^^^^^^^^^^
    ...<6 lines>...
    )
    ^
  File "C:\Users\Lenovo\AppData\Local\Packages\PythonSoftwareFoundation.Python.3.13_qbz5n2kfra8p0\LocalCache\local-packages\Python313\site-packages\telegram\request\_baserequest.py", line 168, in post
    result = await self._request_wrapper(
             ^^^^^^^^^^^^^^^^^^^^^^^^^^^^
    ...<7 lines>...
    )
    ^
  File "C:\Users\Lenovo\AppData\Local\Packages\PythonSoftwareFoundation.Python.3.13_qbz5n2kfra8p0\LocalCache\local-packages\Python313\site-packages\telegram\request\_baserequest.py", line 330, in _request_wrapper
    raise Conflict(message)
telegram.error.Conflict: Conflict: terminated by other getUpdates request; make sure that only one bot instance is running
2025-09-28 00:17:51,552 - __main__ - ERROR - Update None caused error Conflict: terminated by other getUpdates request; make sure that only one bot instance is running
2025-09-28 00:18:07,074 - httpx - INFO - HTTP Request: POST https://api.telegram.org/bot7481731907:AAGA8Rmu3eC5QUyhUcl4DuaVaH08qA9O4sE/getUpdates "HTTP/1.1 200 OK"
2025-09-28 00:18:08,251 - httpx - INFO - HTTP Request: POST https://api.telegram.org/bot7481731907:AAGA8Rmu3eC5QUyhUcl4DuaVaH08qA9O4sE/answerCallbackQuery "HTTP/1.1 200 OK"
2025-09-28 00:18:08,255 - __main__ - WARNING - Total options length (171) exceeds 100 chars
2025-09-28 00:18:08,256 - __main__ - WARNING - Total options length (160) exceeds 100 chars
2025-09-28 00:18:08,257 - __main__ - INFO - Created set.json with 5 questions.
2025-09-28 00:18:08,908 - httpx - INFO - HTTP Request: POST https://api.telegram.org/bot7481731907:AAGA8Rmu3eC5QUyhUcl4DuaVaH08qA9O4sE/editMessageText "HTTP/1.1 200 OK"
2025-09-28 00:18:15,943 - httpx - INFO - HTTP Request: POST https://api.telegram.org/bot7481731907:AAGA8Rmu3eC5QUyhUcl4DuaVaH08qA9O4sE/getUpdates "HTTP/1.1 200 OK"
2025-09-28 00:18:17,304 - httpx - INFO - HTTP Request: POST https://api.telegram.org/bot7481731907:AAGA8Rmu3eC5QUyhUcl4DuaVaH08qA9O4sE/sendMessage "HTTP/1.1 200 OK"
2025-09-28 00:18:17,306 - __main__ - INFO - Quiz report sent successfully.
2025-09-28 00:18:27,476 - httpx - INFO - HTTP Request: POST https://api.telegram.org/bot7481731907:AAGA8Rmu3eC5QUyhUcl4DuaVaH08qA9O4sE/getUpdates "HTTP/1.1 409 Conflict"
2025-09-28 00:18:27,478 - telegram.ext.Updater - ERROR - Error while getting Updates: Conflict: terminated by other getUpdates request; make sure that only one bot instance is running
2025-09-28 00:18:27,478 - __main__ - ERROR - Exception while handling an update:
Traceback (most recent call last):
  File "C:\Users\Lenovo\AppData\Local\Packages\PythonSoftwareFoundation.Python.3.13_qbz5n2kfra8p0\LocalCache\local-packages\Python313\site-packages\telegram\ext\_updater.py", line 607, in _network_loop_retry
    if not await action_cb():
           ^^^^^^^^^^^^^^^^^
  File "C:\Users\Lenovo\AppData\Local\Packages\PythonSoftwareFoundation.Python.3.13_qbz5n2kfra8p0\LocalCache\local-packages\Python313\site-packages\telegram\ext\_updater.py", line 335, in polling_action_cb
    raise exc
  File "C:\Users\Lenovo\AppData\Local\Packages\PythonSoftwareFoundation.Python.3.13_qbz5n2kfra8p0\LocalCache\local-packages\Python313\site-packages\telegram\ext\_updater.py", line 320, in polling_action_cb
    updates = await self.bot.get_updates(
              ^^^^^^^^^^^^^^^^^^^^^^^^^^^
    ...<7 lines>...
    )
    ^
  File "C:\Users\Lenovo\AppData\Local\Packages\PythonSoftwareFoundation.Python.3.13_qbz5n2kfra8p0\LocalCache\local-packages\Python313\site-packages\telegram\ext\_extbot.py", line 543, in get_updates
    updates = await super().get_updates(
              ^^^^^^^^^^^^^^^^^^^^^^^^^^
    ...<9 lines>...
    )
    ^
  File "C:\Users\Lenovo\AppData\Local\Packages\PythonSoftwareFoundation.Python.3.13_qbz5n2kfra8p0\LocalCache\local-packages\Python313\site-packages\telegram\_bot.py", line 381, in decorator
    result = await func(self, *args, **kwargs)  # skipcq: PYL-E1102
             ^^^^^^^^^^^^^^^^^^^^^^^^^^^^^^^^^
  File "C:\Users\Lenovo\AppData\Local\Packages\PythonSoftwareFoundation.Python.3.13_qbz5n2kfra8p0\LocalCache\local-packages\Python313\site-packages\telegram\_bot.py", line 3661, in get_updates
    await self._post(
    ^^^^^^^^^^^^^^^^^
    ...<7 lines>...
    ),
    ^
  File "C:\Users\Lenovo\AppData\Local\Packages\PythonSoftwareFoundation.Python.3.13_qbz5n2kfra8p0\LocalCache\local-packages\Python313\site-packages\telegram\_bot.py", line 469, in _post
    return await self._do_post(
           ^^^^^^^^^^^^^^^^^^^^
    ...<6 lines>...
    )
    ^
  File "C:\Users\Lenovo\AppData\Local\Packages\PythonSoftwareFoundation.Python.3.13_qbz5n2kfra8p0\LocalCache\local-packages\Python313\site-packages\telegram\ext\_extbot.py", line 325, in _do_post
    return await super()._do_post(
           ^^^^^^^^^^^^^^^^^^^^^^^
    ...<6 lines>...
    )
    ^
  File "C:\Users\Lenovo\AppData\Local\Packages\PythonSoftwareFoundation.Python.3.13_qbz5n2kfra8p0\LocalCache\local-packages\Python313\site-packages\telegram\_bot.py", line 497, in _do_post
    return await request.post(
           ^^^^^^^^^^^^^^^^^^^
    ...<6 lines>...
    )
    ^
  File "C:\Users\Lenovo\AppData\Local\Packages\PythonSoftwareFoundation.Python.3.13_qbz5n2kfra8p0\LocalCache\local-packages\Python313\site-packages\telegram\request\_baserequest.py", line 168, in post
    result = await self._request_wrapper(
             ^^^^^^^^^^^^^^^^^^^^^^^^^^^^
    ...<7 lines>...
    )
    ^
  File "C:\Users\Lenovo\AppData\Local\Packages\PythonSoftwareFoundation.Python.3.13_qbz5n2kfra8p0\LocalCache\local-packages\Python313\site-packages\telegram\request\_baserequest.py", line 330, in _request_wrapper
    raise Conflict(message)
telegram.error.Conflict: Conflict: terminated by other getUpdates request; make sure that only one bot instance is running
2025-09-28 00:18:27,483 - __main__ - ERROR - Update None caused error Conflict: terminated by other getUpdates request; make sure that only one bot instance is running
2025-09-28 00:18:59,292 - httpx - INFO - HTTP Request: POST https://api.telegram.org/bot7481731907:AAGA8Rmu3eC5QUyhUcl4DuaVaH08qA9O4sE/getUpdates "HTTP/1.1 200 OK"
2025-09-28 00:19:03,452 - httpx - INFO - HTTP Request: POST https://api.telegram.org/bot7481731907:AAGA8Rmu3eC5QUyhUcl4DuaVaH08qA9O4sE/getUpdates "HTTP/1.1 409 Conflict"
2025-09-28 00:19:03,453 - telegram.ext.Updater - ERROR - Error while getting Updates: Conflict: terminated by other getUpdates request; make sure that only one bot instance is running
2025-09-28 00:19:03,453 - __main__ - ERROR - Exception while handling an update:
Traceback (most recent call last):
  File "C:\Users\Lenovo\AppData\Local\Packages\PythonSoftwareFoundation.Python.3.13_qbz5n2kfra8p0\LocalCache\local-packages\Python313\site-packages\telegram\ext\_updater.py", line 607, in _network_loop_retry
    if not await action_cb():
           ^^^^^^^^^^^^^^^^^
  File "C:\Users\Lenovo\AppData\Local\Packages\PythonSoftwareFoundation.Python.3.13_qbz5n2kfra8p0\LocalCache\local-packages\Python313\site-packages\telegram\ext\_updater.py", line 335, in polling_action_cb
    raise exc
  File "C:\Users\Lenovo\AppData\Local\Packages\PythonSoftwareFoundation.Python.3.13_qbz5n2kfra8p0\LocalCache\local-packages\Python313\site-packages\telegram\ext\_updater.py", line 320, in polling_action_cb
    updates = await self.bot.get_updates(
              ^^^^^^^^^^^^^^^^^^^^^^^^^^^
    ...<7 lines>...
    )
    ^
  File "C:\Users\Lenovo\AppData\Local\Packages\PythonSoftwareFoundation.Python.3.13_qbz5n2kfra8p0\LocalCache\local-packages\Python313\site-packages\telegram\ext\_extbot.py", line 543, in get_updates
    updates = await super().get_updates(
              ^^^^^^^^^^^^^^^^^^^^^^^^^^
    ...<9 lines>...
    )
    ^
  File "C:\Users\Lenovo\AppData\Local\Packages\PythonSoftwareFoundation.Python.3.13_qbz5n2kfra8p0\LocalCache\local-packages\Python313\site-packages\telegram\_bot.py", line 381, in decorator
    result = await func(self, *args, **kwargs)  # skipcq: PYL-E1102
             ^^^^^^^^^^^^^^^^^^^^^^^^^^^^^^^^^
  File "C:\Users\Lenovo\AppData\Local\Packages\PythonSoftwareFoundation.Python.3.13_qbz5n2kfra8p0\LocalCache\local-packages\Python313\site-packages\telegram\_bot.py", line 3661, in get_updates
    await self._post(
    ^^^^^^^^^^^^^^^^^
    ...<7 lines>...
    ),
    ^
  File "C:\Users\Lenovo\AppData\Local\Packages\PythonSoftwareFoundation.Python.3.13_qbz5n2kfra8p0\LocalCache\local-packages\Python313\site-packages\telegram\_bot.py", line 469, in _post
    return await self._do_post(
           ^^^^^^^^^^^^^^^^^^^^
    ...<6 lines>...
    )
    ^
  File "C:\Users\Lenovo\AppData\Local\Packages\PythonSoftwareFoundation.Python.3.13_qbz5n2kfra8p0\LocalCache\local-packages\Python313\site-packages\telegram\ext\_extbot.py", line 325, in _do_post
    return await super()._do_post(
           ^^^^^^^^^^^^^^^^^^^^^^^
    ...<6 lines>...
    )
    ^
  File "C:\Users\Lenovo\AppData\Local\Packages\PythonSoftwareFoundation.Python.3.13_qbz5n2kfra8p0\LocalCache\local-packages\Python313\site-packages\telegram\_bot.py", line 497, in _do_post
    return await request.post(
           ^^^^^^^^^^^^^^^^^^^
    ...<6 lines>...
    )
    ^
  File "C:\Users\Lenovo\AppData\Local\Packages\PythonSoftwareFoundation.Python.3.13_qbz5n2kfra8p0\LocalCache\local-packages\Python313\site-packages\telegram\request\_baserequest.py", line 168, in post
    result = await self._request_wrapper(
             ^^^^^^^^^^^^^^^^^^^^^^^^^^^^
    ...<7 lines>...
    )
    ^
  File "C:\Users\Lenovo\AppData\Local\Packages\PythonSoftwareFoundation.Python.3.13_qbz5n2kfra8p0\LocalCache\local-packages\Python313\site-packages\telegram\request\_baserequest.py", line 330, in _request_wrapper
    raise Conflict(message)
telegram.error.Conflict: Conflict: terminated by other getUpdates request; make sure that only one bot instance is running
2025-09-28 00:19:03,455 - __main__ - ERROR - Update None caused error Conflict: terminated by other getUpdates request; make sure that only one bot instance is running
2025-09-28 00:39:23,744 - telegram.ext.Application - INFO - Application is stopping. This might take a moment.
2025-09-28 00:39:23,745 - telegram.ext.Application - INFO - Application.stop() complete
